date,strategy,distributor_id,product,quotation_eur_per_litre,inventory_before_litres,purchase_litres,purchase_spend_eur,selected_cover_days,operational_required_litres,discretionary_litres,internal_signal_score,internal_signal_confidence,internal_expected_change_eur_per_litre_day,external_signal_score,external_signal_confidence,external_expected_change_eur_per_litre_day,combined_signal_score,combined_signal_confidence,combined_expected_change_eur_per_litre_day,combined_uncertainty_eur_per_litre_day,candidates_evaluated,selected_expected_cost_eur,required_only_expected_cost_eur,expected_advantage_eur,downside_cost_eur,patterns_used,external_drivers,external_themes,caveats,reason
2026-06-16,WIDGET_FULL,368318,Diesel,1.493,20300.0,0.0,0.0,9.0,0.0,0.0,0.0,0.0,0.0,-0.5774935663584335,0.5529340815856524,-0.0014429509958346657,-0.5774935663584335,0.2488203367135436,-0.0014429509958346655,0.015083047417057726,7,13035.966089061963,13035.966089061963,0.0,0.0,P07 price percentile 0.50,Crude | Currency | LOCAL_COMPETITOR_PRICING,,"Pattern confidence is detection confidence, not validated predictive probability. | Macro external and local competitor signals disagree.",Operational minimum: objective improvement is below action threshold
2026-06-16,WIDGET_FULL,368318,Verde,1.398,10000.0,0.0,0.0,8.0,0.0,0.0,0.0,0.0,0.0,-0.5812378462866914,0.6146615105510165,-0.0014072034881430183,-0.5812378462866914,0.2765976797479574,-0.0014072034881430183,0.014752641564415988,8,9192.073348104972,9192.073348104972,0.0,0.0,P07 price percentile 0.50,Crude | Currency | LOCAL_COMPETITOR_PRICING,,"Pattern confidence is detection confidence, not validated predictive probability.",Operational minimum: objective improvement is below action threshold
2026-06-16,WIDGET_FULL,368319,Diesel,1.493,9600.0,0.0,0.0,14.0,0.0,0.0,0.0,0.0,0.0,-0.5774935663584335,0.5529340815856524,-0.0014429509958346657,-0.5774935663584335,0.2488203367135436,-0.0014429509958346655,0.015083047417057726,2,0.0,0.0,0.0,0.0,P07 price percentile 0.50,Crude | Currency | LOCAL_COMPETITOR_PRICING,,"Pattern confidence is detection confidence, not validated predictive probability. | Macro external and local competitor signals disagree.",Operational minimum: objective improvement is below action threshold
2026-06-16,WIDGET_FULL,368319,Verde,1.398,8000.0,0.0,0.0,14.0,0.0,0.0,0.0,0.0,0.0,-0.5812378462866914,0.6146615105510165,-0.0014072034881430183,-0.5812378462866914,0.2765976797479574,-0.0014072034881430183,0.014752641564415988,2,0.0,0.0,0.0,0.0,P07 price percentile 0.50,Crude | Currency | LOCAL_COMPETITOR_PRICING,,"Pattern confidence is detection confidence, not validated predictive probability.",Operational minimum: objective improvement is below action threshold
2026-06-16,WIDGET_FULL,368320,Diesel,1.493,47800.0,0.0,0.0,14.0,0.0,0.0,0.0,0.0,0.0,-0.5774935663584335,0.5529340815856524,-0.0014429509958346657,-0.5774935663584335,0.2488203367135436,-0.0014429509958346655,0.015083047417057726,2,0.0,0.0,0.0,0.0,P07 price percentile 0.50,Crude | Currency | LOCAL_COMPETITOR_PRICING,,"Pattern confidence is detection confidence, not validated predictive probability. | Macro external and local competitor signals disagree.",Operational minimum: objective improvement is below action threshold
2026-06-16,WIDGET_FULL,368320,Verde,1.398,14000.0,0.0,0.0,14.0,0.0,0.0,0.0,0.0,0.0,-0.5812378462866914,0.6146615105510165,-0.0014072034881430183,-0.5812378462866914,0.2765976797479574,-0.0014072034881430183,0.014752641564415988,2,0.0,0.0,0.0,0.0,P07 price percentile 0.50,Crude | Currency | LOCAL_COMPETITOR_PRICING,,"Pattern confidence is detection confidence, not validated predictive probability.",Operational minimum: objective improvement is below action threshold
2026-06-16,WIDGET_FULL,368321,Diesel,1.493,9600.0,0.0,0.0,14.0,0.0,0.0,0.0,0.0,0.0,-0.5774935663584335,0.5529340815856524,-0.0014429509958346657,-0.5774935663584335,0.2488203367135436,-0.0014429509958346655,0.015083047417057726,2,0.0,0.0,0.0,0.0,P07 price percentile 0.50,Crude | Currency | LOCAL_COMPETITOR_PRICING,,"Pattern confidence is detection confidence, not validated predictive probability. | Macro external and local competitor signals disagree.",Operational minimum: objective improvement is below action threshold
2026-06-16,WIDGET_FULL,368321,Verde,1.398,8800.0,0.0,0.0,14.0,0.0,0.0,0.0,0.0,0.0,-0.5812378462866914,0.6146615105510165,-0.0014072034881430183,-0.5812378462866914,0.2765976797479574,-0.0014072034881430183,0.014752641564415988,2,0.0,0.0,0.0,0.0,P07 price percentile 0.50,Crude | Currency | LOCAL_COMPETITOR_PRICING,,"Pattern confidence is detection confidence, not validated predictive probability.",Operational minimum: objective improvement is below action threshold
2026-06-16,WIDGET_FULL,368322,Diesel,1.493,13600.0,0.0,0.0,14.0,0.0,0.0,0.0,0.0,0.0,-0.5774935663584335,0.5529340815856524,-0.0014429509958346657,-0.5774935663584335,0.2488203367135436,-0.0014429509958346655,0.015083047417057726,2,0.0,0.0,0.0,0.0,P07 price percentile 0.50,Crude | Currency | LOCAL_COMPETITOR_PRICING,,"Pattern confidence is detection confidence, not validated predictive probability. | Macro external and local competitor signals disagree.",Operational minimum: objective improvement is below action threshold
2026-06-16,WIDGET_FULL,368322,Verde,1.398,9600.0,0.0,0.0,14.0,0.0,0.0,0.0,0.0,0.0,-0.5812378462866914,0.6146615105510165,-0.0014072034881430183,-0.5812378462866914,0.2765976797479574,-0.0014072034881430183,0.014752641564415988,2,0.0,0.0,0.0,0.0,P07 price percentile 0.50,Crude | Currency | LOCAL_COMPETITOR_PRICING,,"Pattern confidence is detection confidence, not validated predictive probability.",Operational minimum: objective improvement is below action threshold
2026-06-17,WIDGET_FULL,368318,Diesel,1.478,18367.31371607538,0.0,0.0,8.0,0.0,0.0,0.030837004405286365,0.6000000000000001,0.0002775330396475773,-0.4764070181938551,0.7505427045879929,-0.0007528039545259565,-0.22572640849338424,0.6615768161835396,-0.00024361016536525768,0.015238292798982,8,15875.37668315321,15875.37668315321,0.0,0.0,P02 streak 1 | P07 price percentile 0.00,Crude | Currency | Geopolitics | LOCAL_COMPETITOR_PRICING,HORMUZ_RECOVERY,"Pattern confidence is detection confidence, not validated predictive probability. | Internal and external evidence disagree; discretionary volume is penalised.",Operational minimum: objective improvement is below action threshold
2026-06-17,WIDGET_FULL,368318,Verde,1.384,8925.701584498891,0.0,0.0,7.0,0.0,0.0,0.030837004405286365,0.6000000000000001,0.0002590308370044055,-0.6761695646430526,0.7906904305958895,-0.0011484245646908426,-0.33597048360506143,0.679643292887093,-0.00047118186961491777,0.014755205980768604,9,10647.245878579633,10647.245878579633,0.0,0.0,P02 streak 1 | P07 price percentile 0.00,Crude | Currency | Geopolitics | LOCAL_COMPETITOR_PRICING,HORMUZ_RECOVERY,"Pattern confidence is detection confidence, not validated predictive probability. | Internal and external evidence disagree; discretionary volume is penalised.",Operational minimum: objective improvement is below action threshold
2026-06-17,WIDGET_FULL,368319,Diesel,1.478,9174.864818561422,0.0,0.0,14.0,0.0,0.0,0.030837004405286365,0.6000000000000001,0.0002775330396475773,-0.4764070181938551,0.7505427045879929,-0.0007528039545259565,-0.22572640849338424,0.6615768161835396,-0.00024361016536525768,0.015238292798982,2,0.0,0.0,0.0,0.0,P02 streak 1 | P07 price percentile 0.00,Crude | Currency | Geopolitics | LOCAL_COMPETITOR_PRICING,HORMUZ_RECOVERY,"Pattern confidence is detection confidence, not validated predictive probability. | Internal and external evidence disagree; discretionary volume is penalised.",Operational minimum: objective improvement is below action threshold
2026-06-17,WIDGET_FULL,368319,Verde,1.384,7618.817008949127,0.0,0.0,14.0,0.0,0.0,0.030837004405286365,0.6000000000000001,0.0002590308370044055,-0.6761695646430526,0.7906904305958895,-0.0011484245646908426,-0.33597048360506143,0.679643292887093,-0.00047118186961491777,0.014755205980768604,2,0.0,0.0,0.0,0.0,P02 streak 1 | P07 price percentile 0.00,Crude | Currency | Geopolitics | LOCAL_COMPETITOR_PRICING,HORMUZ_RECOVERY,"Pattern confidence is detection confidence, not validated predictive probability. | Internal and external evidence disagree; discretionary volume is penalised.",Operational minimum: objective improvement is below action threshold
2026-06-17,WIDGET_FULL,368320,Diesel,1.478,46600.367732913845,0.0,0.0,14.0,0.0,0.0,0.030837004405286365,0.6000000000000001,0.0002775330396475773,-0.4764070181938551,0.7505427045879929,-0.0007528039545259565,-0.22572640849338424,0.6615768161835396,-0.00024361016536525768,0.015238292798982,2,0.0,0.0,0.0,0.0,P02 streak 1 | P07 price percentile 0.00,Crude | Currency | Geopolitics | LOCAL_COMPETITOR_PRICING,HORMUZ_RECOVERY,"Pattern confidence is detection confidence, not validated predictive probability. | Internal and external evidence disagree; discretionary volume is penalised.",Operational minimum: objective improvement is below action threshold
2026-06-17,WIDGET_FULL,368320,Verde,1.384,13303.352515736471,0.0,0.0,14.0,0.0,0.0,0.030837004405286365,0.6000000000000001,0.0002590308370044055,-0.6761695646430526,0.7906904305958895,-0.0011484245646908426,-0.33597048360506143,0.679643292887093,-0.00047118186961491777,0.014755205980768604,2,0.0,0.0,0.0,0.0,P02 streak 1 | P07 price percentile 0.00,Crude | Currency | Geopolitics | LOCAL_COMPETITOR_PRICING,HORMUZ_RECOVERY,"Pattern confidence is detection confidence, not validated predictive probability. | Internal and external evidence disagree; discretionary volume is penalised.",Operational minimum: objective improvement is below action threshold
2026-06-17,WIDGET_FULL,368321,Diesel,1.478,9122.40343726567,0.0,0.0,14.0,0.0,0.0,0.030837004405286365,0.6000000000000001,0.0002775330396475773,-0.4764070181938551,0.7505427045879929,-0.0007528039545259565,-0.22572640849338424,0.6615768161835396,-0.00024361016536525768,0.015238292798982,2,0.0,0.0,0.0,0.0,P02 streak 1 | P07 price percentile 0.00,Crude | Currency | Geopolitics | LOCAL_COMPETITOR_PRICING,HORMUZ_RECOVERY,"Pattern confidence is detection confidence, not validated predictive probability. | Internal and external evidence disagree; discretionary volume is penalised.",Operational minimum: objective improvement is below action threshold
2026-06-17,WIDGET_FULL,368321,Verde,1.384,8449.012241432312,0.0,0.0,14.0,0.0,0.0,0.030837004405286365,0.6000000000000001,0.0002590308370044055,-0.6761695646430526,0.7906904305958895,-0.0011484245646908426,-0.33597048360506143,0.679643292887093,-0.00047118186961491777,0.014755205980768604,2,0.0,0.0,0.0,0.0,P02 streak 1 | P07 price percentile 0.00,Crude | Currency | Geopolitics | LOCAL_COMPETITOR_PRICING,HORMUZ_RECOVERY,"Pattern confidence is detection confidence, not validated predictive probability. | Internal and external evidence disagree; discretionary volume is penalised.",Operational minimum: objective improvement is below action threshold
2026-06-17,WIDGET_FULL,368322,Diesel,1.478,13039.09709799414,0.0,0.0,14.0,0.0,0.0,0.030837004405286365,0.6000000000000001,0.0002775330396475773,-0.4764070181938551,0.7505427045879929,-0.0007528039545259565,-0.22572640849338424,0.6615768161835396,-0.00024361016536525768,0.015238292798982,2,0.0,0.0,0.0,0.0,P02 streak 1 | P07 price percentile 0.00,Crude | Currency | Geopolitics | LOCAL_COMPETITOR_PRICING,HORMUZ_RECOVERY,"Pattern confidence is detection confidence, not validated predictive probability. | Internal and external evidence disagree; discretionary volume is penalised.",Operational minimum: objective improvement is below action threshold
2026-06-17,WIDGET_FULL,368322,Verde,1.384,9181.901023431423,0.0,0.0,14.0,0.0,0.0,0.030837004405286365,0.6000000000000001,0.0002590308370044055,-0.6761695646430526,0.7906904305958895,-0.0011484245646908426,-0.33597048360506143,0.679643292887093,-0.00047118186961491777,0.014755205980768604,2,0.0,0.0,0.0,0.0,P02 streak 1 | P07 price percentile 0.00,Crude | Currency | Geopolitics | LOCAL_COMPETITOR_PRICING,HORMUZ_RECOVERY,"Pattern confidence is detection confidence, not validated predictive probability. | Internal and external evidence disagree; discretionary volume is penalised.",Operational minimum: objective improvement is below action threshold
2026-06-18,WIDGET_FULL,368318,Diesel,1.465,16310.23739238428,0.0,0.0,7.0,0.0,0.0,-0.3623978201634877,0.6333333333333333,-0.003213260672116257,-0.7144096523777111,0.7264107921798583,-0.0011401852058925206,-0.5328128637578984,0.7114579718306183,-0.002209648822682673,0.01558241359447109,9,18493.909815677092,18493.909815677092,0.0,0.0,P01 falling | P02 streak 2 | P07 price percentile 0.00,Crude | Currency | Geopolitics | LOCAL_COMPETITOR_PRICING,HORMUZ_RECOVERY,"Pattern confidence is detection confidence, not validated predictive probability.",Operational minimum: objective improvement is below action threshold
2026-06-18,WIDGET_FULL,368318,Verde,1.375,7781.284998683539,0.0,0.0,6.0,0.0,0.0,-0.3623978201634877,0.6333333333333333,-0.002639464123524069,-0.7495222046181642,0.7704423148344242,-0.0012036695839020026,-0.555504872332024,0.731272157025173,-0.0019232549096388119,0.015514285856069574,10,12030.873493266601,12030.873493266601,0.0,0.0,P01 falling | P02 streak 2 | P07 price percentile 0.00,Crude | Currency | Geopolitics | LOCAL_COMPETITOR_PRICING,HORMUZ_RECOVERY,"Pattern confidence is detection confidence, not validated predictive probability.",Operational minimum: objective improvement is below action threshold
2026-06-18,WIDGET_FULL,368319,Diesel,1.465,8777.3799233173,0.0,0.0,14.0,0.0,0.0,-0.3623978201634877,0.6333333333333333,-0.003213260672116257,-0.7144096523777111,0.7264107921798583,-0.0011401852058925206,-0.5328128637578984,0.7114579718306183,-0.002209648822682673,0.01558241359447109,2,0.0,0.0,0.0,0.0,P01 falling | P02 streak 2 | P07 price percentile 0.00,Crude | Currency | Geopolitics | LOCAL_COMPETITOR_PRICING,HORMUZ_RECOVERY,"Pattern confidence is detection confidence, not validated predictive probability.",Operational minimum: objective improvement is below action threshold
2026-06-18,WIDGET_FULL,368319,Verde,1.375,7178.680588456058,0.0,0.0,14.0,0.0,0.0,-0.3623978201634877,0.6333333333333333,-0.002639464123524069,-0.7495222046181642,0.7704423148344242,-0.0012036695839020026,-0.555504872332024,0.731272157025173,-0.0019232549096388119,0.015514285856069574,2,0.0,0.0,0.0,0.0,P01 falling | P02 streak 2 | P07 price percentile 0.00,Crude | Currency | Geopolitics | LOCAL_COMPETITOR_PRICING,HORMUZ_RECOVERY,"Pattern confidence is detection confidence, not validated predictive probability.",Operational minimum: objective improvement is below action threshold
2026-06-18,WIDGET_FULL,368320,Diesel,1.465,45373.72462646737,0.0,0.0,14.0,0.0,0.0,-0.3623978201634877,0.6333333333333333,-0.003213260672116257,-0.7144096523777111,0.7264107921798583,-0.0011401852058925206,-0.5328128637578984,0.7114579718306183,-0.002209648822682673,0.01558241359447109,2,0.0,0.0,0.0,0.0,P01 falling | P02 streak 2 | P07 price percentile 0.00,Crude | Currency | Geopolitics | LOCAL_COMPETITOR_PRICING,HORMUZ_RECOVERY,"Pattern confidence is detection confidence, not validated predictive probability.",Operational minimum: objective improvement is below action threshold
2026-06-18,WIDGET_FULL,368320,Verde,1.375,12483.404094125459,0.0,0.0,14.0,0.0,0.0,-0.3623978201634877,0.6333333333333333,-0.002639464123524069,-0.7495222046181642,0.7704423148344242,-0.0012036695839020026,-0.555504872332024,0.731272157025173,-0.0019232549096388119,0.015514285856069574,2,0.0,0.0,0.0,0.0,P01 falling | P02 streak 2 | P07 price percentile 0.00,Crude | Currency | Geopolitics | LOCAL_COMPETITOR_PRICING,HORMUZ_RECOVERY,"Pattern confidence is detection confidence, not validated predictive probability.",Operational minimum: objective improvement is below action threshold
2026-06-18,WIDGET_FULL,368321,Diesel,1.465,8644.460993413799,0.0,0.0,14.0,0.0,0.0,-0.3623978201634877,0.6333333333333333,-0.003213260672116257,-0.7144096523777111,0.7264107921798583,-0.0011401852058925206,-0.5328128637578984,0.7114579718306183,-0.002209648822682673,0.01558241359447109,2,0.0,0.0,0.0,0.0,P01 falling | P02 streak 2 | P07 price percentile 0.00,Crude | Currency | Geopolitics | LOCAL_COMPETITOR_PRICING,HORMUZ_RECOVERY,"Pattern confidence is detection confidence, not validated predictive probability.",Operational minimum: objective improvement is below action threshold
2026-06-18,WIDGET_FULL,368321,Verde,1.375,8091.2532952336915,0.0,0.0,14.0,0.0,0.0,-0.3623978201634877,0.6333333333333333,-0.002639464123524069,-0.7495222046181642,0.7704423148344242,-0.0012036695839020026,-0.555504872332024,0.731272157025173,-0.0019232549096388119,0.015514285856069574,2,0.0,0.0,0.0,0.0,P01 falling | P02 streak 2 | P07 price percentile 0.00,Crude | Currency | Geopolitics | LOCAL_COMPETITOR_PRICING,HORMUZ_RECOVERY,"Pattern confidence is detection confidence, not validated predictive probability.",Operational minimum: objective improvement is below action threshold
2026-06-18,WIDGET_FULL,368322,Diesel,1.465,12483.480695578608,0.0,0.0,14.0,0.0,0.0,-0.3623978201634877,0.6333333333333333,-0.003213260672116257,-0.7144096523777111,0.7264107921798583,-0.0011401852058925206,-0.5328128637578984,0.7114579718306183,-0.002209648822682673,0.01558241359447109,2,0.0,0.0,0.0,0.0,P01 falling | P02 streak 2 | P07 price percentile 0.00,Crude | Currency | Geopolitics | LOCAL_COMPETITOR_PRICING,HORMUZ_RECOVERY,"Pattern confidence is detection confidence, not validated predictive probability.",Operational minimum: objective improvement is below action threshold
2026-06-18,WIDGET_FULL,368322,Verde,1.375,8678.505715674524,0.0,0.0,14.0,0.0,0.0,-0.3623978201634877,0.6333333333333333,-0.002639464123524069,-0.7495222046181642,0.7704423148344242,-0.0012036695839020026,-0.555504872332024,0.731272157025173,-0.0019232549096388119,0.015514285856069574,2,0.0,0.0,0.0,0.0,P01 falling | P02 streak 2 | P07 price percentile 0.00,Crude | Currency | Geopolitics | LOCAL_COMPETITOR_PRICING,HORMUZ_RECOVERY,"Pattern confidence is detection confidence, not validated predictive probability.",Operational minimum: objective improvement is below action threshold
2026-06-19,WIDGET_FULL,368318,Diesel,1.445,13955.950256598173,0.0,0.0,6.0,0.0,0.0,-0.39534883720930225,0.6666666666666666,-0.003953488372093022,-0.9675237037305617,0.6999444152874839,-0.001241371628788697,-0.6597410880902361,0.7211765372669647,-0.0027002654635550506,0.016181390546512405,10,21467.381771382326,21467.381771382326,0.0,3142.2774760626307,P01 falling | P02 streak 3 | P07 price percentile 0.00,Crude | Currency | Geopolitics | LOCAL_COMPETITOR_PRICING,HORMUZ_RECOVERY,"Pattern confidence is detection confidence, not validated predictive probability.",Operational minimum: objective improvement is below action threshold
2026-06-19,WIDGET_FULL,368318,Verde,1.36,6473.346646072674,0.0,0.0,5.0,0.0,0.0,-0.39534883720930225,0.6666666666666666,-0.003689922480620154,-0.9564544606950087,0.7482354439474437,-0.0012157992964240607,-0.6639512784530632,0.7429075001639465,-0.002505554512456694,0.016495419340172807,11,13679.501909520663,13679.501909520663,0.0,2051.4162842123897,P01 falling | P02 streak 3 | P07 price percentile 0.00,Crude | Currency | Geopolitics | LOCAL_COMPETITOR_PRICING,HORMUZ_RECOVERY,"Pattern confidence is detection confidence, not validated predictive probability.",Operational minimum: objective improvement is below action threshold
2026-06-19,WIDGET_FULL,368319,Diesel,1.445,8383.393330495626,0.0,0.0,14.0,0.0,0.0,-0.39534883720930225,0.6666666666666666,-0.003953488372093022,-0.9675237037305617,0.6999444152874839,-0.001241371628788697,-0.6597410880902361,0.7211765372669647,-0.0027002654635550506,0.016181390546512405,2,0.0,0.0,0.0,0.0,P01 falling | P02 streak 3 | P07 price percentile 0.00,Crude | Currency | Geopolitics | LOCAL_COMPETITOR_PRICING,HORMUZ_RECOVERY,"Pattern confidence is detection confidence, not validated predictive probability.",Operational minimum: objective improvement is below action threshold
2026-06-19,WIDGET_FULL,368319,Verde,1.36,6695.27442419071,0.0,0.0,14.0,0.0,0.0,-0.39534883720930225,0.6666666666666666,-0.003689922480620154,-0.9564544606950087,0.7482354439474437,-0.0012157992964240607,-0.6639512784530632,0.7429075001639465,-0.002505554512456694,0.016495419340172807,2,0.0,0.0,0.0,0.0,P01 falling | P02 streak 3 | P07 price percentile 0.00,Crude | Currency | Geopolitics | LOCAL_COMPETITOR_PRICING,HORMUZ_RECOVERY,"Pattern confidence is detection confidence, not validated predictive probability.",Operational minimum: objective improvement is below action threshold
2026-06-19,WIDGET_FULL,368320,Diesel,1.445,44034.97163767555,0.0,0.0,14.0,0.0,0.0,-0.39534883720930225,0.6666666666666666,-0.003953488372093022,-0.9675237037305617,0.6999444152874839,-0.001241371628788697,-0.6597410880902361,0.7211765372669647,-0.0027002654635550506,0.016181390546512405,2,0.0,0.0,0.0,0.0,P01 falling | P02 streak 3 | P07 price percentile 0.00,Crude | Currency | Geopolitics | LOCAL_COMPETITOR_PRICING,HORMUZ_RECOVERY,"Pattern confidence is detection confidence, not validated predictive probability.",Operational minimum: objective improvement is below action threshold
2026-06-19,WIDGET_FULL,368320,Verde,1.36,11609.512999233086,0.0,0.0,14.0,0.0,0.0,-0.39534883720930225,0.6666666666666666,-0.003689922480620154,-0.9564544606950087,0.7482354439474437,-0.0012157992964240607,-0.6639512784530632,0.7429075001639465,-0.002505554512456694,0.016495419340172807,2,0.0,0.0,0.0,0.0,P01 falling | P02 streak 3 | P07 price percentile 0.00,Crude | Currency | Geopolitics | LOCAL_COMPETITOR_PRICING,HORMUZ_RECOVERY,"Pattern confidence is detection confidence, not validated predictive probability.",Operational minimum: objective improvement is below action threshold
2026-06-19,WIDGET_FULL,368321,Diesel,1.445,8104.4129593838925,0.0,0.0,14.0,0.0,0.0,-0.39534883720930225,0.6666666666666666,-0.003953488372093022,-0.9675237037305617,0.6999444152874839,-0.001241371628788697,-0.6597410880902361,0.7211765372669647,-0.0027002654635550506,0.016181390546512405,2,0.0,0.0,0.0,0.0,P01 falling | P02 streak 3 | P07 price percentile 0.00,Crude | Currency | Geopolitics | LOCAL_COMPETITOR_PRICING,HORMUZ_RECOVERY,"Pattern confidence is detection confidence, not validated predictive probability.",Operational minimum: objective improvement is below action threshold
2026-06-19,WIDGET_FULL,368321,Verde,1.36,7705.76924153959,0.0,0.0,14.0,0.0,0.0,-0.39534883720930225,0.6666666666666666,-0.003689922480620154,-0.9564544606950087,0.7482354439474437,-0.0012157992964240607,-0.6639512784530632,0.7429075001639465,-0.002505554512456694,0.016495419340172807,2,0.0,0.0,0.0,0.0,P01 falling | P02 streak 3 | P07 price percentile 0.00,Crude | Currency | Geopolitics | LOCAL_COMPETITOR_PRICING,HORMUZ_RECOVERY,"Pattern confidence is detection confidence, not validated predictive probability.",Operational minimum: objective improvement is below action threshold
2026-06-19,WIDGET_FULL,368322,Diesel,1.445,11855.691936031775,0.0,0.0,14.0,0.0,0.0,-0.39534883720930225,0.6666666666666666,-0.003953488372093022,-0.9675237037305617,0.6999444152874839,-0.001241371628788697,-0.6597410880902361,0.7211765372669647,-0.0027002654635550506,0.016181390546512405,2,0.0,0.0,0.0,0.0,P01 falling | P02 streak 3 | P07 price percentile 0.00,Crude | Currency | Geopolitics | LOCAL_COMPETITOR_PRICING,HORMUZ_RECOVERY,"Pattern confidence is detection confidence, not validated predictive probability.",Operational minimum: objective improvement is below action threshold
2026-06-19,WIDGET_FULL,368322,Verde,1.36,8196.907168766365,0.0,0.0,14.0,0.0,0.0,-0.39534883720930225,0.6666666666666666,-0.003689922480620154,-0.9564544606950087,0.7482354439474437,-0.0012157992964240607,-0.6639512784530632,0.7429075001639465,-0.002505554512456694,0.016495419340172807,2,0.0,0.0,0.0,0.0,P01 falling | P02 streak 3 | P07 price percentile 0.00,Crude | Currency | Geopolitics | LOCAL_COMPETITOR_PRICING,HORMUZ_RECOVERY,"Pattern confidence is detection confidence, not validated predictive probability.",Operational minimum: objective improvement is below action threshold
2026-06-20,WIDGET_FULL,368318,Diesel,1.415,11707.840075092876,0.0,0.0,5.0,0.0,0.0,-0.3673036093418258,0.7000000000000001,-0.004499469214437367,-0.6769141690865488,0.7329493435681771,-0.0007025341140809873,-0.5101604910875801,0.7515575655398624,-0.002747531848104821,0.016499198465252368,11,24095.849244318833,24095.849244318833,0.0,3798.949811276765,P01 falling | P02 streak 4 | P04 multi-day quotation | P07 price percentile 0.00,Crude | Currency | Geopolitics | LOCAL_COMPETITOR_PRICING | Supply and demand,HORMUZ_RECOVERY,"Pattern confidence is detection confidence, not validated predictive probability.",Operational minimum: objective improvement is below action threshold
2026-06-20,WIDGET_FULL,368318,Verde,1.353,5148.137675644144,0.0,0.0,4.0,0.0,0.0,-0.3673036093418258,0.7000000000000001,-0.0029567940552016982,-0.7000069714803271,0.7759285499567736,-0.0007663120160282944,-0.5255362494745983,0.7708982084147308,-0.001915007900730743,0.017205598159107504,12,15395.37681211238,15395.37681211238,0.0,2242.7072315725345,P01 falling | P02 streak 4 | P04 multi-day quotation | P07 price percentile 0.00,Crude | Currency | Geopolitics | LOCAL_COMPETITOR_PRICING | Supply and demand,HORMUZ_RECOVERY,"Pattern confidence is detection confidence, not validated predictive probability.",Operational minimum: objective improvement is below action threshold
2026-06-20,WIDGET_FULL,368319,Diesel,1.415,7955.332531697828,0.0,0.0,14.0,0.0,0.0,-0.3673036093418258,0.7000000000000001,-0.004499469214437367,-0.6769141690865488,0.7329493435681771,-0.0007025341140809873,-0.5101604910875801,0.7515575655398624,-0.002747531848104821,0.016499198465252368,2,0.0,0.0,0.0,0.0,P01 falling | P02 streak 4 | P04 multi-day quotation | P07 price percentile 0.00,Crude | Currency | Geopolitics | LOCAL_COMPETITOR_PRICING | Supply and demand,HORMUZ_RECOVERY,"Pattern confidence is detection confidence, not validated predictive probability.",Operational minimum: objective improvement is below action threshold
2026-06-20,WIDGET_FULL,368319,Verde,1.353,6056.867549259561,0.0,0.0,13.0,0.0,0.0,-0.3673036093418258,0.7000000000000001,-0.0029567940552016982,-0.7000069714803271,0.7759285499567736,-0.0007663120160282944,-0.5255362494745983,0.7708982084147308,-0.001915007900730743,0.017205598159107504,3,672.152774464164,672.152774464164,0.0,170.06280339258183,P01 falling | P02 streak 4 | P04 multi-day quotation | P07 price percentile 0.00,Crude | Currency | Geopolitics | LOCAL_COMPETITOR_PRICING | Supply and demand,HORMUZ_RECOVERY,"Pattern confidence is detection confidence, not validated predictive probability.",Operational minimum: objective improvement is below action threshold
2026-06-20,WIDGET_FULL,368320,Diesel,1.415,42480.76150404869,0.0,0.0,14.0,0.0,0.0,-0.3673036093418258,0.7000000000000001,-0.004499469214437367,-0.6769141690865488,0.7329493435681771,-0.0007025341140809873,-0.5101604910875801,0.7515575655398624,-0.002747531848104821,0.016499198465252368,2,0.0,0.0,0.0,0.0,P01 falling | P02 streak 4 | P04 multi-day quotation | P07 price percentile 0.00,Crude | Currency | Geopolitics | LOCAL_COMPETITOR_PRICING | Supply and demand,HORMUZ_RECOVERY,"Pattern confidence is detection confidence, not validated predictive probability.",Operational minimum: objective improvement is below action threshold
2026-06-20,WIDGET_FULL,368320,Verde,1.353,10652.479955580331,0.0,0.0,13.0,0.0,0.0,-0.3673036093418258,0.7000000000000001,-0.0029567940552016982,-0.7000069714803271,0.7759285499567736,-0.0007663120160282944,-0.5255362494745983,0.7708982084147308,-0.001915007900730743,0.017205598159107504,3,494.290597024821,494.290597024821,0.0,128.83629132231835,P01 falling | P02 streak 4 | P04 multi-day quotation | P07 price percentile 0.00,Crude | Currency | Geopolitics | LOCAL_COMPETITOR_PRICING | Supply and demand,HORMUZ_RECOVERY,"Pattern confidence is detection confidence, not validated predictive probability.",Operational minimum: objective improvement is below action threshold
2026-06-20,WIDGET_FULL,368321,Diesel,1.415,7536.759696539012,0.0,0.0,14.0,0.0,0.0,-0.3673036093418258,0.7000000000000001,-0.004499469214437367,-0.6769141690865488,0.7329493435681771,-0.0007025341140809873,-0.5101604910875801,0.7515575655398624,-0.002747531848104821,0.016499198465252368,2,0.0,0.0,0.0,0.0,P01 falling | P02 streak 4 | P04 multi-day quotation | P07 price percentile 0.00,Crude | Currency | Geopolitics | LOCAL_COMPETITOR_PRICING | Supply and demand,HORMUZ_RECOVERY,"Pattern confidence is detection confidence, not validated predictive probability.",Operational minimum: objective improvement is below action threshold
2026-06-20,WIDGET_FULL,368321,Verde,1.353,7298.27751028308,0.0,0.0,14.0,0.0,0.0,-0.3673036093418258,0.7000000000000001,-0.0029567940552016982,-0.7000069714803271,0.7759285499567736,-0.0007663120160282944,-0.5255362494745983,0.7708982084147308,-0.001915007900730743,0.017205598159107504,2,0.0,0.0,0.0,0.0,P01 falling | P02 streak 4 | P04 multi-day quotation | P07 price percentile 0.00,Crude | Currency | Geopolitics | LOCAL_COMPETITOR_PRICING | Supply and demand,HORMUZ_RECOVERY,"Pattern confidence is detection confidence, not validated predictive probability.",Operational minimum: objective improvement is below action threshold
2026-06-20,WIDGET_FULL,368322,Diesel,1.415,11208.404931964455,0.0,0.0,14.0,0.0,0.0,-0.3673036093418258,0.7000000000000001,-0.004499469214437367,-0.6769141690865488,0.7329493435681771,-0.0007025341140809873,-0.5101604910875801,0.7515575655398624,-0.002747531848104821,0.016499198465252368,2,0.0,0.0,0.0,0.0,P01 falling | P02 streak 4 | P04 multi-day quotation | P07 price percentile 0.00,Crude | Currency | Geopolitics | LOCAL_COMPETITOR_PRICING | Supply and demand,HORMUZ_RECOVERY,"Pattern confidence is detection confidence, not validated predictive probability.",Operational minimum: objective improvement is below action threshold
2026-06-20,WIDGET_FULL,368322,Verde,1.353,7719.355875446529,0.0,0.0,14.0,0.0,0.0,-0.3673036093418258,0.7000000000000001,-0.0029567940552016982,-0.7000069714803271,0.7759285499567736,-0.0007663120160282944,-0.5255362494745983,0.7708982084147308,-0.001915007900730743,0.017205598159107504,2,0.0,0.0,0.0,0.0,P01 falling | P02 streak 4 | P04 multi-day quotation | P07 price percentile 0.00,Crude | Currency | Geopolitics | LOCAL_COMPETITOR_PRICING | Supply and demand,HORMUZ_RECOVERY,"Pattern confidence is detection confidence, not validated predictive probability.",Operational minimum: objective improvement is below action threshold
2026-06-23,WIDGET_FULL,368318,Diesel,1.425,5736.349106355129,23390.952681,33332.107570424996,14.0,0.0,23390.952681,0.22190201729106634,0.6,0.001997118155619597,-0.7269447090296599,0.5642164291695971,-0.001235069273404255,-0.1906871004636626,0.5395169896681055,0.0005916589568194432,0.016361543841210833,14,33332.107570424996,33405.93917265781,73.83160223281448,0.0,P01 falling | P02 streak 1 | P07 price percentile 0.13,Crude | Currency | LOCAL_COMPETITOR_PRICING,,"Pattern confidence is detection confidence, not validated predictive probability. | Internal and external evidence disagree; discretionary volume is penalised.",Combined internal/external robust objective supports advance purchase
2026-06-23,WIDGET_FULL,368318,Verde,1.358,1677.7507096353363,14966.747871,20324.843608818002,14.0,0.0,14966.747871,0.8854625550660765,0.6000000000000001,0.004781497797356813,-0.6650675780497182,0.6146615105510165,-0.0011093636801472431,0.17844857938236153,0.47358416413801385,0.002095370450032859,0.015306304409574851,15,20324.843608948082,20486.382629035063,161.5390200869806,3.7598510971292853e-08,P02 streak 1 | P07 price percentile 0.11,Crude | Currency | LOCAL_COMPETITOR_PRICING,,"Pattern confidence is detection confidence, not validated predictive probability. | Internal and external evidence disagree; discretionary volume is penalised.",Combined internal/external robust objective supports advance purchase
2026-06-23,WIDGET_FULL,368319,Diesel,1.425,6903.936556659463,0.0,0.0,14.0,0.0,0.0,0.22190201729106634,0.6,0.001997118155619597,-0.7269447090296599,0.5642164291695971,-0.001235069273404255,-0.1906871004636626,0.5395169896681055,0.0005916589568194432,0.016361543841210833,2,0.0,0.0,0.0,0.0,P01 falling | P02 streak 1 | P07 price percentile 0.13,Crude | Currency | LOCAL_COMPETITOR_PRICING,,"Pattern confidence is detection confidence, not validated predictive probability. | Internal and external evidence disagree; discretionary volume is penalised.",Operational minimum: objective improvement is below action threshold
2026-06-23,WIDGET_FULL,368319,Verde,1.358,4718.711549724176,1843.865351,2503.969146658,14.0,0.0,1843.865351,0.8854625550660765,0.6000000000000001,0.004781497797356813,-0.6650675780497182,0.6146615105510165,-0.0011093636801472431,0.17844857938236153,0.47358416413801385,0.002095370450032859,0.015306304409574851,6,2503.969146658,2543.1169548137523,39.147808155752045,0.0,P02 streak 1 | P07 price percentile 0.11,Crude | Currency | LOCAL_COMPETITOR_PRICING,,"Pattern confidence is detection confidence, not validated predictive probability. | Internal and external evidence disagree; discretionary volume is penalised.",Combined internal/external robust objective supports advance purchase
2026-06-23,WIDGET_FULL,368320,Diesel,1.425,38660.48476897283,0.0,0.0,14.0,0.0,0.0,0.22190201729106634,0.6,0.001997118155619597,-0.7269447090296599,0.5642164291695971,-0.001235069273404255,-0.1906871004636626,0.5395169896681055,0.0005916589568194432,0.016361543841210833,2,0.0,0.0,0.0,0.0,P01 falling | P02 streak 1 | P07 price percentile 0.13,Crude | Currency | LOCAL_COMPETITOR_PRICING,,"Pattern confidence is detection confidence, not validated predictive probability. | Internal and external evidence disagree; discretionary volume is penalised.",Operational minimum: objective improvement is below action threshold
2026-06-23,WIDGET_FULL,368320,Verde,1.358,8487.715641576287,2536.853075,3445.04647585,14.0,0.0,2536.853075,0.8854625550660765,0.6000000000000001,0.004781497797356813,-0.6650675780497182,0.6146615105510165,-0.0011093636801472431,0.17844857938236153,0.47358416413801385,0.002095370450032859,0.015306304409574851,6,3445.046476225247,3501.08569941512,56.039223189873155,1.0845997167052701e-07,P02 streak 1 | P07 price percentile 0.11,Crude | Currency | LOCAL_COMPETITOR_PRICING,,"Pattern confidence is detection confidence, not validated predictive probability. | Internal and external evidence disagree; discretionary volume is penalised.",Combined internal/external robust objective supports advance purchase
2026-06-23,WIDGET_FULL,368321,Diesel,1.425,6280.688351956364,0.0,0.0,13.0,0.0,0.0,0.22190201729106634,0.6,0.001997118155619597,-0.7269447090296599,0.5642164291695971,-0.001235069273404255,-0.1906871004636626,0.5395169896681055,0.0005916589568194432,0.016361543841210833,3,512.3379882127225,512.3379882127225,0.0,175.8753823568262,P01 falling | P02 streak 1 | P07 price percentile 0.13,Crude | Currency | LOCAL_COMPETITOR_PRICING,,"Pattern confidence is detection confidence, not validated predictive probability. | Internal and external evidence disagree; discretionary volume is penalised.",Operational minimum: objective improvement is below action threshold
2026-06-23,WIDGET_FULL,368321,Verde,1.358,6291.697193644826,0.0,0.0,14.0,0.0,0.0,0.8854625550660765,0.6000000000000001,0.004781497797356813,-0.6650675780497182,0.6146615105510165,-0.0011093636801472431,0.17844857938236153,0.47358416413801385,0.002095370450032859,0.015306304409574851,2,0.0,0.0,0.0,0.0,P02 streak 1 | P07 price percentile 0.11,Crude | Currency | LOCAL_COMPETITOR_PRICING,,"Pattern confidence is detection confidence, not validated predictive probability. | Internal and external evidence disagree; discretionary volume is penalised.",Operational minimum: objective improvement is below action threshold
2026-06-23,WIDGET_FULL,368322,Diesel,1.425,9578.342541728,0.0,0.0,14.0,0.0,0.0,0.22190201729106634,0.6,0.001997118155619597,-0.7269447090296599,0.5642164291695971,-0.001235069273404255,-0.1906871004636626,0.5395169896681055,0.0005916589568194432,0.016361543841210833,2,0.0,0.0,0.0,0.0,P01 falling | P02 streak 1 | P07 price percentile 0.13,Crude | Currency | LOCAL_COMPETITOR_PRICING,,"Pattern confidence is detection confidence, not validated predictive probability. | Internal and external evidence disagree; discretionary volume is penalised.",Operational minimum: objective improvement is below action threshold
2026-06-23,WIDGET_FULL,368322,Verde,1.358,6456.9751702515605,0.0,0.0,14.0,0.0,0.0,0.8854625550660765,0.6000000000000001,0.004781497797356813,-0.6650675780497182,0.6146615105510165,-0.0011093636801472431,0.17844857938236153,0.47358416413801385,0.002095370450032859,0.015306304409574851,2,0.0,0.0,0.0,0.0,P02 streak 1 | P07 price percentile 0.11,Crude | Currency | LOCAL_COMPETITOR_PRICING,,"Pattern confidence is detection confidence, not validated predictive probability. | Internal and external evidence disagree; discretionary volume is penalised.",Operational minimum: objective improvement is below action threshold
2026-06-24,WIDGET_FULL,368318,Diesel,1.432,27194.61550343051,1932.686284,2767.606758688,14.0,0.0,1932.686284,0.8610354223433253,0.6333333333333333,0.007634514078110817,-0.8144580837112638,0.7274225647287997,-0.0009756568591812503,0.04931746583001145,0.5127818707190406,0.0034631876401429143,0.01699294718020346,3,2767.606758688,2945.298988044148,177.6922293561479,0.0,P01 rising | P02 streak 2 | P07 price percentile 0.22,Crude | Currency | LOCAL_COMPETITOR_PRICING | Supply,IRAN_SUPPLY_ACCESS,"Pattern confidence is detection confidence, not validated predictive probability. | Internal and external evidence disagree; discretionary volume is penalised.",Combined internal/external robust objective supports advance purchase
2026-06-24,WIDGET_FULL,368318,Verde,1.368,15570.200165134227,1074.298416,1469.6402330880003,14.0,0.0,1074.298416,0.7874659400544938,0.6333333333333333,0.004737920072661204,-0.8168714844359845,0.7712912524299516,-0.0009729990733938282,-0.013258264269939453,0.5379212089159129,0.001887602477758507,0.016203735759777325,3,1469.6402330880003,1524.9369781706896,55.29674508268931,0.0,P01 rising | P02 streak 2 | P07 price percentile 0.33,Crude | Currency | LOCAL_COMPETITOR_PRICING | Supply,IRAN_SUPPLY_ACCESS,"Pattern confidence is detection confidence, not validated predictive probability. | Internal and external evidence disagree; discretionary volume is penalised.",Combined internal/external robust objective supports advance purchase
2026-06-24,WIDGET_FULL,368319,Diesel,1.432,6478.801375220884,0.0,0.0,14.0,0.0,0.0,0.8610354223433253,0.6333333333333333,0.007634514078110817,-0.8144580837112638,0.7274225647287997,-0.0009756568591812503,0.04931746583001145,0.5127818707190406,0.0034631876401429143,0.01699294718020346,2,0.0,0.0,0.0,0.0,P01 rising | P02 streak 2 | P07 price percentile 0.22,Crude | Currency | LOCAL_COMPETITOR_PRICING | Supply,IRAN_SUPPLY_ACCESS,"Pattern confidence is detection confidence, not validated predictive probability. | Internal and external evidence disagree; discretionary volume is penalised.",Operational minimum: objective improvement is below action threshold
2026-06-24,WIDGET_FULL,368319,Verde,1.368,6181.393909673303,381.182991,521.458331688,14.0,0.0,381.182991,0.7874659400544938,0.6333333333333333,0.004737920072661204,-0.8168714844359845,0.7712912524299516,-0.0009729990733938282,-0.013258264269939453,0.5379212089159129,0.001887602477758507,0.016203735759777325,3,521.458331688,541.1647307505474,19.706399062547348,0.0,P01 rising | P02 streak 2 | P07 price percentile 0.33,Crude | Currency | LOCAL_COMPETITOR_PRICING | Supply,IRAN_SUPPLY_ACCESS,"Pattern confidence is detection confidence, not validated predictive probability. | Internal and external evidence disagree; discretionary volume is penalised.",Combined internal/external robust objective supports advance purchase
2026-06-24,WIDGET_FULL,368320,Diesel,1.432,37460.85250188668,0.0,0.0,14.0,0.0,0.0,0.8610354223433253,0.6333333333333333,0.007634514078110817,-0.8144580837112638,0.7274225647287997,-0.0009756568591812503,0.04931746583001145,0.5127818707190406,0.0034631876401429143,0.01699294718020346,2,0.0,0.0,0.0,0.0,P01 rising | P02 streak 2 | P07 price percentile 0.22,Crude | Currency | LOCAL_COMPETITOR_PRICING | Supply,IRAN_SUPPLY_ACCESS,"Pattern confidence is detection confidence, not validated predictive probability. | Internal and external evidence disagree; discretionary volume is penalised.",Operational minimum: objective improvement is below action threshold
2026-06-24,WIDGET_FULL,368320,Verde,1.368,10327.921232312758,696.647485,953.01375948,14.0,0.0,696.647485,0.7874659400544938,0.6333333333333333,0.004737920072661204,-0.8168714844359845,0.7712912524299516,-0.0009729990733938282,-0.013258264269939453,0.5379212089159129,0.001887602477758507,0.016203735759777325,3,953.01375948,988.9048186214382,35.89105914143818,0.0,P01 rising | P02 streak 2 | P07 price percentile 0.33,Crude | Currency | LOCAL_COMPETITOR_PRICING | Supply,IRAN_SUPPLY_ACCESS,"Pattern confidence is detection confidence, not validated predictive probability. | Internal and external evidence disagree; discretionary volume is penalised.",Combined internal/external robust objective supports advance purchase
2026-06-24,WIDGET_FULL,368321,Diesel,1.432,5803.091789222034,835.531507,1196.481118024,14.0,0.0,835.531507,0.8610354223433253,0.6333333333333333,0.007634514078110817,-0.8144580837112638,0.7274225647287997,-0.0009756568591812503,0.04931746583001145,0.5127818707190406,0.0034631876401429143,0.01699294718020346,4,1196.481118024,1270.1951268612015,73.71400883720162,0.0,P01 rising | P02 streak 2 | P07 price percentile 0.22,Crude | Currency | LOCAL_COMPETITOR_PRICING | Supply,IRAN_SUPPLY_ACCESS,"Pattern confidence is detection confidence, not validated predictive probability. | Internal and external evidence disagree; discretionary volume is penalised.",Combined internal/external robust objective supports advance purchase
2026-06-24,WIDGET_FULL,368321,Verde,1.368,5940.709435077139,0.0,0.0,14.0,0.0,0.0,0.7874659400544938,0.6333333333333333,0.004737920072661204,-0.8168714844359845,0.7712912524299516,-0.0009729990733938282,-0.013258264269939453,0.5379212089159129,0.001887602477758507,0.016203735759777325,2,0.0,0.0,0.0,0.0,P01 rising | P02 streak 2 | P07 price percentile 0.33,Crude | Currency | LOCAL_COMPETITOR_PRICING | Supply,IRAN_SUPPLY_ACCESS,"Pattern confidence is detection confidence, not validated predictive probability. | Internal and external evidence disagree; discretionary volume is penalised.",Operational minimum: objective improvement is below action threshold
2026-06-24,WIDGET_FULL,368322,Diesel,1.432,9017.439639722139,0.0,0.0,14.0,0.0,0.0,0.8610354223433253,0.6333333333333333,0.007634514078110817,-0.8144580837112638,0.7274225647287997,-0.0009756568591812503,0.04931746583001145,0.5127818707190406,0.0034631876401429143,0.01699294718020346,2,0.0,0.0,0.0,0.0,P01 rising | P02 streak 2 | P07 price percentile 0.22,Crude | Currency | LOCAL_COMPETITOR_PRICING | Supply,IRAN_SUPPLY_ACCESS,"Pattern confidence is detection confidence, not validated predictive probability. | Internal and external evidence disagree; discretionary volume is penalised.",Operational minimum: objective improvement is below action threshold
2026-06-24,WIDGET_FULL,368322,Verde,1.368,6038.876193682982,247.173466,338.13330148800003,14.0,0.0,247.173466,0.7874659400544938,0.6333333333333333,0.004737920072661204,-0.8168714844359845,0.7712912524299516,-0.0009729990733938282,-0.013258264269939453,0.5379212089159129,0.001887602477758507,0.016203735759777325,3,338.13330148800003,351.0736382448412,12.940336756841191,0.0,P01 rising | P02 streak 2 | P07 price percentile 0.33,Crude | Currency | LOCAL_COMPETITOR_PRICING | Supply,IRAN_SUPPLY_ACCESS,"Pattern confidence is detection confidence, not validated predictive probability. | Internal and external evidence disagree; discretionary volume is penalised.",Combined internal/external robust objective supports advance purchase
2026-06-25,WIDGET_FULL,368318,Diesel,1.44,27070.225463739407,2057.076324,2962.18990656,14.0,0.0,2057.076324,0.8062015503875977,0.6666666666666666,0.006987080103359179,-0.705196220850258,0.8947612440707591,-0.001031257164900626,0.015163244107086252,0.6282699823284567,0.0027904271423882967,0.017492046097146576,3,2962.18990656,3156.4642912040013,194.2743846440012,0.0,P01 rising | P02 streak 3 | P07 price percentile 0.32,Crude | Currency | LOCAL_COMPETITOR_PRICING | Logistics | Refined product | Supply,HORMUZ_RECOVERY | IRAN_SUPPLY_ACCESS,"Pattern confidence is detection confidence, not validated predictive probability. | Internal and external evidence disagree; discretionary volume is penalised.",Combined internal/external robust objective supports advance purchase
2026-06-25,WIDGET_FULL,368318,Verde,1.374,15500.081995318875,1144.416585,1572.42838779,14.0,0.0,1144.416585,0.7178294573643389,0.6666666666666666,0.004306976744186033,-0.7460160849925073,0.8491167891615894,-0.0008697821317868945,-0.029181912444450984,0.6052033303165142,0.0016652378262369605,0.016776628187230927,3,1572.4283883768605,1633.4255993454155,60.99721096855501,1.9106960280623753e-07,P01 rising | P02 streak 3 | P07 price percentile 0.47,Crude | Currency | LOCAL_COMPETITOR_PRICING | Logistics | Supply,HORMUZ_RECOVERY | IRAN_SUPPLY_ACCESS,"Pattern confidence is detection confidence, not validated predictive probability. | Internal and external evidence disagree; discretionary volume is penalised.",Combined internal/external robust objective supports advance purchase
2026-06-25,WIDGET_FULL,368319,Diesel,1.44,6081.316479976762,0.0,0.0,14.0,0.0,0.0,0.8062015503875977,0.6666666666666666,0.006987080103359179,-0.705196220850258,0.8947612440707591,-0.001031257164900626,0.015163244107086252,0.6282699823284567,0.0027904271423882967,0.017492046097146576,2,0.0,0.0,0.0,0.0,P01 rising | P02 streak 3 | P07 price percentile 0.32,Crude | Currency | LOCAL_COMPETITOR_PRICING | Logistics | Refined product | Supply,HORMUZ_RECOVERY | IRAN_SUPPLY_ACCESS,"Pattern confidence is detection confidence, not validated predictive probability. | Internal and external evidence disagree; discretionary volume is penalised.",Operational minimum: objective improvement is below action threshold
2026-06-25,WIDGET_FULL,368319,Verde,1.374,6122.440480180234,440.13642,604.74744108,14.0,0.0,440.13642,0.7178294573643389,0.6666666666666666,0.004306976744186033,-0.7460160849925073,0.8491167891615894,-0.0008697821317868945,-0.029181912444450984,0.6052033303165142,0.0016652378262369605,0.016776628187230927,3,604.7474416110466,628.2335953357551,23.486153724708515,1.7289767129113898e-07,P01 rising | P02 streak 3 | P07 price percentile 0.47,Crude | Currency | LOCAL_COMPETITOR_PRICING | Logistics | Supply,HORMUZ_RECOVERY | IRAN_SUPPLY_ACCESS,"Pattern confidence is detection confidence, not validated predictive probability. | Internal and external evidence disagree; discretionary volume is penalised.",Combined internal/external robust objective supports advance purchase
2026-06-25,WIDGET_FULL,368320,Diesel,1.44,36234.2093954402,0.0,0.0,14.0,0.0,0.0,0.8062015503875977,0.6666666666666666,0.006987080103359179,-0.705196220850258,0.8947612440707591,-0.001031257164900626,0.015163244107086252,0.6282699823284567,0.0027904271423882967,0.017492046097146576,2,0.0,0.0,0.0,0.0,P01 rising | P02 streak 3 | P07 price percentile 0.32,Crude | Currency | LOCAL_COMPETITOR_PRICING | Logistics | Refined product | Supply,HORMUZ_RECOVERY | IRAN_SUPPLY_ACCESS,"Pattern confidence is detection confidence, not validated predictive probability. | Internal and external evidence disagree; discretionary volume is penalised.",Operational minimum: objective improvement is below action threshold
2026-06-25,WIDGET_FULL,368320,Verde,1.374,10204.620295701745,819.948421,1126.6091304540003,14.0,0.0,819.948421,0.7178294573643389,0.6666666666666666,0.004306976744186033,-0.7460160849925073,0.8491167891615894,-0.0008697821317868945,-0.029181912444450984,0.6052033303165142,0.0016652378262369605,0.016776628187230927,3,1126.6091306622889,1170.1451805260017,43.53604986371283,6.78144260746194e-08,P01 rising | P02 streak 3 | P07 price percentile 0.47,Crude | Currency | LOCAL_COMPETITOR_PRICING | Logistics | Supply,HORMUZ_RECOVERY | IRAN_SUPPLY_ACCESS,"Pattern confidence is detection confidence, not validated predictive probability. | Internal and external evidence disagree; discretionary volume is penalised.",Combined internal/external robust objective supports advance purchase
2026-06-25,WIDGET_FULL,368321,Diesel,1.44,6160.680852370164,477.942444,688.23711936,14.0,0.0,477.942444,0.8062015503875977,0.6666666666666666,0.006987080103359179,-0.705196220850258,0.8947612440707591,-0.001031257164900626,0.015163244107086252,0.6282699823284567,0.0027904271423882967,0.017492046097146576,3,688.23711936,733.3328088206158,45.09568946061586,0.0,P01 rising | P02 streak 3 | P07 price percentile 0.32,Crude | Currency | LOCAL_COMPETITOR_PRICING | Logistics | Refined product | Supply,HORMUZ_RECOVERY | IRAN_SUPPLY_ACCESS,"Pattern confidence is detection confidence, not validated predictive probability. | Internal and external evidence disagree; discretionary volume is penalised.",Combined internal/external robust objective supports advance purchase
2026-06-25,WIDGET_FULL,368321,Verde,1.374,5582.950488878518,0.0,0.0,14.0,0.0,0.0,0.7178294573643389,0.6666666666666666,0.004306976744186033,-0.7460160849925073,0.8491167891615894,-0.0008697821317868945,-0.029181912444450984,0.6052033303165142,0.0016652378262369605,0.016776628187230927,2,0.0,0.0,0.0,0.0,P01 rising | P02 streak 3 | P07 price percentile 0.47,Crude | Currency | LOCAL_COMPETITOR_PRICING | Logistics | Supply,HORMUZ_RECOVERY | IRAN_SUPPLY_ACCESS,"Pattern confidence is detection confidence, not validated predictive probability. | Internal and external evidence disagree; discretionary volume is penalised.",Operational minimum: objective improvement is below action threshold
2026-06-25,WIDGET_FULL,368322,Diesel,1.44,8461.823237306608,0.0,0.0,14.0,0.0,0.0,0.8062015503875977,0.6666666666666666,0.006987080103359179,-0.705196220850258,0.8947612440707591,-0.001031257164900626,0.015163244107086252,0.6282699823284567,0.0027904271423882967,0.017492046097146576,2,0.0,0.0,0.0,0.0,P01 rising | P02 streak 3 | P07 price percentile 0.32,Crude | Currency | LOCAL_COMPETITOR_PRICING | Logistics | Refined product | Supply,HORMUZ_RECOVERY | IRAN_SUPPLY_ACCESS,"Pattern confidence is detection confidence, not validated predictive probability. | Internal and external evidence disagree; discretionary volume is penalised.",Operational minimum: objective improvement is below action threshold
2026-06-25,WIDGET_FULL,368322,Verde,1.374,5782.654351926084,503.395308,691.665153192,14.0,0.0,503.395308,0.7178294573643389,0.6666666666666666,0.004306976744186033,-0.7460160849925073,0.8491167891615894,-0.0008697821317868945,-0.029181912444450984,0.6052033303165142,0.0016652378262369605,0.016776628187230927,3,691.665153192,718.2892906645541,26.624137472554025,0.0,P01 rising | P02 streak 3 | P07 price percentile 0.47,Crude | Currency | LOCAL_COMPETITOR_PRICING | Logistics | Supply,HORMUZ_RECOVERY | IRAN_SUPPLY_ACCESS,"Pattern confidence is detection confidence, not validated predictive probability. | Internal and external evidence disagree; discretionary volume is penalised.",Combined internal/external robust objective supports advance purchase
2026-06-26,WIDGET_FULL,368318,Diesel,1.447,26773.0146519533,0.0,0.0,13.0,0.0,0.0,0.7641277641277642,0.7000000000000001,0.00534889434889435,-0.4493741326656865,0.8749197057815139,-0.0002814207117304753,0.15058722631765495,0.6888390410685441,0.0025022349909946495,0.020281486259277573,2,0.0,0.0,0.0,0.0,P01 rising | P02 streak 4 | P07 price percentile 0.41,Crude | Currency | LOCAL_COMPETITOR_PRICING | Logistics | Refined product | Supply,HORMUZ_RECOVERY | IRAN_SUPPLY_ACCESS,"Pattern confidence is detection confidence, not validated predictive probability. | Internal and external evidence disagree; discretionary volume is penalised.",Operational minimum: objective improvement is below action threshold
2026-06-26,WIDGET_FULL,368318,Verde,1.369,15336.56022770801,0.0,0.0,13.0,0.0,0.0,-0.33568281938326083,0.6000000000000001,-0.0014098678414096958,-0.8025652483880699,0.8206695220058706,-0.0009719106190043092,-0.5822436146404111,0.7328695668409679,-0.0011785824591881847,0.0167091538260148,2,5.657063948758698e-07,5.657063948758698e-07,0.0,1.717967007757783e-07,P02 streak 1 | P07 price percentile 0.36,Crude | Currency | LOCAL_COMPETITOR_PRICING | Logistics | Supply,HORMUZ_RECOVERY | IRAN_SUPPLY_ACCESS,"Pattern confidence is detection confidence, not validated predictive probability.",Operational minimum: objective improvement is below action threshold
2026-06-26,WIDGET_FULL,368319,Diesel,1.447,5687.32988715509,0.0,0.0,13.0,0.0,0.0,0.7641277641277642,0.7000000000000001,0.00534889434889435,-0.4493741326656865,0.8749197057815139,-0.0002814207117304753,0.15058722631765495,0.6888390410685441,0.0025022349909946495,0.020281486259277573,2,0.0,0.0,0.0,0.0,P01 rising | P02 streak 4 | P07 price percentile 0.41,Crude | Currency | LOCAL_COMPETITOR_PRICING | Logistics | Refined product | Supply,HORMUZ_RECOVERY | IRAN_SUPPLY_ACCESS,"Pattern confidence is detection confidence, not validated predictive probability. | Internal and external evidence disagree; discretionary volume is penalised.",Operational minimum: objective improvement is below action threshold
2026-06-26,WIDGET_FULL,368319,Verde,1.369,6079.170735914886,0.0,0.0,13.0,0.0,0.0,-0.33568281938326083,0.6000000000000001,-0.0014098678414096958,-0.8025652483880699,0.8206695220058706,-0.0009719106190043092,-0.5822436146404111,0.7328695668409679,-0.0011785824591881847,0.0167091538260148,2,5.119020004684238e-07,5.119020004684238e-07,0.0,1.5545709858617321e-07,P02 streak 1 | P07 price percentile 0.36,Crude | Currency | LOCAL_COMPETITOR_PRICING | Logistics | Supply,HORMUZ_RECOVERY | IRAN_SUPPLY_ACCESS,"Pattern confidence is detection confidence, not validated predictive probability.",Operational minimum: objective improvement is below action threshold
2026-06-26,WIDGET_FULL,368320,Diesel,1.447,34895.45640664839,0.0,0.0,13.0,0.0,0.0,0.7641277641277642,0.7000000000000001,0.00534889434889435,-0.4493741326656865,0.8749197057815139,-0.0002814207117304753,0.15058722631765495,0.6888390410685441,0.0025022349909946495,0.020281486259277573,2,0.0,0.0,0.0,0.0,P01 rising | P02 streak 4 | P07 price percentile 0.41,Crude | Currency | LOCAL_COMPETITOR_PRICING | Logistics | Refined product | Supply,HORMUZ_RECOVERY | IRAN_SUPPLY_ACCESS,"Pattern confidence is detection confidence, not validated predictive probability. | Internal and external evidence disagree; discretionary volume is penalised.",Operational minimum: objective improvement is below action threshold
2026-06-26,WIDGET_FULL,368320,Verde,1.369,10150.677621809373,0.0,0.0,13.0,0.0,0.0,-0.33568281938326083,0.6000000000000001,-0.0014098678414096958,-0.8025652483880699,0.8206695220058706,-0.0009719106190043092,-0.5822436146404111,0.7328695668409679,-0.0011785824591881847,0.0167091538260148,2,2.0077965356117792e-07,2.0077965356117792e-07,0.0,6.097382383764498e-08,P02 streak 1 | P07 price percentile 0.36,Crude | Currency | LOCAL_COMPETITOR_PRICING | Logistics | Supply,HORMUZ_RECOVERY | IRAN_SUPPLY_ACCESS,"Pattern confidence is detection confidence, not validated predictive probability.",Operational minimum: objective improvement is below action threshold
2026-06-26,WIDGET_FULL,368321,Diesel,1.447,6098.575262340258,0.0,0.0,13.0,0.0,0.0,0.7641277641277642,0.7000000000000001,0.00534889434889435,-0.4493741326656865,0.8749197057815139,-0.0002814207117304753,0.15058722631765495,0.6888390410685441,0.0025022349909946495,0.020281486259277573,2,0.0,0.0,0.0,0.0,P01 rising | P02 streak 4 | P07 price percentile 0.41,Crude | Currency | LOCAL_COMPETITOR_PRICING | Logistics | Refined product | Supply,HORMUZ_RECOVERY | IRAN_SUPPLY_ACCESS,"Pattern confidence is detection confidence, not validated predictive probability. | Internal and external evidence disagree; discretionary volume is penalised.",Operational minimum: objective improvement is below action threshold
2026-06-26,WIDGET_FULL,368321,Verde,1.369,5197.466435184417,0.0,0.0,13.0,0.0,0.0,-0.33568281938326083,0.6000000000000001,-0.0014098678414096958,-0.8025652483880699,0.8206695220058706,-0.0009719106190043092,-0.5822436146404111,0.7328695668409679,-0.0011785824591881847,0.0167091538260148,2,0.0,0.0,0.0,0.0,P02 streak 1 | P07 price percentile 0.36,Crude | Currency | LOCAL_COMPETITOR_PRICING | Logistics | Supply,HORMUZ_RECOVERY | IRAN_SUPPLY_ACCESS,"Pattern confidence is detection confidence, not validated predictive probability.",Operational minimum: objective improvement is below action threshold
2026-06-26,WIDGET_FULL,368322,Diesel,1.447,7834.034477759774,0.0,0.0,13.0,0.0,0.0,0.7641277641277642,0.7000000000000001,0.00534889434889435,-0.4493741326656865,0.8749197057815139,-0.0002814207117304753,0.15058722631765495,0.6888390410685441,0.0025022349909946495,0.020281486259277573,2,0.0,0.0,0.0,0.0,P01 rising | P02 streak 4 | P07 price percentile 0.41,Crude | Currency | LOCAL_COMPETITOR_PRICING | Logistics | Refined product | Supply,HORMUZ_RECOVERY | IRAN_SUPPLY_ACCESS,"Pattern confidence is detection confidence, not validated predictive probability. | Internal and external evidence disagree; discretionary volume is penalised.",Operational minimum: objective improvement is below action threshold
2026-06-26,WIDGET_FULL,368322,Verde,1.369,5804.451113017925,0.0,0.0,13.0,0.0,0.0,-0.33568281938326083,0.6000000000000001,-0.0014098678414096958,-0.8025652483880699,0.8206695220058706,-0.0009719106190043092,-0.5822436146404111,0.7328695668409679,-0.0011785824591881847,0.0167091538260148,2,0.0,0.0,0.0,0.0,P02 streak 1 | P07 price percentile 0.36,Crude | Currency | LOCAL_COMPETITOR_PRICING | Logistics | Supply,HORMUZ_RECOVERY | IRAN_SUPPLY_ACCESS,"Pattern confidence is detection confidence, not validated predictive probability.",Operational minimum: objective improvement is below action threshold
2026-06-27,WIDGET_FULL,368318,Diesel,1.46,24524.904470448004,0.0,0.0,12.0,0.0,0.0,0.586278586278587,0.7166666666666667,0.004201663201663207,-0.47311825230366744,0.8274121926926576,-0.0009987235537137064,0.07166680629100251,0.6718785029176292,0.0016755273974542856,0.02025115471098886,2,0.0,0.0,0.0,0.0,P01 rising | P02 streak 5 | P04 multi-day quotation | P07 price percentile 0.58,Crude | Currency | LOCAL_COMPETITOR_PRICING | Logistics | Refined product,HORMUZ_RECOVERY,"Pattern confidence is detection confidence, not validated predictive probability. | Internal and external evidence disagree; discretionary volume is penalised.",Operational minimum: objective improvement is below action threshold
2026-06-27,WIDGET_FULL,368318,Verde,1.38,14011.35125727948,0.0,0.0,12.0,0.0,0.0,0.5026763990267645,0.6,0.002111240875912411,-0.15824620161151876,0.7525569141505093,-0.0002445463302885043,0.16793978327003156,0.6370013710454254,0.0009181083728248383,0.01688885256569885,2,5.807982940213773e-07,5.807982940213773e-07,0.0,1.6899701583896164e-07,P01 rising | P02 streak 1 | P04 multi-day quotation | P07 price percentile 0.60,Crude | Currency | LOCAL_COMPETITOR_PRICING | Logistics,HORMUZ_RECOVERY,"Pattern confidence is detection confidence, not validated predictive probability. | Internal and external evidence disagree; discretionary volume is penalised.",Operational minimum: objective improvement is below action threshold
2026-06-27,WIDGET_FULL,368319,Diesel,1.46,5259.269088357291,0.0,0.0,12.0,0.0,0.0,0.586278586278587,0.7166666666666667,0.004201663201663207,-0.47311825230366744,0.8274121926926576,-0.0009987235537137064,0.07166680629100251,0.6718785029176292,0.0016755273974542856,0.02025115471098886,2,0.0,0.0,0.0,0.0,P01 rising | P02 streak 5 | P04 multi-day quotation | P07 price percentile 0.58,Crude | Currency | LOCAL_COMPETITOR_PRICING | Logistics | Refined product,HORMUZ_RECOVERY,"Pattern confidence is detection confidence, not validated predictive probability. | Internal and external evidence disagree; discretionary volume is penalised.",Operational minimum: objective improvement is below action threshold
2026-06-27,WIDGET_FULL,368319,Verde,1.38,5440.763860983738,0.0,0.0,12.0,0.0,0.0,0.5026763990267645,0.6,0.002111240875912411,-0.15824620161151876,0.7525569141505093,-0.0002445463302885043,0.16793978327003156,0.6370013710454254,0.0009181083728248383,0.01688885256569885,2,5.255572205561231e-07,5.255572205561231e-07,0.0,1.5292331750743842e-07,P01 rising | P02 streak 1 | P04 multi-day quotation | P07 price percentile 0.60,Crude | Currency | LOCAL_COMPETITOR_PRICING | Logistics,HORMUZ_RECOVERY,"Pattern confidence is detection confidence, not validated predictive probability. | Internal and external evidence disagree; discretionary volume is penalised.",Operational minimum: objective improvement is below action threshold
2026-06-27,WIDGET_FULL,368320,Diesel,1.46,33341.24627302153,0.0,0.0,12.0,0.0,0.0,0.586278586278587,0.7166666666666667,0.004201663201663207,-0.47311825230366744,0.8274121926926576,-0.0009987235537137064,0.07166680629100251,0.6718785029176292,0.0016755273974542856,0.02025115471098886,2,0.0,0.0,0.0,0.0,P01 rising | P02 streak 5 | P04 multi-day quotation | P07 price percentile 0.58,Crude | Currency | LOCAL_COMPETITOR_PRICING | Logistics | Refined product,HORMUZ_RECOVERY,"Pattern confidence is detection confidence, not validated predictive probability. | Internal and external evidence disagree; discretionary volume is penalised.",Operational minimum: objective improvement is below action threshold
2026-06-27,WIDGET_FULL,368320,Verde,1.38,9193.644578156618,0.0,0.0,12.0,0.0,0.0,0.5026763990267645,0.6,0.002111240875912411,-0.15824620161151876,0.7525569141505093,-0.0002445463302885043,0.16793978327003156,0.6370013710454254,0.0009181083728248383,0.01688885256569885,2,2.061411952629444e-07,2.061411952629444e-07,0.0,5.998166179174258e-08,P01 rising | P02 streak 1 | P04 multi-day quotation | P07 price percentile 0.60,Crude | Currency | LOCAL_COMPETITOR_PRICING | Logistics,HORMUZ_RECOVERY,"Pattern confidence is detection confidence, not validated predictive probability. | Internal and external evidence disagree; discretionary volume is penalised.",Operational minimum: objective improvement is below action threshold
2026-06-27,WIDGET_FULL,368321,Diesel,1.46,5530.921999495377,0.0,0.0,12.0,0.0,0.0,0.586278586278587,0.7166666666666667,0.004201663201663207,-0.47311825230366744,0.8274121926926576,-0.0009987235537137064,0.07166680629100251,0.6718785029176292,0.0016755273974542856,0.02025115471098886,2,0.0,0.0,0.0,0.0,P01 rising | P02 streak 5 | P04 multi-day quotation | P07 price percentile 0.58,Crude | Currency | LOCAL_COMPETITOR_PRICING | Logistics | Refined product,HORMUZ_RECOVERY,"Pattern confidence is detection confidence, not validated predictive probability. | Internal and external evidence disagree; discretionary volume is penalised.",Operational minimum: objective improvement is below action threshold
2026-06-27,WIDGET_FULL,368321,Verde,1.38,4789.974703927906,0.0,0.0,12.0,0.0,0.0,0.5026763990267645,0.6,0.002111240875912411,-0.15824620161151876,0.7525569141505093,-0.0002445463302885043,0.16793978327003156,0.6370013710454254,0.0009181083728248383,0.01688885256569885,2,0.0,0.0,0.0,0.0,P01 rising | P02 streak 1 | P04 multi-day quotation | P07 price percentile 0.60,Crude | Currency | LOCAL_COMPETITOR_PRICING | Logistics,HORMUZ_RECOVERY,"Pattern confidence is detection confidence, not validated predictive probability. | Internal and external evidence disagree; discretionary volume is penalised.",Operational minimum: objective improvement is below action threshold
2026-06-27,WIDGET_FULL,368322,Diesel,1.46,7186.747473692452,0.0,0.0,12.0,0.0,0.0,0.586278586278587,0.7166666666666667,0.004201663201663207,-0.47311825230366744,0.8274121926926576,-0.0009987235537137064,0.07166680629100251,0.6718785029176292,0.0016755273974542856,0.02025115471098886,2,0.0,0.0,0.0,0.0,P01 rising | P02 streak 5 | P04 multi-day quotation | P07 price percentile 0.58,Crude | Currency | LOCAL_COMPETITOR_PRICING | Logistics | Refined product,HORMUZ_RECOVERY,"Pattern confidence is detection confidence, not validated predictive probability. | Internal and external evidence disagree; discretionary volume is penalised.",Operational minimum: objective improvement is below action threshold
2026-06-27,WIDGET_FULL,368322,Verde,1.38,5326.899819698089,0.0,0.0,12.0,0.0,0.0,0.5026763990267645,0.6,0.002111240875912411,-0.15824620161151876,0.7525569141505093,-0.0002445463302885043,0.16793978327003156,0.6370013710454254,0.0009181083728248383,0.01688885256569885,2,0.0,0.0,0.0,0.0,P01 rising | P02 streak 1 | P04 multi-day quotation | P07 price percentile 0.60,Crude | Currency | LOCAL_COMPETITOR_PRICING | Logistics,HORMUZ_RECOVERY,"Pattern confidence is detection confidence, not validated predictive probability. | Internal and external evidence disagree; discretionary volume is penalised.",Operational minimum: objective improvement is below action threshold
2026-06-30,WIDGET_FULL,368318,Diesel,1.47,18553.41350171026,0.0,0.0,9.0,0.0,0.0,0.6043165467625907,0.7166666666666667,0.0043309352517985665,-0.2526421058264739,0.7247857142655373,-0.00034992253223224435,0.21629451111443007,0.6697918169208638,0.0022114911450709014,0.018992260074073956,2,0.0,0.0,0.0,0.0,P01 rising | P02 streak 6 | P07 price percentile 0.71,Crude | Currency | LOCAL_COMPETITOR_PRICING | Refined product,,"Pattern confidence is detection confidence, not validated predictive probability. | Macro external and local competitor signals disagree. | Internal and external evidence disagree; discretionary volume is penalised.",Operational minimum: objective improvement is below action threshold
2026-06-30,WIDGET_FULL,368318,Verde,1.389,10540.964291270671,0.0,0.0,9.0,0.0,0.0,0.489918256130789,0.6333333333333333,0.0021719709355131644,-0.134509737176205,0.6146615105510165,-0.00015182689432047912,0.21354321552143313,0.5980290656460497,0.0011434460671982756,0.016071314439266512,2,5.726810553906387e-07,5.726810553906387e-07,0.0,1.131833922179215e-07,P01 rising | P02 streak 2 | P07 price percentile 0.80,Crude | Currency | LOCAL_COMPETITOR_PRICING,,"Pattern confidence is detection confidence, not validated predictive probability. | Internal and external evidence disagree; discretionary volume is penalised.",Operational minimum: objective improvement is below action threshold
2026-06-30,WIDGET_FULL,368319,Diesel,1.47,4207.873113318927,0.0,0.0,9.0,0.0,0.0,0.6043165467625907,0.7166666666666667,0.0043309352517985665,-0.2526421058264739,0.7247857142655373,-0.00034992253223224435,0.21629451111443007,0.6697918169208638,0.0022114911450709014,0.018992260074073956,2,0.0,0.0,0.0,0.0,P01 rising | P02 streak 6 | P07 price percentile 0.71,Crude | Currency | LOCAL_COMPETITOR_PRICING | Refined product,,"Pattern confidence is detection confidence, not validated predictive probability. | Macro external and local competitor signals disagree. | Internal and external evidence disagree; discretionary volume is penalised.",Operational minimum: objective improvement is below action threshold
2026-06-30,WIDGET_FULL,368319,Verde,1.389,4102.607861448352,0.0,0.0,9.0,0.0,0.0,0.489918256130789,0.6333333333333333,0.0021719709355131644,-0.134509737176205,0.6146615105510165,-0.00015182689432047912,0.21354321552143313,0.5980290656460497,0.0011434460671982756,0.016071314439266512,2,5.182120313275521e-07,5.182120313275521e-07,0.0,1.024182571428445e-07,P01 rising | P02 streak 2 | P07 price percentile 0.80,Crude | Currency | LOCAL_COMPETITOR_PRICING,,"Pattern confidence is detection confidence, not validated predictive probability. | Internal and external evidence disagree; discretionary volume is penalised.",Operational minimum: objective improvement is below action threshold
2026-06-30,WIDGET_FULL,368320,Diesel,1.47,29520.969537945664,0.0,0.0,9.0,0.0,0.0,0.6043165467625907,0.7166666666666667,0.0043309352517985665,-0.2526421058264739,0.7247857142655373,-0.00034992253223224435,0.21629451111443007,0.6697918169208638,0.0022114911450709014,0.018992260074073956,2,0.0,0.0,0.0,0.0,P01 rising | P02 streak 6 | P07 price percentile 0.71,Crude | Currency | LOCAL_COMPETITOR_PRICING | Refined product,,"Pattern confidence is detection confidence, not validated predictive probability. | Macro external and local competitor signals disagree. | Internal and external evidence disagree; discretionary volume is penalised.",Operational minimum: objective improvement is below action threshold
2026-06-30,WIDGET_FULL,368320,Verde,1.389,7028.880264152574,0.0,0.0,9.0,0.0,0.0,0.489918256130789,0.6333333333333333,0.0021719709355131644,-0.134509737176205,0.6146615105510165,-0.00015182689432047912,0.21354321552143313,0.5980290656460497,0.0011434460671982756,0.016071314439266512,2,2.032588963596364e-07,2.032588963596364e-07,0.0,4.01716298665286e-08,P01 rising | P02 streak 2 | P07 price percentile 0.80,Crude | Currency | LOCAL_COMPETITOR_PRICING,,"Pattern confidence is detection confidence, not validated predictive probability. | Internal and external evidence disagree; discretionary volume is penalised.",Operational minimum: objective improvement is below action threshold
2026-06-30,WIDGET_FULL,368321,Diesel,1.47,4274.85065491273,0.0,0.0,9.0,0.0,0.0,0.6043165467625907,0.7166666666666667,0.0043309352517985665,-0.2526421058264739,0.7247857142655373,-0.00034992253223224435,0.21629451111443007,0.6697918169208638,0.0022114911450709014,0.018992260074073956,2,0.0,0.0,0.0,0.0,P01 rising | P02 streak 6 | P07 price percentile 0.71,Crude | Currency | LOCAL_COMPETITOR_PRICING | Refined product,,"Pattern confidence is detection confidence, not validated predictive probability. | Macro external and local competitor signals disagree. | Internal and external evidence disagree; discretionary volume is penalised.",Operational minimum: objective improvement is below action threshold
2026-06-30,WIDGET_FULL,368321,Verde,1.389,3783.394387289652,0.0,0.0,9.0,0.0,0.0,0.489918256130789,0.6333333333333333,0.0021719709355131644,-0.134509737176205,0.6146615105510165,-0.00015182689432047912,0.21354321552143313,0.5980290656460497,0.0011434460671982756,0.016071314439266512,2,0.0,0.0,0.0,0.0,P01 rising | P02 streak 2 | P07 price percentile 0.80,Crude | Currency | LOCAL_COMPETITOR_PRICING,,"Pattern confidence is detection confidence, not validated predictive probability. | Internal and external evidence disagree; discretionary volume is penalised.",Operational minimum: objective improvement is below action threshold
2026-06-30,WIDGET_FULL,368322,Diesel,1.47,5556.685083455998,0.0,0.0,9.0,0.0,0.0,0.6043165467625907,0.7166666666666667,0.0043309352517985665,-0.2526421058264739,0.7247857142655373,-0.00034992253223224435,0.21629451111443007,0.6697918169208638,0.0022114911450709014,0.018992260074073956,2,0.0,0.0,0.0,0.0,P01 rising | P02 streak 6 | P07 price percentile 0.71,Crude | Currency | LOCAL_COMPETITOR_PRICING | Refined product,,"Pattern confidence is detection confidence, not validated predictive probability. | Macro external and local competitor signals disagree. | Internal and external evidence disagree; discretionary volume is penalised.",Operational minimum: objective improvement is below action threshold
2026-06-30,WIDGET_FULL,368322,Verde,1.389,4064.5191145031204,0.0,0.0,9.0,0.0,0.0,0.489918256130789,0.6333333333333333,0.0021719709355131644,-0.134509737176205,0.6146615105510165,-0.00015182689432047912,0.21354321552143313,0.5980290656460497,0.0011434460671982756,0.016071314439266512,2,0.0,0.0,0.0,0.0,P01 rising | P02 streak 2 | P07 price percentile 0.80,Crude | Currency | LOCAL_COMPETITOR_PRICING,,"Pattern confidence is detection confidence, not validated predictive probability. | Internal and external evidence disagree; discretionary volume is penalised.",Operational minimum: objective improvement is below action threshold
2026-07-01,WIDGET_FULL,368318,Diesel,1.48,16620.72721778564,0.0,0.0,8.0,0.0,0.0,0.5323741007194253,0.7166666666666667,0.003815347721822548,-0.08009422926426162,0.6352594853010486,2.4701704727840618e-05,0.27490978616339234,0.6640145891992864,0.0022218676498948456,0.01888929593176406,2,0.0,0.0,0.0,0.0,P01 rising | P02 streak 7 | P07 price percentile 0.83,Crude | Currency | LOCAL_COMPETITOR_PRICING | Refined product,,"Pattern confidence is detection confidence, not validated predictive probability. | Macro external and local competitor signals disagree. | Internal and external evidence disagree; discretionary volume is penalised.",Operational minimum: objective improvement is below action threshold
2026-07-01,WIDGET_FULL,368318,Verde,1.399,9466.665875769562,0.0,0.0,8.0,0.0,0.0,0.39534883720930225,0.6666666666666666,0.002372093023255813,0.08766510417247123,0.5653613951990739,2.5256515958054747e-05,0.26931239104565496,0.6298458049234971,0.0014107587005488375,0.016169373516312986,2,5.703189201453309e-07,5.703189201453309e-07,0.0,9.000980216011249e-08,P01 rising | P02 streak 3 | P07 price percentile 1.00,Crude | Currency | LOCAL_COMPETITOR_PRICING,,"Pattern confidence is detection confidence, not validated predictive probability.",Operational minimum: objective improvement is below action threshold
2026-07-01,WIDGET_FULL,368319,Diesel,1.48,3782.737931880348,0.0,0.0,8.0,0.0,0.0,0.5323741007194253,0.7166666666666667,0.003815347721822548,-0.08009422926426162,0.6352594853010486,2.4701704727840618e-05,0.27490978616339234,0.6640145891992864,0.0022218676498948456,0.01888929593176406,2,0.0,0.0,0.0,0.0,P01 rising | P02 streak 7 | P07 price percentile 0.83,Crude | Currency | LOCAL_COMPETITOR_PRICING | Refined product,,"Pattern confidence is detection confidence, not validated predictive probability. | Macro external and local competitor signals disagree. | Internal and external evidence disagree; discretionary volume is penalised.",Operational minimum: objective improvement is below action threshold
2026-07-01,WIDGET_FULL,368319,Verde,1.399,3721.4248703974795,0.0,0.0,8.0,0.0,0.0,0.39534883720930225,0.6666666666666666,0.002372093023255813,0.08766510417247123,0.5653613951990739,2.5256515958054747e-05,0.26931239104565496,0.6298458049234971,0.0014107587005488375,0.016169373516312986,2,5.160739323817695e-07,5.160739323817695e-07,0.0,8.144866128607722e-08,P01 rising | P02 streak 3 | P07 price percentile 1.00,Crude | Currency | LOCAL_COMPETITOR_PRICING,,"Pattern confidence is detection confidence, not validated predictive probability.",Operational minimum: objective improvement is below action threshold
2026-07-01,WIDGET_FULL,368320,Diesel,1.48,28321.337270859513,0.0,0.0,8.0,0.0,0.0,0.5323741007194253,0.7166666666666667,0.003815347721822548,-0.08009422926426162,0.6352594853010486,2.4701704727840618e-05,0.27490978616339234,0.6640145891992864,0.0022218676498948456,0.01888929593176406,2,0.0,0.0,0.0,0.0,P01 rising | P02 streak 7 | P07 price percentile 0.83,Crude | Currency | LOCAL_COMPETITOR_PRICING | Refined product,,"Pattern confidence is detection confidence, not validated predictive probability. | Macro external and local competitor signals disagree. | Internal and external evidence disagree; discretionary volume is penalised.",Operational minimum: objective improvement is below action threshold
2026-07-01,WIDGET_FULL,368320,Verde,1.399,6332.232779889045,0.0,0.0,8.0,0.0,0.0,0.39534883720930225,0.6666666666666666,0.002372093023255813,0.08766510417247123,0.5653613951990739,2.5256515958054747e-05,0.26931239104565496,0.6298458049234971,0.0014107587005488375,0.016169373516312986,2,2.0242051520749128e-07,2.0242051520749128e-07,0.0,3.194674047035676e-08,P01 rising | P02 streak 3 | P07 price percentile 1.00,Crude | Currency | LOCAL_COMPETITOR_PRICING,,"Pattern confidence is detection confidence, not validated predictive probability.",Operational minimum: objective improvement is below action threshold
2026-07-01,WIDGET_FULL,368321,Diesel,1.48,3797.2540921783993,0.0,0.0,8.0,0.0,0.0,0.5323741007194253,0.7166666666666667,0.003815347721822548,-0.08009422926426162,0.6352594853010486,2.4701704727840618e-05,0.27490978616339234,0.6640145891992864,0.0022218676498948456,0.01888929593176406,2,0.0,0.0,0.0,0.0,P01 rising | P02 streak 7 | P07 price percentile 0.83,Crude | Currency | LOCAL_COMPETITOR_PRICING | Refined product,,"Pattern confidence is detection confidence, not validated predictive probability. | Macro external and local competitor signals disagree. | Internal and external evidence disagree; discretionary volume is penalised.",Operational minimum: objective improvement is below action threshold
2026-07-01,WIDGET_FULL,368321,Verde,1.399,3432.406628721964,0.0,0.0,8.0,0.0,0.0,0.39534883720930225,0.6666666666666666,0.002372093023255813,0.08766510417247123,0.5653613951990739,2.5256515958054747e-05,0.26931239104565496,0.6298458049234971,0.0014107587005488375,0.016169373516312986,2,0.0,0.0,0.0,0.0,P01 rising | P02 streak 3 | P07 price percentile 1.00,Crude | Currency | LOCAL_COMPETITOR_PRICING,,"Pattern confidence is detection confidence, not validated predictive probability.",Operational minimum: objective improvement is below action threshold
2026-07-01,WIDGET_FULL,368322,Diesel,1.48,4995.782181450138,0.0,0.0,8.0,0.0,0.0,0.5323741007194253,0.7166666666666667,0.003815347721822548,-0.08009422926426162,0.6352594853010486,2.4701704727840618e-05,0.27490978616339234,0.6640145891992864,0.0022218676498948456,0.01888929593176406,2,0.0,0.0,0.0,0.0,P01 rising | P02 streak 7 | P07 price percentile 0.83,Crude | Currency | LOCAL_COMPETITOR_PRICING | Refined product,,"Pattern confidence is detection confidence, not validated predictive probability. | Macro external and local competitor signals disagree. | Internal and external evidence disagree; discretionary volume is penalised.",Operational minimum: objective improvement is below action threshold
2026-07-01,WIDGET_FULL,368322,Verde,1.399,3646.4201379345423,0.0,0.0,8.0,0.0,0.0,0.39534883720930225,0.6666666666666666,0.002372093023255813,0.08766510417247123,0.5653613951990739,2.5256515958054747e-05,0.26931239104565496,0.6298458049234971,0.0014107587005488375,0.016169373516312986,2,0.0,0.0,0.0,0.0,P01 rising | P02 streak 3 | P07 price percentile 1.00,Crude | Currency | LOCAL_COMPETITOR_PRICING,,"Pattern confidence is detection confidence, not validated predictive probability.",Operational minimum: objective improvement is below action threshold
2026-07-02,WIDGET_FULL,368318,Diesel,1.49,14563.65089409454,0.0,0.0,7.0,0.0,0.0,0.4604316546762598,0.7166666666666667,0.0032997601918465284,-0.32471623843543707,0.5933471569498245,-0.0002641824724187901,0.14335971237187192,0.5962296396070005,0.0018605074946998017,0.019058573133421023,2,0.0,0.0,0.0,0.0,P01 rising | P02 streak 8 | P07 price percentile 0.96,Crude | Currency | LOCAL_COMPETITOR_PRICING | Refined product,,"Pattern confidence is detection confidence, not validated predictive probability. | Internal and external evidence disagree; discretionary volume is penalised.",Operational minimum: objective improvement is below action threshold
2026-07-02,WIDGET_FULL,368318,Verde,1.408,8322.24928995421,0.0,0.0,7.0,0.0,0.0,0.425061425061425,0.7000000000000001,0.0026778869778869775,-0.23294210973044605,0.4928740217837823,-0.00014041390601336572,0.18454990411070968,0.5602048878566128,0.0016477499098573685,0.016129163189757746,2,5.745499448965805e-07,5.745499448965805e-07,0.0,7.349991678712107e-08,P01 rising | P02 streak 4 | P07 price percentile 1.00,Crude | Currency | LOCAL_COMPETITOR_PRICING,,"Pattern confidence is detection confidence, not validated predictive probability. | Internal and external evidence disagree; discretionary volume is penalised.",Operational minimum: objective improvement is below action threshold
2026-07-02,WIDGET_FULL,368319,Diesel,1.49,3385.2530366362257,0.0,0.0,7.0,0.0,0.0,0.4604316546762598,0.7166666666666667,0.0032997601918465284,-0.32471623843543707,0.5933471569498245,-0.0002641824724187901,0.14335971237187192,0.5962296396070005,0.0018605074946998017,0.019058573133421023,2,0.0,0.0,0.0,0.0,P01 rising | P02 streak 8 | P07 price percentile 0.96,Crude | Currency | LOCAL_COMPETITOR_PRICING | Refined product,,"Pattern confidence is detection confidence, not validated predictive probability. | Internal and external evidence disagree; discretionary volume is penalised.",Operational minimum: objective improvement is below action threshold
2026-07-02,WIDGET_FULL,368319,Verde,1.408,3281.2884499044108,0.0,0.0,7.0,0.0,0.0,0.425061425061425,0.7000000000000001,0.0026778869778869775,-0.23294210973044605,0.4928740217837823,-0.00014041390601336572,0.18454990411070968,0.5602048878566128,0.0016477499098573685,0.016129163189757746,2,5.199025298633738e-07,5.199025298633738e-07,0.0,6.650908771326088e-08,P01 rising | P02 streak 4 | P07 price percentile 1.00,Crude | Currency | LOCAL_COMPETITOR_PRICING,,"Pattern confidence is detection confidence, not validated predictive probability. | Internal and external evidence disagree; discretionary volume is penalised.",Operational minimum: objective improvement is below action threshold
2026-07-02,WIDGET_FULL,368320,Diesel,1.49,27094.69416441303,0.0,0.0,7.0,0.0,0.0,0.4604316546762598,0.7166666666666667,0.0032997601918465284,-0.32471623843543707,0.5933471569498245,-0.0002641824724187901,0.14335971237187192,0.5962296396070005,0.0018605074946998017,0.019058573133421023,2,0.0,0.0,0.0,0.0,P01 rising | P02 streak 8 | P07 price percentile 0.96,Crude | Currency | LOCAL_COMPETITOR_PRICING | Refined product,,"Pattern confidence is detection confidence, not validated predictive probability. | Internal and external evidence disagree; discretionary volume is penalised.",Operational minimum: objective improvement is below action threshold
2026-07-02,WIDGET_FULL,368320,Verde,1.408,5512.284358278032,0.0,0.0,7.0,0.0,0.0,0.425061425061425,0.7000000000000001,0.0026778869778869775,-0.23294210973044605,0.4928740217837823,-0.00014041390601336572,0.18454990411070968,0.5602048878566128,0.0016477499098573685,0.016129163189757746,2,2.0392221220499883e-07,2.0392221220499883e-07,0.0,2.6086967306271814e-08,P01 rising | P02 streak 4 | P07 price percentile 1.00,Crude | Currency | LOCAL_COMPETITOR_PRICING,,"Pattern confidence is detection confidence, not validated predictive probability. | Internal and external evidence disagree; discretionary volume is penalised.",Operational minimum: objective improvement is below action threshold
2026-07-02,WIDGET_FULL,368321,Diesel,1.49,3319.3116483265294,0.0,0.0,7.0,0.0,0.0,0.4604316546762598,0.7166666666666667,0.0032997601918465284,-0.32471623843543707,0.5933471569498245,-0.0002641824724187901,0.14335971237187192,0.5962296396070005,0.0018605074946998017,0.019058573133421023,2,0.0,0.0,0.0,0.0,P01 rising | P02 streak 8 | P07 price percentile 0.96,Crude | Currency | LOCAL_COMPETITOR_PRICING | Refined product,,"Pattern confidence is detection confidence, not validated predictive probability. | Internal and external evidence disagree; discretionary volume is penalised.",Operational minimum: objective improvement is below action threshold
2026-07-02,WIDGET_FULL,368321,Verde,1.408,3074.6476825233426,0.0,0.0,7.0,0.0,0.0,0.425061425061425,0.7000000000000001,0.0026778869778869775,-0.23294210973044605,0.4928740217837823,-0.00014041390601336572,0.18454990411070968,0.5602048878566128,0.0016477499098573685,0.016129163189757746,2,0.0,0.0,0.0,0.0,P01 rising | P02 streak 4 | P07 price percentile 1.00,Crude | Currency | LOCAL_COMPETITOR_PRICING,,"Pattern confidence is detection confidence, not validated predictive probability. | Internal and external evidence disagree; discretionary volume is penalised.",Operational minimum: objective improvement is below action threshold
2026-07-02,WIDGET_FULL,368322,Diesel,1.49,4440.165779034606,0.0,0.0,7.0,0.0,0.0,0.4604316546762598,0.7166666666666667,0.0032997601918465284,-0.32471623843543707,0.5933471569498245,-0.0002641824724187901,0.14335971237187192,0.5962296396070005,0.0018605074946998017,0.019058573133421023,2,0.0,0.0,0.0,0.0,P01 rising | P02 streak 8 | P07 price percentile 0.96,Crude | Currency | LOCAL_COMPETITOR_PRICING | Refined product,,"Pattern confidence is detection confidence, not validated predictive probability. | Internal and external evidence disagree; discretionary volume is penalised.",Operational minimum: objective improvement is below action threshold
2026-07-02,WIDGET_FULL,368322,Verde,1.408,3143.0248301776437,0.0,0.0,7.0,0.0,0.0,0.425061425061425,0.7000000000000001,0.0026778869778869775,-0.23294210973044605,0.4928740217837823,-0.00014041390601336572,0.18454990411070968,0.5602048878566128,0.0016477499098573685,0.016129163189757746,2,0.0,0.0,0.0,0.0,P01 rising | P02 streak 4 | P07 price percentile 1.00,Crude | Currency | LOCAL_COMPETITOR_PRICING,,"Pattern confidence is detection confidence, not validated predictive probability. | Internal and external evidence disagree; discretionary volume is penalised.",Operational minimum: objective improvement is below action threshold
2026-07-03,WIDGET_FULL,368318,Diesel,1.498,12209.363758308433,0.0,0.0,6.0,0.0,0.0,0.43884892086330934,0.7166666666666667,0.003145083932853717,-0.41783532404154905,0.6099148204077891,-0.00044655131882865884,0.08719318745675199,0.5850612710418621,0.0016707727895462086,0.018774600888921182,2,0.0,0.0,0.0,0.0,P01 rising | P02 streak 9 | P07 price percentile 1.00,Crude | Currency | LOCAL_COMPETITOR_PRICING | Refined product | Supply,GULF_SUPPLY_RECOVERY,"Pattern confidence is detection confidence, not validated predictive probability. | Internal and external evidence disagree; discretionary volume is penalised.",Operational minimum: objective improvement is below action threshold
2026-07-03,WIDGET_FULL,368318,Verde,1.41,7014.310937343345,0.0,0.0,6.0,0.0,0.0,0.43884892086330934,0.7166666666666667,0.002830575539568345,-0.32272148223095853,0.5388584948686302,-0.00030209494915255883,0.14878445936930967,0.5721086929113586,0.001637414178967916,0.016134118310890327,2,5.790527125871686e-07,5.790527125871686e-07,0.0,5.978902083235061e-08,P01 rising | P02 streak 5 | P07 price percentile 1.00,Crude | Currency | LOCAL_COMPETITOR_PRICING | Supply,GULF_SUPPLY_RECOVERY,"Pattern confidence is detection confidence, not validated predictive probability. | Internal and external evidence disagree; discretionary volume is penalised.",Operational minimum: objective improvement is below action threshold
2026-07-03,WIDGET_FULL,368319,Diesel,1.498,2991.266443814553,0.0,0.0,6.0,0.0,0.0,0.43884892086330934,0.7166666666666667,0.003145083932853717,-0.41783532404154905,0.6099148204077891,-0.00044655131882865884,0.08719318745675199,0.5850612710418621,0.0016707727895462086,0.018774600888921182,2,0.0,0.0,0.0,0.0,P01 rising | P02 streak 9 | P07 price percentile 1.00,Crude | Currency | LOCAL_COMPETITOR_PRICING | Refined product | Supply,GULF_SUPPLY_RECOVERY,"Pattern confidence is detection confidence, not validated predictive probability. | Internal and external evidence disagree; discretionary volume is penalised.",Operational minimum: objective improvement is below action threshold
2026-07-03,WIDGET_FULL,368319,Verde,1.41,2797.8822856390625,0.0,0.0,6.0,0.0,0.0,0.43884892086330934,0.7166666666666667,0.002830575539568345,-0.32272148223095853,0.5388584948686302,-0.00030209494915255883,0.14878445936930967,0.5721086929113586,0.001637414178967916,0.016134118310890327,2,5.239770238815814e-07,5.239770238815814e-07,0.0,5.41022820790294e-08,P01 rising | P02 streak 5 | P07 price percentile 1.00,Crude | Currency | LOCAL_COMPETITOR_PRICING | Supply,GULF_SUPPLY_RECOVERY,"Pattern confidence is detection confidence, not validated predictive probability. | Internal and external evidence disagree; discretionary volume is penalised.",Operational minimum: objective improvement is below action threshold
2026-07-03,WIDGET_FULL,368320,Diesel,1.498,25755.941175621218,0.0,0.0,6.0,0.0,0.0,0.43884892086330934,0.7166666666666667,0.003145083932853717,-0.41783532404154905,0.6099148204077891,-0.00044655131882865884,0.08719318745675199,0.5850612710418621,0.0016707727895462086,0.018774600888921182,2,0.0,0.0,0.0,0.0,P01 rising | P02 streak 9 | P07 price percentile 1.00,Crude | Currency | LOCAL_COMPETITOR_PRICING | Refined product | Supply,GULF_SUPPLY_RECOVERY,"Pattern confidence is detection confidence, not validated predictive probability. | Internal and external evidence disagree; discretionary volume is penalised.",Operational minimum: objective improvement is below action threshold
2026-07-03,WIDGET_FULL,368320,Verde,1.41,4638.39326338566,0.0,0.0,6.0,0.0,0.0,0.43884892086330934,0.7166666666666667,0.002830575539568345,-0.32272148223095853,0.5388584948686302,-0.00030209494915255883,0.14878445936930967,0.5721086929113586,0.001637414178967916,0.016134118310890327,2,2.0551907451697815e-07,2.0551907451697815e-07,0.0,2.122049333480612e-08,P01 rising | P02 streak 5 | P07 price percentile 1.00,Crude | Currency | LOCAL_COMPETITOR_PRICING | Supply,GULF_SUPPLY_RECOVERY,"Pattern confidence is detection confidence, not validated predictive probability. | Internal and external evidence disagree; discretionary volume is penalised.",Operational minimum: objective improvement is below action threshold
2026-07-03,WIDGET_FULL,368321,Diesel,1.498,2779.263614296623,0.0,0.0,6.0,0.0,0.0,0.43884892086330934,0.7166666666666667,0.003145083932853717,-0.41783532404154905,0.6099148204077891,-0.00044655131882865884,0.08719318745675199,0.5850612710418621,0.0016707727895462086,0.018774600888921182,2,0.0,0.0,0.0,0.0,P01 rising | P02 streak 9 | P07 price percentile 1.00,Crude | Currency | LOCAL_COMPETITOR_PRICING | Refined product | Supply,GULF_SUPPLY_RECOVERY,"Pattern confidence is detection confidence, not validated predictive probability. | Internal and external evidence disagree; discretionary volume is penalised.",Operational minimum: objective improvement is below action threshold
2026-07-03,WIDGET_FULL,368321,Verde,1.41,2689.163628829242,0.0,0.0,6.0,0.0,0.0,0.43884892086330934,0.7166666666666667,0.002830575539568345,-0.32272148223095853,0.5388584948686302,-0.00030209494915255883,0.14878445936930967,0.5721086929113586,0.001637414178967916,0.016134118310890327,2,0.0,0.0,0.0,0.0,P01 rising | P02 streak 5 | P07 price percentile 1.00,Crude | Currency | LOCAL_COMPETITOR_PRICING | Supply,GULF_SUPPLY_RECOVERY,"Pattern confidence is detection confidence, not validated predictive probability. | Internal and external evidence disagree; discretionary volume is penalised.",Operational minimum: objective improvement is below action threshold
2026-07-03,WIDGET_FULL,368322,Diesel,1.498,3812.3770194877725,0.0,0.0,6.0,0.0,0.0,0.43884892086330934,0.7166666666666667,0.003145083932853717,-0.41783532404154905,0.6099148204077891,-0.00044655131882865884,0.08719318745675199,0.5850612710418621,0.0016707727895462086,0.018774600888921182,2,0.0,0.0,0.0,0.0,P01 rising | P02 streak 9 | P07 price percentile 1.00,Crude | Currency | LOCAL_COMPETITOR_PRICING | Refined product | Supply,GULF_SUPPLY_RECOVERY,"Pattern confidence is detection confidence, not validated predictive probability. | Internal and external evidence disagree; discretionary volume is penalised.",Operational minimum: objective improvement is below action threshold
2026-07-03,WIDGET_FULL,368322,Verde,1.41,2661.426283269485,0.0,0.0,6.0,0.0,0.0,0.43884892086330934,0.7166666666666667,0.002830575539568345,-0.32272148223095853,0.5388584948686302,-0.00030209494915255883,0.14878445936930967,0.5721086929113586,0.001637414178967916,0.016134118310890327,2,0.0,0.0,0.0,0.0,P01 rising | P02 streak 5 | P07 price percentile 1.00,Crude | Currency | LOCAL_COMPETITOR_PRICING | Supply,GULF_SUPPLY_RECOVERY,"Pattern confidence is detection confidence, not validated predictive probability. | Internal and external evidence disagree; discretionary volume is penalised.",Operational minimum: objective improvement is below action threshold
2026-07-04,WIDGET_FULL,368318,Diesel,1.5058099999999999,9961.253576803136,0.0,0.0,5.0,0.0,0.0,0.6372093023255813,0.775,0.004938372093023255,-0.32453286192504655,0.6062103586991104,-0.00019781334823685897,0.2618997655443668,0.6341380890295905,0.0029340309604040478,0.018635459879487865,2,0.0,0.0,0.0,0.0,P01 rising | P02 streak 10 | P06 regulatory update | P07 price percentile 1.00,Crude | Currency | LOCAL_COMPETITOR_PRICING | Refined product | Supply,GULF_SUPPLY_RECOVERY | OPEC_OUTPUT_INCREASE,"Pattern confidence is detection confidence, not validated predictive probability. | Internal and external evidence disagree; discretionary volume is penalised.",Operational minimum: objective improvement is below action threshold
2026-07-04,WIDGET_FULL,368318,Verde,1.4447,5689.101966914815,0.0,0.0,5.0,0.0,0.0,0.6372093023255813,0.775,0.004444534883720929,-0.3526915623688475,0.5492670391065755,-0.00044627443869288744,0.2738789858240414,0.6028818551241896,0.0026494265426348475,0.016079720001697023,2,5.966068278476116e-07,5.966068278476116e-07,0.0,5.203037399096846e-08,P01 rising | P02 streak 6 | P06 regulatory update | P07 price percentile 1.00,Crude | Currency | LOCAL_COMPETITOR_PRICING | Supply,GULF_SUPPLY_RECOVERY | OPEC_OUTPUT_INCREASE,"Pattern confidence is detection confidence, not validated predictive probability. | Internal and external evidence disagree; discretionary volume is penalised.",Operational minimum: objective improvement is below action threshold
2026-07-04,WIDGET_FULL,368319,Diesel,1.5058099999999999,2563.2056450167547,0.0,0.0,5.0,0.0,0.0,0.6372093023255813,0.775,0.004938372093023255,-0.32453286192504655,0.6062103586991104,-0.00019781334823685897,0.2618997655443668,0.6341380890295905,0.0029340309604040478,0.018635459879487865,2,0.0,0.0,0.0,0.0,P01 rising | P02 streak 10 | P06 regulatory update | P07 price percentile 1.00,Crude | Currency | LOCAL_COMPETITOR_PRICING | Refined product | Supply,GULF_SUPPLY_RECOVERY | OPEC_OUTPUT_INCREASE,"Pattern confidence is detection confidence, not validated predictive probability. | Internal and external evidence disagree; discretionary volume is penalised.",Operational minimum: objective improvement is below action threshold
2026-07-04,WIDGET_FULL,368319,Verde,1.4447,2159.475410707914,0.0,0.0,5.0,0.0,0.0,0.6372093023255813,0.775,0.004444534883720929,-0.3526915623688475,0.5492670391065755,-0.00044627443869288744,0.2738789858240414,0.6028818551241896,0.0026494265426348475,0.016079720001697023,2,5.398615070572672e-07,5.398615070572672e-07,0.0,4.7081586737857764e-08,P01 rising | P02 streak 6 | P06 regulatory update | P07 price percentile 1.00,Crude | Currency | LOCAL_COMPETITOR_PRICING | Supply,GULF_SUPPLY_RECOVERY | OPEC_OUTPUT_INCREASE,"Pattern confidence is detection confidence, not validated predictive probability. | Internal and external evidence disagree; discretionary volume is penalised.",Operational minimum: objective improvement is below action threshold
2026-07-04,WIDGET_FULL,368320,Diesel,1.5058099999999999,24201.731041994357,0.0,0.0,5.0,0.0,0.0,0.6372093023255813,0.775,0.004938372093023255,-0.32453286192504655,0.6062103586991104,-0.00019781334823685897,0.2618997655443668,0.6341380890295905,0.0029340309604040478,0.018635459879487865,2,0.0,0.0,0.0,0.0,P01 rising | P02 streak 10 | P06 regulatory update | P07 price percentile 1.00,Crude | Currency | LOCAL_COMPETITOR_PRICING | Refined product | Supply,GULF_SUPPLY_RECOVERY | OPEC_OUTPUT_INCREASE,"Pattern confidence is detection confidence, not validated predictive probability. | Internal and external evidence disagree; discretionary volume is penalised.",Operational minimum: objective improvement is below action threshold
2026-07-04,WIDGET_FULL,368320,Verde,1.4447,3681.360219732906,0.0,0.0,5.0,0.0,0.0,0.6372093023255813,0.775,0.004444534883720929,-0.3526915623688475,0.5492670391065755,-0.00044627443869288744,0.2738789858240414,0.6028818551241896,0.0026494265426348475,0.016079720001697023,2,2.1175009319949404e-07,2.1175009319949404e-07,0.0,1.8466829455793767e-08,P01 rising | P02 streak 6 | P06 regulatory update | P07 price percentile 1.00,Crude | Currency | LOCAL_COMPETITOR_PRICING | Supply,GULF_SUPPLY_RECOVERY | OPEC_OUTPUT_INCREASE,"Pattern confidence is detection confidence, not validated predictive probability. | Internal and external evidence disagree; discretionary volume is penalised.",Operational minimum: objective improvement is below action threshold
2026-07-04,WIDGET_FULL,368321,Diesel,1.5058099999999999,2211.6103514517426,0.0,0.0,5.0,0.0,0.0,0.6372093023255813,0.775,0.004938372093023255,-0.32453286192504655,0.6062103586991104,-0.00019781334823685897,0.2618997655443668,0.6341380890295905,0.0029340309604040478,0.018635459879487865,2,0.0,0.0,0.0,0.0,P01 rising | P02 streak 10 | P06 regulatory update | P07 price percentile 1.00,Crude | Currency | LOCAL_COMPETITOR_PRICING | Refined product | Supply,GULF_SUPPLY_RECOVERY | OPEC_OUTPUT_INCREASE,"Pattern confidence is detection confidence, not validated predictive probability. | Internal and external evidence disagree; discretionary volume is penalised.",Operational minimum: objective improvement is below action threshold
2026-07-04,WIDGET_FULL,368321,Verde,1.4447,2281.6718975727317,0.0,0.0,5.0,0.0,0.0,0.6372093023255813,0.775,0.004444534883720929,-0.3526915623688475,0.5492670391065755,-0.00044627443869288744,0.2738789858240414,0.6028818551241896,0.0026494265426348475,0.016079720001697023,2,0.0,0.0,0.0,0.0,P01 rising | P02 streak 6 | P06 regulatory update | P07 price percentile 1.00,Crude | Currency | LOCAL_COMPETITOR_PRICING | Supply,GULF_SUPPLY_RECOVERY | OPEC_OUTPUT_INCREASE,"Pattern confidence is detection confidence, not validated predictive probability. | Internal and external evidence disagree; discretionary volume is penalised.",Operational minimum: objective improvement is below action threshold
2026-07-04,WIDGET_FULL,368322,Diesel,1.5058099999999999,3165.0900154204514,0.0,0.0,5.0,0.0,0.0,0.6372093023255813,0.775,0.004938372093023255,-0.32453286192504655,0.6062103586991104,-0.00019781334823685897,0.2618997655443668,0.6341380890295905,0.0029340309604040478,0.018635459879487865,2,0.0,0.0,0.0,0.0,P01 rising | P02 streak 10 | P06 regulatory update | P07 price percentile 1.00,Crude | Currency | LOCAL_COMPETITOR_PRICING | Refined product | Supply,GULF_SUPPLY_RECOVERY | OPEC_OUTPUT_INCREASE,"Pattern confidence is detection confidence, not validated predictive probability. | Internal and external evidence disagree; discretionary volume is penalised.",Operational minimum: objective improvement is below action threshold
2026-07-04,WIDGET_FULL,368322,Verde,1.4447,2183.874989949649,0.0,0.0,5.0,0.0,0.0,0.6372093023255813,0.775,0.004444534883720929,-0.3526915623688475,0.5492670391065755,-0.00044627443869288744,0.2738789858240414,0.6028818551241896,0.0026494265426348475,0.016079720001697023,2,0.0,0.0,0.0,0.0,P01 rising | P02 streak 6 | P06 regulatory update | P07 price percentile 1.00,Crude | Currency | LOCAL_COMPETITOR_PRICING | Supply,GULF_SUPPLY_RECOVERY | OPEC_OUTPUT_INCREASE,"Pattern confidence is detection confidence, not validated predictive probability. | Internal and external evidence disagree; discretionary volume is penalised.",Operational minimum: objective improvement is below action threshold
2026-07-07,WIDGET_FULL,368318,Diesel,1.547,3989.762608065391,0.0,0.0,2.0,0.0,0.0,0.43884892086330934,0.7166666666666667,0.003145083932853717,-0.10408343500256326,0.4866887534831202,0.0004598869473800094,0.24492830963327805,0.5923599187335582,0.0021860048964502618,0.006133006438206576,2,0.0,0.0,0.0,0.0,P01 rising | P02 streak 11 | P07 price percentile 1.00,Crude | Currency | Refined product | Supply,OPEC_OUTPUT_INCREASE,"Pattern confidence is detection confidence, not validated predictive probability. | Insufficient local competitor history before decision date | Internal and external evidence disagree; discretionary volume is penalised.",Operational minimum: objective improvement is below action threshold
2026-07-07,WIDGET_FULL,368318,Verde,1.443,2218.715000906008,0.0,0.0,2.0,0.0,0.0,-0.295855738075858,0.6,-0.0015976209856096333,-0.6449829411624082,0.4032484052288531,-0.0006418262196974083,-0.4197227536103139,0.5410473561605696,-0.0012585140811051123,0.0007673014628086876,2,5.898837824718196e-07,5.898837824718196e-07,0.0,5.742349903152157e-09,P01 rising | P02 streak 1 | P07 price percentile 0.98,Crude | Currency | Supply,OPEC_OUTPUT_INCREASE,"Pattern confidence is detection confidence, not validated predictive probability. | Insufficient local competitor history before decision date",Operational minimum: objective improvement is below action threshold
2026-07-07,WIDGET_FULL,368319,Diesel,1.547,1511.8096699783905,0.0,0.0,2.0,0.0,0.0,0.43884892086330934,0.7166666666666667,0.003145083932853717,-0.10408343500256326,0.4866887534831202,0.0004598869473800094,0.24492830963327805,0.5923599187335582,0.0021860048964502618,0.006133006438206576,2,0.0,0.0,0.0,0.0,P01 rising | P02 streak 11 | P07 price percentile 1.00,Crude | Currency | Refined product | Supply,OPEC_OUTPUT_INCREASE,"Pattern confidence is detection confidence, not validated predictive probability. | Insufficient local competitor history before decision date | Internal and external evidence disagree; discretionary volume is penalised.",Operational minimum: objective improvement is below action threshold
2026-07-07,WIDGET_FULL,368319,Verde,1.443,821.3194111725279,0.0,0.0,2.0,0.0,0.0,-0.295855738075858,0.6,-0.0015976209856096333,-0.6449829411624082,0.4032484052288531,-0.0006418262196974083,-0.4197227536103139,0.5410473561605696,-0.0012585140811051123,0.0007673014628086876,2,5.337776489670839e-07,5.337776489670839e-07,0.0,5.196172740115635e-09,P01 rising | P02 streak 1 | P07 price percentile 0.98,Crude | Currency | Supply,OPEC_OUTPUT_INCREASE,"Pattern confidence is detection confidence, not validated predictive probability. | Insufficient local competitor history before decision date",Operational minimum: objective improvement is below action threshold
2026-07-07,WIDGET_FULL,368320,Diesel,1.547,20381.454306918495,0.0,0.0,2.0,0.0,0.0,0.43884892086330934,0.7166666666666667,0.003145083932853717,-0.10408343500256326,0.4866887534831202,0.0004598869473800094,0.24492830963327805,0.5923599187335582,0.0021860048964502618,0.006133006438206576,2,0.0,0.0,0.0,0.0,P01 rising | P02 streak 11 | P07 price percentile 1.00,Crude | Currency | Refined product | Supply,OPEC_OUTPUT_INCREASE,"Pattern confidence is detection confidence, not validated predictive probability. | Insufficient local competitor history before decision date | Internal and external evidence disagree; discretionary volume is penalised.",Operational minimum: objective improvement is below action threshold
2026-07-07,WIDGET_FULL,368320,Verde,1.443,1516.5959057288624,0.0,0.0,2.0,0.0,0.0,-0.295855738075858,0.6,-0.0015976209856096333,-0.6449829411624082,0.4032484052288531,-0.0006418262196974083,-0.4197227536103139,0.5410473561605696,-0.0012585140811051123,0.0007673014628086876,2,2.0936271064547818e-07,2.0936271064547818e-07,0.0,2.038086106098264e-09,P01 rising | P02 streak 1 | P07 price percentile 0.98,Crude | Currency | Supply,OPEC_OUTPUT_INCREASE,"Pattern confidence is detection confidence, not validated predictive probability. | Insufficient local competitor history before decision date",Operational minimum: objective improvement is below action threshold
2026-07-07,WIDGET_FULL,368321,Diesel,1.547,955.5390068690941,0.0,0.0,2.0,0.0,0.0,0.43884892086330934,0.7166666666666667,0.003145083932853717,-0.10408343500256326,0.4866887534831202,0.0004598869473800094,0.24492830963327805,0.5923599187335582,0.0021860048964502618,0.006133006438206576,2,0.0,0.0,0.0,0.0,P01 rising | P02 streak 11 | P07 price percentile 1.00,Crude | Currency | Refined product | Supply,OPEC_OUTPUT_INCREASE,"Pattern confidence is detection confidence, not validated predictive probability. | Insufficient local competitor history before decision date | Internal and external evidence disagree; discretionary volume is penalised.",Operational minimum: objective improvement is below action threshold
2026-07-07,WIDGET_FULL,368321,Verde,1.443,1275.0915809344774,0.0,0.0,2.0,0.0,0.0,-0.295855738075858,0.6,-0.0015976209856096333,-0.6449829411624082,0.4032484052288531,-0.0006418262196974083,-0.4197227536103139,0.5410473561605696,-0.0012585140811051123,0.0007673014628086876,2,0.0,0.0,0.0,0.0,P01 rising | P02 streak 1 | P07 price percentile 0.98,Crude | Currency | Supply,OPEC_OUTPUT_INCREASE,"Pattern confidence is detection confidence, not validated predictive probability. | Insufficient local competitor history before decision date",Operational minimum: objective improvement is below action threshold
2026-07-07,WIDGET_FULL,368322,Diesel,1.547,1535.0276251839978,0.0,0.0,2.0,0.0,0.0,0.43884892086330934,0.7166666666666667,0.003145083932853717,-0.10408343500256326,0.4866887534831202,0.0004598869473800094,0.24492830963327805,0.5923599187335582,0.0021860048964502618,0.006133006438206576,2,0.0,0.0,0.0,0.0,P01 rising | P02 streak 11 | P07 price percentile 1.00,Crude | Currency | Refined product | Supply,OPEC_OUTPUT_INCREASE,"Pattern confidence is detection confidence, not validated predictive probability. | Insufficient local competitor history before decision date | Internal and external evidence disagree; discretionary volume is penalised.",Operational minimum: objective improvement is below action threshold
2026-07-07,WIDGET_FULL,368322,Verde,1.443,921.4942847546797,0.0,0.0,2.0,0.0,0.0,-0.295855738075858,0.6,-0.0015976209856096333,-0.6449829411624082,0.4032484052288531,-0.0006418262196974083,-0.4197227536103139,0.5410473561605696,-0.0012585140811051123,0.0007673014628086876,2,0.0,0.0,0.0,0.0,P01 rising | P02 streak 1 | P07 price percentile 0.98,Crude | Currency | Supply,OPEC_OUTPUT_INCREASE,"Pattern confidence is detection confidence, not validated predictive probability. | Insufficient local competitor history before decision date",Operational minimum: objective improvement is below action threshold
2026-07-08,WIDGET_FULL,368318,Diesel,1.5518599999999998,2057.0763241407694,20299.99999955033,31502.75799930217,0.0,0.0,20299.99999955033,0.43884892086330934,0.7166666666666667,0.003145083932853717,0.5431578350986409,0.6040880751109023,0.001492109850345297,0.48142403918866744,0.7098911925529038,0.0024703998210742406,0.00598870859924543,0,31502.75799930217,31502.75799930217,0.0,0.0,P01 rising | P02 streak 12 | P07 price percentile 1.00,Crude | Currency | Geopolitics | Refined product | Refining and supply | Supply,HORMUZ_ESCALATION | OPEC_OUTPUT_INCREASE | RUSSIA_DIESEL_EXPORT_BAN,"Pattern confidence is detection confidence, not validated predictive probability. | Insufficient local competitor history before decision date",Final quotation-date stock equalisation
2026-07-08,WIDGET_FULL,368318,Verde,1.44554,1144.4165854048983,10000.000000410453,14455.400000593327,0.0,4.1045359466806985e-07,10000.0,-0.2491467576791809,0.5833333333333334,-0.0013080204778156998,0.5372303215414805,0.5841750234324633,0.00040613551204170517,0.10500357443547943,0.5338827423421056,-0.0005360385252059294,0.0014051223516632742,0,14455.400000593327,14455.400000593327,0.0,0.0,P02 streak 1 | P03 stable premium | P07 price percentile 1.00,Crude | Currency | Geopolitics | Refining and supply | Supply,HORMUZ_ESCALATION | OPEC_OUTPUT_INCREASE | RUSSIA_DIESEL_EXPORT_BAN,"Pattern confidence is detection confidence, not validated predictive probability. | Insufficient local competitor history before decision date | Internal and external evidence disagree; discretionary volume is penalised.",Final quotation-date stock equalisation
2026-07-08,WIDGET_FULL,368319,Diesel,1.5518599999999998,1086.6744885398116,8910.810406704311,13828.33023774815,0.0,0.0,8910.810406704311,0.43884892086330934,0.7166666666666667,0.003145083932853717,0.5431578350986409,0.6040880751109023,0.001492109850345297,0.48142403918866744,0.7098911925529038,0.0024703998210742406,0.00598870859924543,0,13828.33023774815,13828.33023774815,0.0,0.0,P01 rising | P02 streak 12 | P07 price percentile 1.00,Crude | Currency | Geopolitics | Refined product | Refining and supply | Supply,HORMUZ_ESCALATION | OPEC_OUTPUT_INCREASE | RUSSIA_DIESEL_EXPORT_BAN,"Pattern confidence is detection confidence, not validated predictive probability. | Insufficient local competitor history before decision date",Final quotation-date stock equalisation
2026-07-08,WIDGET_FULL,368319,Verde,1.44554,440.13642012165514,8000.000000371414,11564.320000536894,0.0,3.7141376196814235e-07,8000.0,-0.2491467576791809,0.5833333333333334,-0.0013080204778156998,0.5372303215414805,0.5841750234324633,0.00040613551204170517,0.10500357443547943,0.5338827423421056,-0.0005360385252059294,0.0014051223516632742,0,11564.320000536894,11564.320000536894,0.0,0.0,P02 streak 1 | P03 stable premium | P07 price percentile 1.00,Crude | Currency | Geopolitics | Refining and supply | Supply,HORMUZ_ESCALATION | OPEC_OUTPUT_INCREASE | RUSSIA_DIESEL_EXPORT_BAN,"Pattern confidence is detection confidence, not validated predictive probability. | Insufficient local competitor history before decision date | Internal and external evidence disagree; discretionary volume is penalised.",Final quotation-date stock equalisation
2026-07-08,WIDGET_FULL,368320,Diesel,1.5518599999999998,19181.822039832343,29844.821066614135,46314.984020435804,0.0,0.0,29844.821066614135,0.43884892086330934,0.7166666666666667,0.003145083932853717,0.5431578350986409,0.6040880751109023,0.001492109850345297,0.48142403918866744,0.7098911925529038,0.0024703998210742406,0.00598870859924543,0,46314.984020435804,46314.984020435804,0.0,0.0,P01 rising | P02 streak 12 | P07 price percentile 1.00,Crude | Currency | Geopolitics | Refined product | Refining and supply | Supply,HORMUZ_ESCALATION | OPEC_OUTPUT_INCREASE | RUSSIA_DIESEL_EXPORT_BAN,"Pattern confidence is detection confidence, not validated predictive probability. | Insufficient local competitor history before decision date",Final quotation-date stock equalisation
2026-07-08,WIDGET_FULL,368320,Verde,1.44554,819.9484214653332,14000.00000014568,20237.560000210586,0.0,1.456789959775051e-07,14000.0,-0.2491467576791809,0.5833333333333334,-0.0013080204778156998,0.5372303215414805,0.5841750234324633,0.00040613551204170517,0.10500357443547943,0.5338827423421056,-0.0005360385252059294,0.0014051223516632742,0,20237.560000210586,20237.560000210586,0.0,0.0,P02 streak 1 | P03 stable premium | P07 price percentile 1.00,Crude | Currency | Geopolitics | Refining and supply | Supply,HORMUZ_ESCALATION | OPEC_OUTPUT_INCREASE | RUSSIA_DIESEL_EXPORT_BAN,"Pattern confidence is detection confidence, not validated predictive probability. | Insufficient local competitor history before decision date | Internal and external evidence disagree; discretionary volume is penalised.",Final quotation-date stock equalisation
2026-07-08,WIDGET_FULL,368321,Diesel,1.5518599999999998,477.9424441347639,9522.057555865236,14776.900238645023,0.0,0.0,9522.057555865236,0.43884892086330934,0.7166666666666667,0.003145083932853717,0.5431578350986409,0.6040880751109023,0.001492109850345297,0.48142403918866744,0.7098911925529038,0.0024703998210742406,0.00598870859924543,0,14776.900238645023,14776.900238645023,0.0,0.0,P01 rising | P02 streak 12 | P07 price percentile 1.00,Crude | Currency | Geopolitics | Refined product | Refining and supply | Supply,HORMUZ_ESCALATION | OPEC_OUTPUT_INCREASE | RUSSIA_DIESEL_EXPORT_BAN,"Pattern confidence is detection confidence, not validated predictive probability. | Insufficient local competitor history before decision date",Final quotation-date stock equalisation
2026-07-08,WIDGET_FULL,368321,Verde,1.44554,924.1038223667894,8233.655123831832,11902.077827703866,0.0,0.0,8233.655123831832,-0.2491467576791809,0.5833333333333334,-0.0013080204778156998,0.5372303215414805,0.5841750234324633,0.00040613551204170517,0.10500357443547943,0.5338827423421056,-0.0005360385252059294,0.0014051223516632742,0,11902.077827703866,11902.077827703866,0.0,0.0,P02 streak 1 | P03 stable premium | P07 price percentile 1.00,Crude | Currency | Geopolitics | Refining and supply | Supply,HORMUZ_ESCALATION | OPEC_OUTPUT_INCREASE | RUSSIA_DIESEL_EXPORT_BAN,"Pattern confidence is detection confidence, not validated predictive probability. | Insufficient local competitor history before decision date | Internal and external evidence disagree; discretionary volume is penalised.",Final quotation-date stock equalisation
2026-07-08,WIDGET_FULL,368322,Diesel,1.5518599999999998,974.1247231781374,13025.875276821862,20214.334807088773,0.0,0.0,13025.875276821862,0.43884892086330934,0.7166666666666667,0.003145083932853717,0.5431578350986409,0.6040880751109023,0.001492109850345297,0.48142403918866744,0.7098911925529038,0.0024703998210742406,0.00598870859924543,0,20214.334807088773,20214.334807088773,0.0,0.0,P01 rising | P02 streak 12 | P07 price percentile 1.00,Crude | Currency | Geopolitics | Refined product | Refining and supply | Supply,HORMUZ_ESCALATION | OPEC_OUTPUT_INCREASE | RUSSIA_DIESEL_EXPORT_BAN,"Pattern confidence is detection confidence, not validated predictive probability. | Insufficient local competitor history before decision date",Final quotation-date stock equalisation
2026-07-08,WIDGET_FULL,368322,Verde,1.44554,503.39530818610166,9599.999999570797,13877.18399937957,0.0,0.0,9599.999999570797,-0.2491467576791809,0.5833333333333334,-0.0013080204778156998,0.5372303215414805,0.5841750234324633,0.00040613551204170517,0.10500357443547943,0.5338827423421056,-0.0005360385252059294,0.0014051223516632742,0,13877.18399937957,13877.18399937957,0.0,0.0,P02 streak 1 | P03 stable premium | P07 price percentile 1.00,Crude | Currency | Geopolitics | Refining and supply | Supply,HORMUZ_ESCALATION | OPEC_OUTPUT_INCREASE | RUSSIA_DIESEL_EXPORT_BAN,"Pattern confidence is detection confidence, not validated predictive probability. | Insufficient local competitor history before decision date | Internal and external evidence disagree; discretionary volume is penalised.",Final quotation-date stock equalisation
