date,strategy,distributor_id,product,quotation_eur_per_litre,inventory_before_litres,operational_required_litres,signal_score,signal_confidence,adjusted_signal,observed_price_percentile,patterns_used,candidate_purchase_litres,target_cover_days,purchase_cost_eur,expected_future_cost_eur,holding_cost_eur,capital_cost_eur,order_cost_eur,expected_cost_eur,downside_cost_eur,robust_objective_eur,expected_future_price_eur_per_litre,selected,selection_reason,scenario_costs_eur
2026-06-16,WIDGET,368318,Diesel,1.493,20300.0,0.0,0.0,0.0,0.0,0.5,P07 price percentile 0.50,0.0,9.0,0.0,13179.161568423588,0.0,0.0,0.0,13179.161568423588,0.0,13179.161568423588,1.493,True,Selected because it is the operational minimum.,[13179.161568423588]
2026-06-16,WIDGET,368318,Diesel,1.493,20300.0,0.0,0.0,0.0,0.0,0.5,P07 price percentile 0.50,607.700637,10.0,907.2970510410001,12271.864517382586,0.0,0.0,0.0,13179.161568423586,0.0,13179.161568423586,1.493,False,Feasible candidate rejected because its robust objective is higher.,[13179.161568423586]
2026-06-16,WIDGET,368318,Diesel,1.493,20300.0,0.0,0.0,0.0,0.0,0.5,P07 price percentile 0.50,2855.810819,11.0,4263.725552767,8915.43601565659,0.0,0.0,0.0,13179.161568423591,0.0,13179.161568423591,1.493,False,Feasible candidate rejected because its robust objective is higher.,[13179.161568423591]
2026-06-16,WIDGET,368318,Diesel,1.493,20300.0,0.0,0.0,0.0,0.0,0.5,P07 price percentile 0.50,4992.411264,12.0,7453.670017152001,5725.491551271584,0.0,0.0,0.0,13179.161568423584,0.0,13179.161568423584,1.493,False,Feasible candidate rejected because its robust objective is higher.,[13179.161568423584]
2026-06-16,WIDGET,368318,Diesel,1.493,20300.0,0.0,0.0,0.0,0.0,0.5,P07 price percentile 0.50,6793.309921,13.0,10142.411712053,3036.749856370587,0.0,0.0,0.0,13179.161568423588,0.0,13179.161568423588,1.493,False,Feasible candidate rejected because its robust objective is higher.,[13179.161568423588]
2026-06-16,WIDGET,368318,Diesel,1.493,20300.0,0.0,0.0,0.0,0.0,0.5,P07 price percentile 0.50,8827.301787,14.0,13179.161567991001,4.3258657387923454e-07,0.0,0.0,0.0,13179.161568423588,0.0,13179.161568423588,1.493,False,Feasible candidate rejected because its robust objective is higher.,[13179.161568423588]
2026-06-16,WIDGET,368318,Diesel,1.493,20300.0,0.0,0.0,0.0,0.0,0.5,P07 price percentile 0.50,14700.0,14.0,21947.100000000002,0.0,0.0,0.0,0.0,21947.100000000002,0.0,21947.100000000002,1.493,False,Feasible candidate rejected because its robust objective is higher.,[21947.100000000002]
2026-06-16,WIDGET,368318,Verde,1.398,10000.0,0.0,0.0,0.0,0.0,0.5,P07 price percentile 0.50,0.0,8.0,0.0,9289.009015859598,0.0,0.0,0.0,9289.009015859598,0.0,9289.009015859598,1.398,True,Selected because it is the operational minimum.,[9289.009015859598]
2026-06-16,WIDGET,368318,Verde,1.398,10000.0,0.0,0.0,0.0,0.0,0.5,P07 price percentile 0.50,540.964292,9.0,756.2680802159999,8532.740935643598,0.0,0.0,0.0,9289.009015859598,0.0,9289.009015859598,1.398,False,Feasible candidate rejected because its robust objective is higher.,[9289.009015859598]
2026-06-16,WIDGET,368318,Verde,1.398,10000.0,0.0,0.0,0.0,0.0,0.5,P07 price percentile 0.50,1848.902644,10.0,2584.7658963119998,6704.243119547599,0.0,0.0,0.0,9289.0090158596,0.0,9289.0090158596,1.398,False,Feasible candidate rejected because its robust objective is higher.,[9289.0090158596]
2026-06-16,WIDGET,368318,Verde,1.398,10000.0,0.0,0.0,0.0,0.0,0.5,P07 price percentile 0.50,3174.111615,11.0,4437.408037769999,4851.600978089599,0.0,0.0,0.0,9289.0090158596,0.0,9289.0090158596,1.398,False,Feasible candidate rejected because its robust objective is higher.,[9289.0090158596]
2026-06-16,WIDGET,368318,Verde,1.398,10000.0,0.0,0.0,0.0,0.0,0.5,P07 price percentile 0.50,4426.574793,12.0,6188.351560613999,3100.657455245599,0.0,0.0,0.0,9289.009015859598,0.0,9289.009015859598,1.398,False,Feasible candidate rejected because its robust objective is higher.,[9289.009015859598]
2026-06-16,WIDGET,368318,Verde,1.398,10000.0,0.0,0.0,0.0,0.0,0.5,P07 price percentile 0.50,5502.437439,13.0,7692.4075397219995,1596.6014761375973,0.0,0.0,0.0,9289.009015859596,0.0,9289.009015859596,1.398,False,Feasible candidate rejected because its robust objective is higher.,[9289.009015859596]
2026-06-16,WIDGET,368318,Verde,1.398,10000.0,0.0,0.0,0.0,0.0,0.5,P07 price percentile 0.50,6644.498581,14.0,9289.009016237998,0.0,0.0,0.0,0.0,9289.009016237998,0.0,9289.009016237998,1.398,False,Feasible candidate rejected because its robust objective is higher.,[9289.009016237998]
2026-06-16,WIDGET,368318,Verde,1.398,10000.0,0.0,0.0,0.0,0.0,0.5,P07 price percentile 0.50,20000.0,14.0,27960.0,0.0,0.0,0.0,0.0,27960.0,0.0,27960.0,1.398,False,Feasible candidate rejected because its robust objective is higher.,[27960.0]
2026-06-16,WIDGET,368319,Diesel,1.493,9600.0,0.0,0.0,0.0,0.0,0.5,P07 price percentile 0.50,0.0,14.0,0.0,0.0,0.0,0.0,0.0,0.0,0.0,0.0,1.493,True,Selected because it is the operational minimum.,[0.0]
2026-06-16,WIDGET,368319,Diesel,1.493,9600.0,0.0,0.0,0.0,0.0,0.5,P07 price percentile 0.50,400.0,14.0,597.2,0.0,0.0,0.0,0.0,597.2,0.0,597.2,1.493,False,Feasible candidate rejected because its robust objective is higher.,[597.2]
2026-06-16,WIDGET,368319,Verde,1.398,8000.0,0.0,0.0,0.0,0.0,0.5,P07 price percentile 0.50,0.0,14.0,0.0,0.0,0.0,0.0,0.0,0.0,0.0,0.0,1.398,True,Selected because it is the operational minimum.,[0.0]
2026-06-16,WIDGET,368319,Verde,1.398,8000.0,0.0,0.0,0.0,0.0,0.5,P07 price percentile 0.50,2000.0,14.0,2796.0,0.0,0.0,0.0,0.0,2796.0,0.0,2796.0,1.398,False,Feasible candidate rejected because its robust objective is higher.,[2796.0]
2026-06-16,WIDGET,368320,Diesel,1.493,47800.0,0.0,0.0,0.0,0.0,0.5,P07 price percentile 0.50,0.0,14.0,0.0,0.0,0.0,0.0,0.0,0.0,0.0,0.0,1.493,True,Selected because it is the operational minimum.,[0.0]
2026-06-16,WIDGET,368320,Diesel,1.493,47800.0,0.0,0.0,0.0,0.0,0.5,P07 price percentile 0.50,2200.0,14.0,3284.6000000000004,0.0,0.0,0.0,0.0,3284.6000000000004,0.0,3284.6000000000004,1.493,False,Feasible candidate rejected because its robust objective is higher.,[3284.6000000000004]
2026-06-16,WIDGET,368320,Verde,1.398,14000.0,0.0,0.0,0.0,0.0,0.5,P07 price percentile 0.50,0.0,14.0,0.0,0.0,0.0,0.0,0.0,0.0,0.0,0.0,1.398,True,Selected because it is the operational minimum.,[0.0]
2026-06-16,WIDGET,368320,Verde,1.398,14000.0,0.0,0.0,0.0,0.0,0.5,P07 price percentile 0.50,36000.0,14.0,50328.0,0.0,0.0,0.0,0.0,50328.0,0.0,50328.0,1.398,False,Feasible candidate rejected because its robust objective is higher.,[50328.0]
2026-06-16,WIDGET,368321,Diesel,1.493,9600.0,0.0,0.0,0.0,0.0,0.5,P07 price percentile 0.50,0.0,14.0,0.0,0.0,0.0,0.0,0.0,0.0,0.0,0.0,1.493,True,Selected because it is the operational minimum.,[0.0]
2026-06-16,WIDGET,368321,Diesel,1.493,9600.0,0.0,0.0,0.0,0.0,0.5,P07 price percentile 0.50,400.0,14.0,597.2,0.0,0.0,0.0,0.0,597.2,0.0,597.2,1.493,False,Feasible candidate rejected because its robust objective is higher.,[597.2]
2026-06-16,WIDGET,368321,Verde,1.398,8800.0,0.0,0.0,0.0,0.0,0.5,P07 price percentile 0.50,0.0,14.0,0.0,0.0,0.0,0.0,0.0,0.0,0.0,0.0,1.398,True,Selected because it is the operational minimum.,[0.0]
2026-06-16,WIDGET,368321,Verde,1.398,8800.0,0.0,0.0,0.0,0.0,0.5,P07 price percentile 0.50,1200.0,14.0,1677.6,0.0,0.0,0.0,0.0,1677.6,0.0,1677.6,1.398,False,Feasible candidate rejected because its robust objective is higher.,[1677.6]
2026-06-16,WIDGET,368322,Diesel,1.493,13600.0,0.0,0.0,0.0,0.0,0.5,P07 price percentile 0.50,0.0,14.0,0.0,0.0,0.0,0.0,0.0,0.0,0.0,0.0,1.493,True,Selected because it is the operational minimum.,[0.0]
2026-06-16,WIDGET,368322,Diesel,1.493,13600.0,0.0,0.0,0.0,0.0,0.5,P07 price percentile 0.50,400.0,14.0,597.2,0.0,0.0,0.0,0.0,597.2,0.0,597.2,1.493,False,Feasible candidate rejected because its robust objective is higher.,[597.2]
2026-06-16,WIDGET,368322,Verde,1.398,9600.0,0.0,0.0,0.0,0.0,0.5,P07 price percentile 0.50,0.0,14.0,0.0,0.0,0.0,0.0,0.0,0.0,0.0,0.0,1.398,True,Selected because it is the operational minimum.,[0.0]
2026-06-16,WIDGET,368322,Verde,1.398,9600.0,0.0,0.0,0.0,0.0,0.5,P07 price percentile 0.50,4400.0,14.0,6151.2,0.0,0.0,0.0,0.0,6151.2,0.0,6151.2,1.398,False,Feasible candidate rejected because its robust objective is higher.,[6151.2]
2026-06-17,WIDGET,368318,Diesel,1.478,18367.31371607538,0.0,0.030837004405286365,0.6000000000000001,0.01850220264317182,0.0,P02 streak 1 | P07 price percentile 0.00,0.0,8.0,0.0,15924.166134626661,0.0,0.0,0.0,15924.166134626661,0.0,15924.166134626661,1.479942731277533,False,Operational-minimum benchmark; feasible but not selected.,[15924.166134626661]
2026-06-17,WIDGET,368318,Diesel,1.478,18367.31371607538,0.0,0.030837004405286365,0.6000000000000001,0.01850220264317182,0.0,P02 streak 1 | P07 price percentile 0.00,607.700637,9.0,898.181541486,15024.803994105781,0.0,0.0,0.0,15922.98553559178,0.0,15922.98553559178,1.479942731277533,False,Feasible candidate rejected because its robust objective is higher.,[15922.98553559178]
2026-06-17,WIDGET,368318,Diesel,1.478,18367.31371607538,0.0,0.030837004405286365,0.6000000000000001,0.01850220264317182,0.0,P02 streak 1 | P07 price percentile 0.00,2855.810819,10.0,4220.8883904819995,11697.729671143874,0.0,0.0,0.0,15918.618061625873,0.0,15918.618061625873,1.479942731277533,False,Feasible candidate rejected because its robust objective is higher.,[15918.618061625873]
2026-06-17,WIDGET,368318,Diesel,1.478,18367.31371607538,0.0,0.030837004405286365,0.6000000000000001,0.01850220264317182,0.0,P02 streak 1 | P07 price percentile 0.00,4992.411264,11.0,7378.783848192001,8535.683372921781,0.0,0.0,0.0,15914.467221113782,0.0,15914.467221113782,1.479942731277533,False,Feasible candidate rejected because its robust objective is higher.,[15914.467221113782]
2026-06-17,WIDGET,368318,Diesel,1.478,18367.31371607538,0.0,0.030837004405286365,0.6000000000000001,0.01850220264317182,0.0,P02 streak 1 | P07 price percentile 0.00,6793.309921,12.0,10040.512063238,5870.456495727159,0.0,0.0,0.0,15910.96855896516,0.0,15910.96855896516,1.479942731277533,False,Feasible candidate rejected because its robust objective is higher.,[15910.96855896516]
2026-06-17,WIDGET,368318,Diesel,1.478,18367.31371607538,0.0,0.030837004405286365,0.6000000000000001,0.01850220264317182,0.0,P02 streak 1 | P07 price percentile 0.00,8827.301787,13.0,13046.752041186,2860.265018162832,0.0,0.0,0.0,15907.017059348833,0.0,15907.017059348833,1.479942731277533,False,Feasible candidate rejected because its robust objective is higher.,[15907.017059348833]
2026-06-17,WIDGET,368318,Diesel,1.478,18367.31371607538,0.0,0.030837004405286365,0.6000000000000001,0.01850220264317182,0.0,P02 streak 1 | P07 price percentile 0.00,10759.988071,14.0,15903.262368938,3.17246833211529e-07,0.0,0.0,0.0,15903.262369255246,0.0,15903.262369255246,1.479942731277533,True,Selected because it has the lowest robust objective.,[15903.262369255246]
2026-06-17,WIDGET,368318,Diesel,1.478,18367.31371607538,0.0,0.030837004405286365,0.6000000000000001,0.01850220264317182,0.0,P02 streak 1 | P07 price percentile 0.00,16632.686284,14.0,24583.110327751998,0.0,0.0,0.0,0.0,24583.110327751998,0.0,24583.110327751998,1.479942731277533,False,Feasible candidate rejected because its robust objective is higher.,[24583.110327751998]
2026-06-17,WIDGET,368318,Verde,1.384,8925.701584498891,0.0,0.030837004405286365,0.6000000000000001,0.01850220264317182,0.0,P02 streak 1 | P07 price percentile 0.00,0.0,7.0,0.0,10696.810887909132,0.0,0.0,0.0,10696.810887909132,0.0,10696.810887909132,1.3858132158590308,False,Operational-minimum benchmark; feasible but not selected.,[10696.810887909132]
2026-06-17,WIDGET,368318,Verde,1.384,8925.701584498891,0.0,0.030837004405286365,0.6000000000000001,0.01850220264317182,0.0,P02 streak 1 | P07 price percentile 0.00,540.964292,8.0,748.694580128,9947.135422747708,0.0,0.0,0.0,10695.830002875708,0.0,10695.830002875708,1.3858132158590308,False,Feasible candidate rejected because its robust objective is higher.,[10695.830002875708]
2026-06-17,WIDGET,368318,Verde,1.384,8925.701584498891,0.0,0.030837004405286365,0.6000000000000001,0.01850220264317182,0.0,P02 streak 1 | P07 price percentile 0.00,1848.902644,9.0,2558.881259296,8134.577169017229,0.0,0.0,0.0,10693.458428313228,0.0,10693.458428313228,1.3858132158590308,False,Feasible candidate rejected because its robust objective is higher.,[10693.458428313228]
2026-06-17,WIDGET,368318,Verde,1.384,8925.701584498891,0.0,0.030837004405286365,0.6000000000000001,0.01850220264317182,0.0,P02 streak 1 | P07 price percentile 0.00,3174.111615,10.0,4392.970475159999,6298.085063230481,0.0,0.0,0.0,10691.05553839048,0.0,10691.05553839048,1.3858132158590308,False,Feasible candidate rejected because its robust objective is higher.,[10691.05553839048]
2026-06-17,WIDGET,368318,Verde,1.384,8925.701584498891,0.0,0.030837004405286365,0.6000000000000001,0.01850220264317182,0.0,P02 streak 1 | P07 price percentile 0.00,4426.574793,11.0,6126.379513511999,4562.4050387812795,0.0,0.0,0.0,10688.784552293278,0.0,10688.784552293278,1.3858132158590308,False,Feasible candidate rejected because its robust objective is higher.,[10688.784552293278]
2026-06-17,WIDGET,368318,Verde,1.384,8925.701584498891,0.0,0.030837004405286365,0.6000000000000001,0.01850220264317182,0.0,P02 streak 1 | P07 price percentile 0.00,5502.437439,12.0,7615.373415575999,3071.4603655054143,0.0,0.0,0.0,10686.833781081414,0.0,10686.833781081414,1.3858132158590308,False,Feasible candidate rejected because its robust objective is higher.,[10686.833781081414]
2026-06-17,WIDGET,368318,Verde,1.384,8925.701584498891,0.0,0.030837004405286365,0.6000000000000001,0.01850220264317182,0.0,P02 streak 1 | P07 price percentile 0.00,6644.498581,13.0,9195.986036104,1488.776941602756,0.0,0.0,0.0,10684.762977706756,0.0,10684.762977706756,1.3858132158590308,False,Feasible candidate rejected because its robust objective is higher.,[10684.762977706756]
2026-06-17,WIDGET,368318,Verde,1.384,8925.701584498891,0.0,0.030837004405286365,0.6000000000000001,0.01850220264317182,0.0,P02 streak 1 | P07 price percentile 0.00,7718.796996,14.0,10682.815042463999,3.193474786973041e-07,0.0,0.0,0.0,10682.815042783346,0.0,10682.815042783346,1.3858132158590308,True,Selected because it has the lowest robust objective.,[10682.815042783346]
2026-06-17,WIDGET,368318,Verde,1.384,8925.701584498891,0.0,0.030837004405286365,0.6000000000000001,0.01850220264317182,0.0,P02 streak 1 | P07 price percentile 0.00,21074.298416,14.0,29166.829007744,0.0,0.0,0.0,0.0,29166.829007744,0.0,29166.829007744,1.3858132158590308,False,Feasible candidate rejected because its robust objective is higher.,[29166.829007744]
2026-06-17,WIDGET,368319,Diesel,1.478,9174.864818561422,0.0,0.030837004405286365,0.6000000000000001,0.01850220264317182,0.0,P02 streak 1 | P07 price percentile 0.00,0.0,14.0,0.0,0.0,0.0,0.0,0.0,0.0,0.0,0.0,1.479942731277533,True,Selected because it is the operational minimum.,[0.0]
2026-06-17,WIDGET,368319,Diesel,1.478,9174.864818561422,0.0,0.030837004405286365,0.6000000000000001,0.01850220264317182,0.0,P02 streak 1 | P07 price percentile 0.00,825.135181,14.0,1219.5497975179999,0.0,0.0,0.0,0.0,1219.5497975179999,0.0,1219.5497975179999,1.479942731277533,False,Feasible candidate rejected because its robust objective is higher.,[1219.5497975179999]
2026-06-17,WIDGET,368319,Verde,1.384,7618.817008949127,0.0,0.030837004405286365,0.6000000000000001,0.01850220264317182,0.0,P02 streak 1 | P07 price percentile 0.00,0.0,14.0,0.0,0.0,0.0,0.0,0.0,0.0,0.0,0.0,1.3858132158590308,True,Selected because it is the operational minimum.,[0.0]
2026-06-17,WIDGET,368319,Verde,1.384,7618.817008949127,0.0,0.030837004405286365,0.6000000000000001,0.01850220264317182,0.0,P02 streak 1 | P07 price percentile 0.00,2381.182991,14.0,3295.557259544,0.0,0.0,0.0,0.0,3295.557259544,0.0,3295.557259544,1.3858132158590308,False,Feasible candidate rejected because its robust objective is higher.,[3295.557259544]
2026-06-17,WIDGET,368320,Diesel,1.478,46600.367732913845,0.0,0.030837004405286365,0.6000000000000001,0.01850220264317182,0.0,P02 streak 1 | P07 price percentile 0.00,0.0,14.0,0.0,0.0,0.0,0.0,0.0,0.0,0.0,0.0,1.479942731277533,True,Selected because it is the operational minimum.,[0.0]
2026-06-17,WIDGET,368320,Diesel,1.478,46600.367732913845,0.0,0.030837004405286365,0.6000000000000001,0.01850220264317182,0.0,P02 streak 1 | P07 price percentile 0.00,3399.632267,14.0,5024.656490626,0.0,0.0,0.0,0.0,5024.656490626,0.0,5024.656490626,1.479942731277533,False,Feasible candidate rejected because its robust objective is higher.,[5024.656490626]
2026-06-17,WIDGET,368320,Verde,1.384,13303.352515736471,0.0,0.030837004405286365,0.6000000000000001,0.01850220264317182,0.0,P02 streak 1 | P07 price percentile 0.00,0.0,14.0,0.0,0.0,0.0,0.0,0.0,0.0,0.0,0.0,1.3858132158590308,True,Selected because it is the operational minimum.,[0.0]
2026-06-17,WIDGET,368320,Verde,1.384,13303.352515736471,0.0,0.030837004405286365,0.6000000000000001,0.01850220264317182,0.0,P02 streak 1 | P07 price percentile 0.00,36696.647484,14.0,50788.160117855994,0.0,0.0,0.0,0.0,50788.160117855994,0.0,50788.160117855994,1.3858132158590308,False,Feasible candidate rejected because its robust objective is higher.,[50788.160117855994]
2026-06-17,WIDGET,368321,Diesel,1.478,9122.40343726567,0.0,0.030837004405286365,0.6000000000000001,0.01850220264317182,0.0,P02 streak 1 | P07 price percentile 0.00,0.0,14.0,0.0,0.0,0.0,0.0,0.0,0.0,0.0,0.0,1.479942731277533,True,Selected because it is the operational minimum.,[0.0]
2026-06-17,WIDGET,368321,Diesel,1.478,9122.40343726567,0.0,0.030837004405286365,0.6000000000000001,0.01850220264317182,0.0,P02 streak 1 | P07 price percentile 0.00,877.596563,14.0,1297.087720114,0.0,0.0,0.0,0.0,1297.087720114,0.0,1297.087720114,1.479942731277533,False,Feasible candidate rejected because its robust objective is higher.,[1297.087720114]
2026-06-17,WIDGET,368321,Verde,1.384,8449.012241432312,0.0,0.030837004405286365,0.6000000000000001,0.01850220264317182,0.0,P02 streak 1 | P07 price percentile 0.00,0.0,14.0,0.0,0.0,0.0,0.0,0.0,0.0,0.0,0.0,1.3858132158590308,True,Selected because it is the operational minimum.,[0.0]
2026-06-17,WIDGET,368321,Verde,1.384,8449.012241432312,0.0,0.030837004405286365,0.6000000000000001,0.01850220264317182,0.0,P02 streak 1 | P07 price percentile 0.00,1550.987759,14.0,2146.567058456,0.0,0.0,0.0,0.0,2146.567058456,0.0,2146.567058456,1.3858132158590308,False,Feasible candidate rejected because its robust objective is higher.,[2146.567058456]
2026-06-17,WIDGET,368322,Diesel,1.478,13039.09709799414,0.0,0.030837004405286365,0.6000000000000001,0.01850220264317182,0.0,P02 streak 1 | P07 price percentile 0.00,0.0,14.0,0.0,0.0,0.0,0.0,0.0,0.0,0.0,0.0,1.479942731277533,True,Selected because it is the operational minimum.,[0.0]
2026-06-17,WIDGET,368322,Diesel,1.478,13039.09709799414,0.0,0.030837004405286365,0.6000000000000001,0.01850220264317182,0.0,P02 streak 1 | P07 price percentile 0.00,960.902902,14.0,1420.2144891560001,0.0,0.0,0.0,0.0,1420.2144891560001,0.0,1420.2144891560001,1.479942731277533,False,Feasible candidate rejected because its robust objective is higher.,[1420.2144891560001]
2026-06-17,WIDGET,368322,Verde,1.384,9181.901023431423,0.0,0.030837004405286365,0.6000000000000001,0.01850220264317182,0.0,P02 streak 1 | P07 price percentile 0.00,0.0,14.0,0.0,0.0,0.0,0.0,0.0,0.0,0.0,0.0,1.3858132158590308,True,Selected because it is the operational minimum.,[0.0]
2026-06-17,WIDGET,368322,Verde,1.384,9181.901023431423,0.0,0.030837004405286365,0.6000000000000001,0.01850220264317182,0.0,P02 streak 1 | P07 price percentile 0.00,4818.098977,14.0,6668.248984167999,0.0,0.0,0.0,0.0,6668.248984167999,0.0,6668.248984167999,1.3858132158590308,False,Feasible candidate rejected because its robust objective is higher.,[6668.248984167999]
2026-06-18,WIDGET,368318,Diesel,1.465,27070.22546338428,0.0,-0.3623978201634877,0.6333333333333333,-0.22951861943687554,0.0,P01 falling | P02 streak 2 | P07 price percentile 0.00,0.0,13.0,0.0,2967.3473573634783,0.0,0.0,0.0,2967.3473573634783,0.0,2967.3473573634783,1.4425071752951864,True,Selected because it is the operational minimum.,[2967.3473573634783]
2026-06-18,WIDGET,368318,Diesel,1.465,27070.22546338428,0.0,-0.3623978201634877,0.6333333333333333,-0.22951861943687554,0.0,P01 falling | P02 streak 2 | P07 price percentile 0.00,2057.076324,14.0,3013.6168146600003,0.0,0.0,0.0,0.0,3013.6168146600003,0.0,3013.6168146600003,1.4425071752951864,False,Feasible candidate rejected because its robust objective is higher.,[3013.6168146600003]
2026-06-18,WIDGET,368318,Diesel,1.465,27070.22546338428,0.0,-0.3623978201634877,0.6333333333333333,-0.22951861943687554,0.0,P01 falling | P02 streak 2 | P07 price percentile 0.00,7929.774537,14.0,11617.119696705002,0.0,0.0,0.0,0.0,11617.119696705002,0.0,11617.119696705002,1.4425071752951864,False,Feasible candidate rejected because its robust objective is higher.,[11617.119696705002]
2026-06-18,WIDGET,368318,Verde,1.375,15500.081994683538,0.0,-0.3623978201634877,0.6333333333333333,-0.22951861943687554,0.0,P01 falling | P02 streak 2 | P07 price percentile 0.00,0.0,13.0,0.0,1552.4282801643233,0.0,0.0,0.0,1552.4282801643233,0.0,1552.4282801643233,1.3565237511353314,True,Selected because it is the operational minimum.,[1552.4282801643233]
2026-06-18,WIDGET,368318,Verde,1.375,15500.081994683538,0.0,-0.3623978201634877,0.6333333333333333,-0.22951861943687554,0.0,P01 falling | P02 streak 2 | P07 price percentile 0.00,1144.416586,14.0,1573.57280575,6.211196862491954e-08,0.0,0.0,0.0,1573.572805812112,0.0,1573.572805812112,1.3565237511353314,False,Feasible candidate rejected because its robust objective is higher.,[1573.572805812112]
2026-06-18,WIDGET,368318,Verde,1.375,15500.081994683538,0.0,-0.3623978201634877,0.6333333333333333,-0.22951861943687554,0.0,P01 falling | P02 streak 2 | P07 price percentile 0.00,14499.918005,14.0,19937.387256875,0.0,0.0,0.0,0.0,19937.387256875,0.0,19937.387256875,1.3565237511353314,False,Feasible candidate rejected because its robust objective is higher.,[19937.387256875]
2026-06-18,WIDGET,368319,Diesel,1.465,8777.3799233173,0.0,-0.3623978201634877,0.6333333333333333,-0.22951861943687554,0.0,P01 falling | P02 streak 2 | P07 price percentile 0.00,0.0,14.0,0.0,0.0,0.0,0.0,0.0,0.0,0.0,0.0,1.4425071752951864,True,Selected because it is the operational minimum.,[0.0]
2026-06-18,WIDGET,368319,Diesel,1.465,8777.3799233173,0.0,-0.3623978201634877,0.6333333333333333,-0.22951861943687554,0.0,P01 falling | P02 streak 2 | P07 price percentile 0.00,1222.620077,14.0,1791.1384128050001,0.0,0.0,0.0,0.0,1791.1384128050001,0.0,1791.1384128050001,1.4425071752951864,False,Feasible candidate rejected because its robust objective is higher.,[1791.1384128050001]
2026-06-18,WIDGET,368319,Verde,1.375,7178.680588456058,0.0,-0.3623978201634877,0.6333333333333333,-0.22951861943687554,0.0,P01 falling | P02 streak 2 | P07 price percentile 0.00,0.0,14.0,0.0,0.0,0.0,0.0,0.0,0.0,0.0,0.0,1.3565237511353314,True,Selected because it is the operational minimum.,[0.0]
2026-06-18,WIDGET,368319,Verde,1.375,7178.680588456058,0.0,-0.3623978201634877,0.6333333333333333,-0.22951861943687554,0.0,P01 falling | P02 streak 2 | P07 price percentile 0.00,2821.319412,14.0,3879.3141914999997,0.0,0.0,0.0,0.0,3879.3141914999997,0.0,3879.3141914999997,1.3565237511353314,False,Feasible candidate rejected because its robust objective is higher.,[3879.3141914999997]
2026-06-18,WIDGET,368320,Diesel,1.465,45373.72462646737,0.0,-0.3623978201634877,0.6333333333333333,-0.22951861943687554,0.0,P01 falling | P02 streak 2 | P07 price percentile 0.00,0.0,14.0,0.0,0.0,0.0,0.0,0.0,0.0,0.0,0.0,1.4425071752951864,True,Selected because it is the operational minimum.,[0.0]
2026-06-18,WIDGET,368320,Diesel,1.465,45373.72462646737,0.0,-0.3623978201634877,0.6333333333333333,-0.22951861943687554,0.0,P01 falling | P02 streak 2 | P07 price percentile 0.00,4626.275374,14.0,6777.49342291,0.0,0.0,0.0,0.0,6777.49342291,0.0,6777.49342291,1.4425071752951864,False,Feasible candidate rejected because its robust objective is higher.,[6777.49342291]
2026-06-18,WIDGET,368320,Verde,1.375,12483.404094125459,0.0,-0.3623978201634877,0.6333333333333333,-0.22951861943687554,0.0,P01 falling | P02 streak 2 | P07 price percentile 0.00,0.0,14.0,0.0,0.0,0.0,0.0,0.0,0.0,0.0,0.0,1.3565237511353314,True,Selected because it is the operational minimum.,[0.0]
2026-06-18,WIDGET,368320,Verde,1.375,12483.404094125459,0.0,-0.3623978201634877,0.6333333333333333,-0.22951861943687554,0.0,P01 falling | P02 streak 2 | P07 price percentile 0.00,37516.595906,14.0,51585.31937075,0.0,0.0,0.0,0.0,51585.31937075,0.0,51585.31937075,1.3565237511353314,False,Feasible candidate rejected because its robust objective is higher.,[51585.31937075]
2026-06-18,WIDGET,368321,Diesel,1.465,8644.460993413799,0.0,-0.3623978201634877,0.6333333333333333,-0.22951861943687554,0.0,P01 falling | P02 streak 2 | P07 price percentile 0.00,0.0,14.0,0.0,0.0,0.0,0.0,0.0,0.0,0.0,0.0,1.4425071752951864,True,Selected because it is the operational minimum.,[0.0]
2026-06-18,WIDGET,368321,Diesel,1.465,8644.460993413799,0.0,-0.3623978201634877,0.6333333333333333,-0.22951861943687554,0.0,P01 falling | P02 streak 2 | P07 price percentile 0.00,1355.539007,14.0,1985.8646452550001,0.0,0.0,0.0,0.0,1985.8646452550001,0.0,1985.8646452550001,1.4425071752951864,False,Feasible candidate rejected because its robust objective is higher.,[1985.8646452550001]
2026-06-18,WIDGET,368321,Verde,1.375,8091.2532952336915,0.0,-0.3623978201634877,0.6333333333333333,-0.22951861943687554,0.0,P01 falling | P02 streak 2 | P07 price percentile 0.00,0.0,14.0,0.0,0.0,0.0,0.0,0.0,0.0,0.0,0.0,1.3565237511353314,True,Selected because it is the operational minimum.,[0.0]
2026-06-18,WIDGET,368321,Verde,1.375,8091.2532952336915,0.0,-0.3623978201634877,0.6333333333333333,-0.22951861943687554,0.0,P01 falling | P02 streak 2 | P07 price percentile 0.00,1908.746705,14.0,2624.526719375,0.0,0.0,0.0,0.0,2624.526719375,0.0,2624.526719375,1.3565237511353314,False,Feasible candidate rejected because its robust objective is higher.,[2624.526719375]
2026-06-18,WIDGET,368322,Diesel,1.465,12483.480695578608,0.0,-0.3623978201634877,0.6333333333333333,-0.22951861943687554,0.0,P01 falling | P02 streak 2 | P07 price percentile 0.00,0.0,14.0,0.0,0.0,0.0,0.0,0.0,0.0,0.0,0.0,1.4425071752951864,True,Selected because it is the operational minimum.,[0.0]
2026-06-18,WIDGET,368322,Diesel,1.465,12483.480695578608,0.0,-0.3623978201634877,0.6333333333333333,-0.22951861943687554,0.0,P01 falling | P02 streak 2 | P07 price percentile 0.00,1516.519304,14.0,2221.70078036,0.0,0.0,0.0,0.0,2221.70078036,0.0,2221.70078036,1.4425071752951864,False,Feasible candidate rejected because its robust objective is higher.,[2221.70078036]
2026-06-18,WIDGET,368322,Verde,1.375,8678.505715674524,0.0,-0.3623978201634877,0.6333333333333333,-0.22951861943687554,0.0,P01 falling | P02 streak 2 | P07 price percentile 0.00,0.0,14.0,0.0,0.0,0.0,0.0,0.0,0.0,0.0,0.0,1.3565237511353314,True,Selected because it is the operational minimum.,[0.0]
2026-06-18,WIDGET,368322,Verde,1.375,8678.505715674524,0.0,-0.3623978201634877,0.6333333333333333,-0.22951861943687554,0.0,P01 falling | P02 streak 2 | P07 price percentile 0.00,5321.494284,14.0,7317.0546405000005,0.0,0.0,0.0,0.0,7317.0546405000005,0.0,7317.0546405000005,1.3565237511353314,False,Feasible candidate rejected because its robust objective is higher.,[7317.0546405000005]
2026-06-19,WIDGET,368318,Diesel,1.445,24715.93832759817,0.0,-0.39534883720930225,0.6666666666666666,-0.26356589147286813,0.0,P01 falling | P02 streak 3 | P07 price percentile 0.00,0.0,12.0,0.0,6235.663326375918,0.0,0.0,0.0,6235.663326375917,66.0822246261805,6235.663326375917,1.4135455813953488,True,Selected because it is the operational minimum.,"[6128.820103382187, 6175.1394197089485, 6252.338280253551, 6283.217824471391, 6301.745551002097]"
2026-06-19,WIDGET,368318,Diesel,1.445,24715.93832759817,0.0,-0.39534883720930225,0.6666666666666666,-0.26356589147286813,0.0,P01 falling | P02 streak 3 | P07 price percentile 0.00,2057.076324,13.0,2972.4752881800005,3327.8921779927277,0.0,0.0,0.0,6300.367466172728,35.26722129266,6300.367466172728,1.4135455813953488,False,Feasible candidate rejected because its robust objective is higher.,"[6243.346631746278, 6268.066646671039, 6309.266671545642, 6325.746681495482, 6335.634687465388]"
2026-06-19,WIDGET,368318,Diesel,1.445,24715.93832759817,0.0,-0.39534883720930225,0.6666666666666666,-0.26356589147286813,0.0,P01 falling | P02 streak 3 | P07 price percentile 0.00,4411.36346,14.0,6374.4201997,0.0,0.0,0.0,0.0,6374.4201997,0.0,6374.4201997,1.4135455813953488,False,Feasible candidate rejected because its robust objective is higher.,"[6374.4201997, 6374.4201997, 6374.4201997, 6374.4201997, 6374.4201997]"
2026-06-19,WIDGET,368318,Diesel,1.445,24715.93832759817,0.0,-0.39534883720930225,0.6666666666666666,-0.26356589147286813,0.0,P01 falling | P02 streak 3 | P07 price percentile 0.00,10284.061672,14.0,14860.46911604,0.0,0.0,0.0,0.0,14860.469116040002,-1.8189894035458565e-12,14860.469116040002,1.4135455813953488,False,Feasible candidate rejected because its robust objective is higher.,"[14860.46911604, 14860.46911604, 14860.46911604, 14860.46911604, 14860.46911604]"
2026-06-19,WIDGET,368318,Verde,1.36,14192.143642072673,0.0,-0.39534883720930225,0.6666666666666666,-0.26356589147286813,0.0,P01 falling | P02 streak 3 | P07 price percentile 0.00,0.0,12.0,0.0,3284.2195881336156,0.0,0.0,0.0,3284.2195881336156,56.306069391556775,3284.2195881336156,1.339210542635659,True,Selected because it is the operational minimum.,"[3258.126531586309, 3263.276476957488, 3271.859719242786, 3314.7759306692774, 3340.5256575251724]"
2026-06-19,WIDGET,368318,Verde,1.36,14192.143642072673,0.0,-0.39534883720930225,0.6666666666666666,-0.26356589147286813,0.0,P01 falling | P02 streak 3 | P07 price percentile 0.00,1144.416586,13.0,1556.4065569600002,1751.6048309953082,0.0,0.0,0.0,3308.0113879553087,30.030264576996615,3308.0113879553087,1.339210542635659,False,Feasible candidate rejected because its robust objective is higher.,"[3294.0949238830417, 3296.8415944236203, 3301.419378657919, 3324.3082998294103, 3338.0416525323053]"
2026-06-19,WIDGET,368318,Verde,1.36,14192.143642072673,0.0,-0.39534883720930225,0.6666666666666666,-0.26356589147286813,0.0,P01 falling | P02 streak 3 | P07 price percentile 0.00,2452.354939,14.0,3335.20271704,0.0,0.0,0.0,0.0,3335.2027170400006,-4.547473508864641e-13,3335.2027170400006,1.339210542635659,False,Feasible candidate rejected because its robust objective is higher.,"[3335.20271704, 3335.20271704, 3335.20271704, 3335.20271704, 3335.20271704]"
2026-06-19,WIDGET,368318,Verde,1.36,14192.143642072673,0.0,-0.39534883720930225,0.6666666666666666,-0.26356589147286813,0.0,P01 falling | P02 streak 3 | P07 price percentile 0.00,15807.856358,14.0,21498.68464688,0.0,0.0,0.0,0.0,21498.68464688,0.0,21498.68464688,1.339210542635659,False,Feasible candidate rejected because its robust objective is higher.,"[21498.68464688, 21498.68464688, 21498.68464688, 21498.68464688, 21498.68464688]"
2026-06-19,WIDGET,368319,Diesel,1.445,8383.393330495626,0.0,-0.39534883720930225,0.6666666666666666,-0.26356589147286813,0.0,P01 falling | P02 streak 3 | P07 price percentile 0.00,0.0,14.0,0.0,0.0,0.0,0.0,0.0,0.0,0.0,0.0,1.4135455813953488,True,Selected because it is the operational minimum.,"[0.0, 0.0, 0.0, 0.0, 0.0]"
2026-06-19,WIDGET,368319,Diesel,1.445,8383.393330495626,0.0,-0.39534883720930225,0.6666666666666666,-0.26356589147286813,0.0,P01 falling | P02 streak 3 | P07 price percentile 0.00,1616.60667,14.0,2335.99663815,0.0,0.0,0.0,0.0,2335.99663815,0.0,2335.99663815,1.4135455813953488,False,Feasible candidate rejected because its robust objective is higher.,"[2335.99663815, 2335.99663815, 2335.99663815, 2335.99663815, 2335.99663815]"
2026-06-19,WIDGET,368319,Verde,1.36,6695.27442419071,0.0,-0.39534883720930225,0.6666666666666666,-0.26356589147286813,0.0,P01 falling | P02 streak 3 | P07 price percentile 0.00,0.0,14.0,0.0,0.0,0.0,0.0,0.0,0.0,0.0,0.0,1.339210542635659,True,Selected because it is the operational minimum.,"[0.0, 0.0, 0.0, 0.0, 0.0]"
2026-06-19,WIDGET,368319,Verde,1.36,6695.27442419071,0.0,-0.39534883720930225,0.6666666666666666,-0.26356589147286813,0.0,P01 falling | P02 streak 3 | P07 price percentile 0.00,3304.725576,14.0,4494.42678336,0.0,0.0,0.0,0.0,4494.42678336,0.0,4494.42678336,1.339210542635659,False,Feasible candidate rejected because its robust objective is higher.,"[4494.42678336, 4494.42678336, 4494.42678336, 4494.42678336, 4494.42678336]"
2026-06-19,WIDGET,368320,Diesel,1.445,44034.97163767555,0.0,-0.39534883720930225,0.6666666666666666,-0.26356589147286813,0.0,P01 falling | P02 streak 3 | P07 price percentile 0.00,0.0,14.0,0.0,0.0,0.0,0.0,0.0,0.0,0.0,0.0,1.4135455813953488,True,Selected because it is the operational minimum.,"[0.0, 0.0, 0.0, 0.0, 0.0]"
2026-06-19,WIDGET,368320,Diesel,1.445,44034.97163767555,0.0,-0.39534883720930225,0.6666666666666666,-0.26356589147286813,0.0,P01 falling | P02 streak 3 | P07 price percentile 0.00,5965.028362,14.0,8619.46598309,0.0,0.0,0.0,0.0,8619.46598309,0.0,8619.46598309,1.4135455813953488,False,Feasible candidate rejected because its robust objective is higher.,"[8619.46598309, 8619.46598309, 8619.46598309, 8619.46598309, 8619.46598309]"
2026-06-19,WIDGET,368320,Verde,1.36,11609.512999233086,0.0,-0.39534883720930225,0.6666666666666666,-0.26356589147286813,0.0,P01 falling | P02 streak 3 | P07 price percentile 0.00,0.0,14.0,0.0,0.0,0.0,0.0,0.0,0.0,0.0,0.0,1.339210542635659,True,Selected because it is the operational minimum.,"[0.0, 0.0, 0.0, 0.0, 0.0]"
2026-06-19,WIDGET,368320,Verde,1.36,11609.512999233086,0.0,-0.39534883720930225,0.6666666666666666,-0.26356589147286813,0.0,P01 falling | P02 streak 3 | P07 price percentile 0.00,38390.487001,14.0,52211.062321360005,0.0,0.0,0.0,0.0,52211.062321360005,0.0,52211.062321360005,1.339210542635659,False,Feasible candidate rejected because its robust objective is higher.,"[52211.062321360005, 52211.062321360005, 52211.062321360005, 52211.062321360005, 52211.062321360005]"
2026-06-19,WIDGET,368321,Diesel,1.445,8104.4129593838925,0.0,-0.39534883720930225,0.6666666666666666,-0.26356589147286813,0.0,P01 falling | P02 streak 3 | P07 price percentile 0.00,0.0,14.0,0.0,0.0,0.0,0.0,0.0,0.0,0.0,0.0,1.4135455813953488,True,Selected because it is the operational minimum.,"[0.0, 0.0, 0.0, 0.0, 0.0]"
2026-06-19,WIDGET,368321,Diesel,1.445,8104.4129593838925,0.0,-0.39534883720930225,0.6666666666666666,-0.26356589147286813,0.0,P01 falling | P02 streak 3 | P07 price percentile 0.00,1895.587041,14.0,2739.123274245,0.0,0.0,0.0,0.0,2739.123274245,0.0,2739.123274245,1.4135455813953488,False,Feasible candidate rejected because its robust objective is higher.,"[2739.123274245, 2739.123274245, 2739.123274245, 2739.123274245, 2739.123274245]"
2026-06-19,WIDGET,368321,Verde,1.36,7705.76924153959,0.0,-0.39534883720930225,0.6666666666666666,-0.26356589147286813,0.0,P01 falling | P02 streak 3 | P07 price percentile 0.00,0.0,14.0,0.0,0.0,0.0,0.0,0.0,0.0,0.0,0.0,1.339210542635659,True,Selected because it is the operational minimum.,"[0.0, 0.0, 0.0, 0.0, 0.0]"
2026-06-19,WIDGET,368321,Verde,1.36,7705.76924153959,0.0,-0.39534883720930225,0.6666666666666666,-0.26356589147286813,0.0,P01 falling | P02 streak 3 | P07 price percentile 0.00,2294.230758,14.0,3120.1538308800004,0.0,0.0,0.0,0.0,3120.153830880001,-4.547473508864641e-13,3120.153830880001,1.339210542635659,False,Feasible candidate rejected because its robust objective is higher.,"[3120.1538308800004, 3120.1538308800004, 3120.1538308800004, 3120.1538308800004, 3120.1538308800004]"
2026-06-19,WIDGET,368322,Diesel,1.445,11855.691936031775,0.0,-0.39534883720930225,0.6666666666666666,-0.26356589147286813,0.0,P01 falling | P02 streak 3 | P07 price percentile 0.00,0.0,14.0,0.0,0.0,0.0,0.0,0.0,0.0,0.0,0.0,1.4135455813953488,True,Selected because it is the operational minimum.,"[0.0, 0.0, 0.0, 0.0, 0.0]"
2026-06-19,WIDGET,368322,Diesel,1.445,11855.691936031775,0.0,-0.39534883720930225,0.6666666666666666,-0.26356589147286813,0.0,P01 falling | P02 streak 3 | P07 price percentile 0.00,2144.308064,14.0,3098.52515248,0.0,0.0,0.0,0.0,3098.5251524800005,-4.547473508864641e-13,3098.5251524800005,1.4135455813953488,False,Feasible candidate rejected because its robust objective is higher.,"[3098.52515248, 3098.52515248, 3098.52515248, 3098.52515248, 3098.52515248]"
2026-06-19,WIDGET,368322,Verde,1.36,8196.907168766365,0.0,-0.39534883720930225,0.6666666666666666,-0.26356589147286813,0.0,P01 falling | P02 streak 3 | P07 price percentile 0.00,0.0,14.0,0.0,0.0,0.0,0.0,0.0,0.0,0.0,0.0,1.339210542635659,True,Selected because it is the operational minimum.,"[0.0, 0.0, 0.0, 0.0, 0.0]"
2026-06-19,WIDGET,368322,Verde,1.36,8196.907168766365,0.0,-0.39534883720930225,0.6666666666666666,-0.26356589147286813,0.0,P01 falling | P02 streak 3 | P07 price percentile 0.00,5803.092831,14.0,7892.20625016,0.0,0.0,0.0,0.0,7892.206250160001,-9.094947017729282e-13,7892.206250160001,1.339210542635659,False,Feasible candidate rejected because its robust objective is higher.,"[7892.20625016, 7892.20625016, 7892.20625016, 7892.20625016, 7892.20625016]"
2026-06-20,WIDGET,368318,Diesel,1.415,22467.828146092874,0.0,-0.3673036093418258,0.7000000000000001,-0.2571125265392781,0.0,P01 falling | P02 streak 4 | P04 multi-day quotation | P07 price percentile 0.00,0.0,11.0,0.0,9168.654862994272,0.0,0.0,0.0,9168.654862994272,226.55529327351724,9168.654862994272,1.3767837154989384,True,Selected because it is the operational minimum.,"[8770.551528723521, 8980.324948421225, 9213.406525863114, 9353.255472328248, 9395.210156267789]"
2026-06-20,WIDGET,368318,Diesel,1.415,22467.828146092874,0.0,-0.3673036093418258,0.7000000000000001,-0.2571125265392781,0.0,P01 falling | P02 streak 4 | P04 multi-day quotation | P07 price percentile 0.00,2057.076324,12.0,2910.7629984600003,6336.505678572652,0.0,0.0,0.0,9247.26867703265,156.57355673103848,9247.26867703265,1.3767837154989384,False,Feasible candidate rejected because its robust objective is higher.,"[8972.137365410623, 9117.112880902325, 9278.196787004214, 9374.847130665348, 9403.84223376369]"
2026-06-20,WIDGET,368318,Diesel,1.415,22467.828146092874,0.0,-0.3673036093418258,0.7000000000000001,-0.2571125265392781,0.0,P01 falling | P02 streak 4 | P04 multi-day quotation | P07 price percentile 0.00,4411.36346,13.0,6242.079295899999,3095.1614881192177,0.0,0.0,0.0,9337.240784019217,76.48070836431725,9337.240784019217,1.3767837154989384,False,Feasible candidate rejected because its robust objective is higher.,"[9202.848757387268, 9273.664228094969, 9352.34808443686, 9399.558398241994, 9413.721492383534]"
2026-06-20,WIDGET,368318,Diesel,1.415,22467.828146092874,0.0,-0.3673036093418258,0.7000000000000001,-0.2571125265392781,0.0,P01 falling | P02 streak 4 | P04 multi-day quotation | P07 price percentile 0.00,6659.473641,14.0,9423.155202015,2.7104634051002013e-07,0.0,0.0,0.0,9423.155202286047,6.695699994452298e-09,9423.155202286047,1.3767837154989384,False,Feasible candidate rejected because its robust objective is higher.,"[9423.155202274276, 9423.155202280479, 9423.15520228737, 9423.155202291502, 9423.155202292743]"
2026-06-20,WIDGET,368318,Diesel,1.415,22467.828146092874,0.0,-0.3673036093418258,0.7000000000000001,-0.2571125265392781,0.0,P01 falling | P02 streak 4 | P04 multi-day quotation | P07 price percentile 0.00,12532.171854,14.0,17733.02317341,0.0,0.0,0.0,0.0,17733.02317341,0.0,17733.02317341,1.3767837154989384,False,Feasible candidate rejected because its robust objective is higher.,"[17733.02317341, 17733.02317341, 17733.02317341, 17733.02317341, 17733.02317341]"
2026-06-20,WIDGET,368318,Verde,1.353,12866.934671644143,0.0,-0.3673036093418258,0.7000000000000001,-0.2571125265392781,0.0,P01 falling | P02 streak 4 | P04 multi-day quotation | P07 price percentile 0.00,0.0,11.0,0.0,5036.0307731091925,0.0,0.0,0.0,5036.0307731091925,99.95434103439402,5036.0307731091925,1.3331424416135882,True,Selected because it is the operational minimum.,"[4948.240187862052, 4960.13951417567, 5032.85761942556, 5112.1864615163495, 5135.9851141435865]"
2026-06-20,WIDGET,368318,Verde,1.353,12866.934671644143,0.0,-0.3673036093418258,0.7000000000000001,-0.2571125265392781,0.0,P01 falling | P02 streak 4 | P04 multi-day quotation | P07 price percentile 0.00,1144.416586,12.0,1548.395640858,3510.360451426066,0.0,0.0,0.0,5058.756092284066,69.67307816883476,5058.756092284066,1.3331424416135882,False,Feasible candidate rejected because its robust objective is higher.,"[4997.5617484955665, 5005.856162563285, 5056.544248532674, 5111.840342317463, 5128.4291704529005]"
2026-06-20,WIDGET,368318,Verde,1.353,12866.934671644143,0.0,-0.3673036093418258,0.7000000000000001,-0.2571125265392781,0.0,P01 falling | P02 streak 4 | P04 multi-day quotation | P07 price percentile 0.00,2452.354939,13.0,3318.0362324669995,1766.6923220275892,0.0,0.0,0.0,5084.728554494589,35.06502934845412,5084.728554494589,1.3331424416135882,False,Feasible candidate rejected because its robust objective is higher.,"[5053.930698029809, 5058.105106285578, 5083.615378959717, 5111.444767331506, 5119.793583843043]"
2026-06-20,WIDGET,368318,Verde,1.353,12866.934671644143,0.0,-0.3673036093418258,0.7000000000000001,-0.2571125265392781,0.0,P01 falling | P02 streak 4 | P04 multi-day quotation | P07 price percentile 0.00,3777.563909,14.0,5111.043968877,1.1356143757578017e-07,0.0,0.0,0.0,5111.043968990562,2.253727870993316e-09,5111.043968990562,1.3331424416135882,False,Feasible candidate rejected because its robust objective is higher.,"[5111.043968988582, 5111.04396898885, 5111.04396899049, 5111.043968992279, 5111.043968992815]"
2026-06-20,WIDGET,368318,Verde,1.353,12866.934671644143,0.0,-0.3673036093418258,0.7000000000000001,-0.2571125265392781,0.0,P01 falling | P02 streak 4 | P04 multi-day quotation | P07 price percentile 0.00,17133.065328,14.0,23181.037388784,0.0,0.0,0.0,0.0,23181.037388784003,-3.637978807091713e-12,23181.037388784003,1.3331424416135882,False,Feasible candidate rejected because its robust objective is higher.,"[23181.037388784, 23181.037388784, 23181.037388784, 23181.037388784, 23181.037388784]"
2026-06-20,WIDGET,368319,Diesel,1.415,7955.332531697828,0.0,-0.3673036093418258,0.7000000000000001,-0.2571125265392781,0.0,P01 falling | P02 streak 4 | P04 multi-day quotation | P07 price percentile 0.00,0.0,14.0,0.0,0.0,0.0,0.0,0.0,0.0,0.0,0.0,1.3767837154989384,True,Selected because it is the operational minimum.,"[0.0, 0.0, 0.0, 0.0, 0.0]"
2026-06-20,WIDGET,368319,Diesel,1.415,7955.332531697828,0.0,-0.3673036093418258,0.7000000000000001,-0.2571125265392781,0.0,P01 falling | P02 streak 4 | P04 multi-day quotation | P07 price percentile 0.00,2044.667468,14.0,2893.2044672200004,0.0,0.0,0.0,0.0,2893.2044672200004,0.0,2893.2044672200004,1.3767837154989384,False,Feasible candidate rejected because its robust objective is higher.,"[2893.2044672200004, 2893.2044672200004, 2893.2044672200004, 2893.2044672200004, 2893.2044672200004]"
2026-06-20,WIDGET,368319,Verde,1.353,6056.867549259561,0.0,-0.3673036093418258,0.7000000000000001,-0.2571125265392781,0.0,P01 falling | P02 streak 4 | P04 multi-day quotation | P07 price percentile 0.00,0.0,13.0,0.0,674.1825993283571,0.0,0.0,0.0,674.182599328357,13.381069435188692,674.182599328357,1.3331424416135882,True,Selected because it is the operational minimum.,"[662.429914004329, 664.022898460899, 673.7578034732717, 684.3776998504056, 687.5636687635457]"
2026-06-20,WIDGET,368319,Verde,1.353,6056.867549259561,0.0,-0.3673036093418258,0.7000000000000001,-0.2571125265392781,0.0,P01 falling | P02 streak 4 | P04 multi-day quotation | P07 price percentile 0.00,505.709351,14.0,684.224751903,3.8939351229740047e-07,0.0,0.0,0.0,684.2247522923935,7.72854491515318e-09,684.2247522923935,1.3331424416135882,False,Feasible candidate rejected because its robust objective is higher.,"[684.2247522856054, 684.2247522865255, 684.2247522921481, 684.2247522982819, 684.2247523001221]"
2026-06-20,WIDGET,368319,Verde,1.353,6056.867549259561,0.0,-0.3673036093418258,0.7000000000000001,-0.2571125265392781,0.0,P01 falling | P02 streak 4 | P04 multi-day quotation | P07 price percentile 0.00,3943.132451,14.0,5335.058206203,0.0,0.0,0.0,0.0,5335.058206203001,-9.094947017729282e-13,5335.058206203001,1.3331424416135882,False,Feasible candidate rejected because its robust objective is higher.,"[5335.058206203, 5335.058206203, 5335.058206203, 5335.058206203, 5335.058206203]"
2026-06-20,WIDGET,368320,Diesel,1.415,42480.76150404869,0.0,-0.3673036093418258,0.7000000000000001,-0.2571125265392781,0.0,P01 falling | P02 streak 4 | P04 multi-day quotation | P07 price percentile 0.00,0.0,14.0,0.0,0.0,0.0,0.0,0.0,0.0,0.0,0.0,1.3767837154989384,True,Selected because it is the operational minimum.,"[0.0, 0.0, 0.0, 0.0, 0.0]"
2026-06-20,WIDGET,368320,Diesel,1.415,42480.76150404869,0.0,-0.3673036093418258,0.7000000000000001,-0.2571125265392781,0.0,P01 falling | P02 streak 4 | P04 multi-day quotation | P07 price percentile 0.00,7519.238496,14.0,10639.72247184,0.0,0.0,0.0,0.0,10639.72247184,0.0,10639.72247184,1.3767837154989384,False,Feasible candidate rejected because its robust objective is higher.,"[10639.72247184, 10639.72247184, 10639.72247184, 10639.72247184, 10639.72247184]"
2026-06-20,WIDGET,368320,Verde,1.353,10652.479955580331,0.0,-0.3673036093418258,0.7000000000000001,-0.2571125265392781,0.0,P01 falling | P02 streak 4 | P04 multi-day quotation | P07 price percentile 0.00,0.0,13.0,0.0,496.04731969259166,0.0,0.0,0.0,496.04731969259166,9.845468623127317,496.04731969259166,1.3331424416135882,True,Selected because it is the operational minimum.,"[487.3999768807443, 488.57205647873565, 495.7347651331272, 503.5486291197363, 505.892788315719]"
2026-06-20,WIDGET,368320,Verde,1.353,10652.479955580331,0.0,-0.3673036093418258,0.7000000000000001,-0.2571125265392781,0.0,P01 falling | P02 streak 4 | P04 multi-day quotation | P07 price percentile 0.00,372.088761,14.0,503.436093633,3.560756098508399e-07,0.0,0.0,0.0,503.43609398907563,7.0672854235454e-09,503.43609398907563,1.3331424416135882,False,Feasible candidate rejected because its robust objective is higher.,"[503.43609398286833, 503.43609398370967, 503.4360939888512, 503.43609399446024, 503.4360939961429]"
2026-06-20,WIDGET,368320,Verde,1.353,10652.479955580331,0.0,-0.3673036093418258,0.7000000000000001,-0.2571125265392781,0.0,P01 falling | P02 streak 4 | P04 multi-day quotation | P07 price percentile 0.00,39347.520044,14.0,53237.194619532,0.0,0.0,0.0,0.0,53237.194619532005,-7.275957614183426e-12,53237.194619532005,1.3331424416135882,False,Feasible candidate rejected because its robust objective is higher.,"[53237.194619532, 53237.194619532, 53237.194619532, 53237.194619532, 53237.194619532]"
2026-06-20,WIDGET,368321,Diesel,1.415,7536.759696539012,0.0,-0.3673036093418258,0.7000000000000001,-0.2571125265392781,0.0,P01 falling | P02 streak 4 | P04 multi-day quotation | P07 price percentile 0.00,0.0,14.0,0.0,0.0,0.0,0.0,0.0,0.0,0.0,0.0,1.3767837154989384,True,Selected because it is the operational minimum.,"[0.0, 0.0, 0.0, 0.0, 0.0]"
2026-06-20,WIDGET,368321,Diesel,1.415,7536.759696539012,0.0,-0.3673036093418258,0.7000000000000001,-0.2571125265392781,0.0,P01 falling | P02 streak 4 | P04 multi-day quotation | P07 price percentile 0.00,2463.240303,14.0,3485.4850287450004,0.0,0.0,0.0,0.0,3485.485028745001,-4.547473508864641e-13,3485.485028745001,1.3767837154989384,False,Feasible candidate rejected because its robust objective is higher.,"[3485.4850287450004, 3485.4850287450004, 3485.4850287450004, 3485.4850287450004, 3485.4850287450004]"
2026-06-20,WIDGET,368321,Verde,1.353,7298.27751028308,0.0,-0.3673036093418258,0.7000000000000001,-0.2571125265392781,0.0,P01 falling | P02 streak 4 | P04 multi-day quotation | P07 price percentile 0.00,0.0,14.0,0.0,0.0,0.0,0.0,0.0,0.0,0.0,0.0,1.3331424416135882,True,Selected because it is the operational minimum.,"[0.0, 0.0, 0.0, 0.0, 0.0]"
2026-06-20,WIDGET,368321,Verde,1.353,7298.27751028308,0.0,-0.3673036093418258,0.7000000000000001,-0.2571125265392781,0.0,P01 falling | P02 streak 4 | P04 multi-day quotation | P07 price percentile 0.00,2701.72249,14.0,3655.43052897,0.0,0.0,0.0,0.0,3655.4305289700005,-4.547473508864641e-13,3655.4305289700005,1.3331424416135882,False,Feasible candidate rejected because its robust objective is higher.,"[3655.43052897, 3655.43052897, 3655.43052897, 3655.43052897, 3655.43052897]"
2026-06-20,WIDGET,368322,Diesel,1.415,11208.404931964455,0.0,-0.3673036093418258,0.7000000000000001,-0.2571125265392781,0.0,P01 falling | P02 streak 4 | P04 multi-day quotation | P07 price percentile 0.00,0.0,14.0,0.0,0.0,0.0,0.0,0.0,0.0,0.0,0.0,1.3767837154989384,True,Selected because it is the operational minimum.,"[0.0, 0.0, 0.0, 0.0, 0.0]"
2026-06-20,WIDGET,368322,Diesel,1.415,11208.404931964455,0.0,-0.3673036093418258,0.7000000000000001,-0.2571125265392781,0.0,P01 falling | P02 streak 4 | P04 multi-day quotation | P07 price percentile 0.00,2791.595068,14.0,3950.10702122,0.0,0.0,0.0,0.0,3950.1070212200007,-4.547473508864641e-13,3950.1070212200007,1.3767837154989384,False,Feasible candidate rejected because its robust objective is higher.,"[3950.10702122, 3950.10702122, 3950.10702122, 3950.10702122, 3950.10702122]"
2026-06-20,WIDGET,368322,Verde,1.353,7719.355875446529,0.0,-0.3673036093418258,0.7000000000000001,-0.2571125265392781,0.0,P01 falling | P02 streak 4 | P04 multi-day quotation | P07 price percentile 0.00,0.0,14.0,0.0,0.0,0.0,0.0,0.0,0.0,0.0,0.0,1.3331424416135882,True,Selected because it is the operational minimum.,"[0.0, 0.0, 0.0, 0.0, 0.0]"
2026-06-20,WIDGET,368322,Verde,1.353,7719.355875446529,0.0,-0.3673036093418258,0.7000000000000001,-0.2571125265392781,0.0,P01 falling | P02 streak 4 | P04 multi-day quotation | P07 price percentile 0.00,6280.644125,14.0,8497.711501124999,0.0,0.0,0.0,0.0,8497.711501124999,0.0,8497.711501124999,1.3331424416135882,False,Feasible candidate rejected because its robust objective is higher.,"[8497.711501124999, 8497.711501124999, 8497.711501124999, 8497.711501124999, 8497.711501124999]"
2026-06-23,WIDGET,368318,Diesel,1.425,16496.33717735513,0.0,0.22190201729106634,0.6,0.1331412103746398,0.1282051282051282,P01 falling | P02 streak 1 | P07 price percentile 0.13,0.0,8.0,0.0,18165.0932601029,0.0,0.0,0.0,18165.093260102905,1407.5946961311129,18165.093260102905,1.4381398270893375,False,Operational-minimum benchmark; feasible but not selected.,"[17203.118995410285, 17733.619509027536, 18175.70327037525, 18352.536774914333, 19572.68795623402]"
2026-06-23,WIDGET,368318,Diesel,1.425,16496.33717735513,0.0,0.22190201729106634,0.6,0.1331412103746398,0.1282051282051282,P01 falling | P02 streak 1 | P07 price percentile 0.13,2057.076324,9.0,2931.3337617,15206.729871195974,0.0,0.0,0.0,18138.063632895974,1178.3541105845507,18138.063632895974,1.4381398270893375,False,Feasible candidate rejected because its robust objective is higher.,"[17332.756301039193, 17776.859609048446, 18146.94569905616, 18294.980135059242, 19316.417743480524]"
2026-06-23,WIDGET,368318,Diesel,1.425,16496.33717735513,0.0,0.22190201729106634,0.6,0.1331412103746398,0.1282051282051282,P01 falling | P02 streak 1 | P07 price percentile 0.13,4411.36346,10.0,6286.192930499999,11820.935776510283,0.0,0.0,0.0,18107.12870701028,915.9923521487144,18107.12870701028,1.4381398270893375,False,Feasible candidate rejected because its robust objective is higher.,"[17481.12388343126, 17826.347131728515, 18114.033171976225, 18229.107588075312, 19023.121059158995]"
2026-06-23,WIDGET,368318,Diesel,1.425,16496.33717735513,0.0,0.22190201729106634,0.6,0.1331412103746398,0.1282051282051282,P01 falling | P02 streak 1 | P07 price percentile 0.13,6659.473641,11.0,9489.749938425,8587.838989529164,0.0,0.0,0.0,18077.588927954166,665.4629535780696,18077.588927954166,1.4381398270893375,False,Feasible candidate rejected because its robust objective is higher.,"[17622.800175760105, 17873.602796455358, 18082.60498036807, 18166.205853933156, 18743.051881532236]"
2026-06-23,WIDGET,368318,Diesel,1.425,16496.33717735513,0.0,0.22190201729106634,0.6,0.1331412103746398,0.1282051282051282,P01 falling | P02 streak 1 | P07 price percentile 0.13,8796.074086,12.0,12534.405572550002,5515.108794997863,0.0,0.0,0.0,18049.514367547865,427.3601999872735,18049.514367547865,1.4381398270893375,False,Feasible candidate rejected because its robust objective is higher.,"[17757.449105245003, 17918.514507250256, 18052.73567558797, 18106.424142923053, 18476.87456753514]"
2026-06-23,WIDGET,368318,Diesel,1.425,16496.33717735513,0.0,0.22190201729106634,0.6,0.1331412103746398,0.1282051282051282,P01 falling | P02 streak 1 | P07 price percentile 0.13,10596.972744,13.0,15100.6861602,2925.1647103763203,0.0,0.0,0.0,18025.850870576323,226.66805353974996,18025.850870576323,1.4381398270893375,False,Feasible candidate rejected because its robust objective is higher.,"[17870.94205006674, 17956.369708435996, 18027.559423743707, 18056.03530986679, 18252.518924116073]"
2026-06-23,WIDGET,368318,Diesel,1.425,16496.33717735513,0.0,0.22190201729106634,0.6,0.1331412103746398,0.1282051282051282,P01 falling | P02 streak 1 | P07 price percentile 0.13,12630.96461,14.0,17999.12456925,0.0,0.0,0.0,0.0,17999.12456925,0.0,17999.12456925,1.4381398270893375,True,Selected because it has the lowest robust objective.,"[17999.12456925, 17999.12456925, 17999.12456925, 17999.12456925, 17999.12456925]"
2026-06-23,WIDGET,368318,Diesel,1.425,16496.33717735513,0.0,0.22190201729106634,0.6,0.1331412103746398,0.1282051282051282,P01 falling | P02 streak 1 | P07 price percentile 0.13,18503.662823,14.0,26367.719522774998,0.0,0.0,0.0,0.0,26367.719522775,-3.637978807091713e-12,26367.719522775,1.4381398270893375,False,Feasible candidate rejected because its robust objective is higher.,"[26367.719522774998, 26367.719522774998, 26367.719522774998, 26367.719522774998, 26367.719522774998]"
2026-06-23,WIDGET,368318,Verde,1.358,9396.547705635334,0.0,0.8854625550660765,0.6000000000000001,0.531277533039646,0.11111111111111385,P02 streak 1 | P07 price percentile 0.11,0.0,8.0,0.0,10073.133158919773,0.0,0.0,0.0,10073.133158919773,478.9445938262106,10073.133158919773,1.389790484581498,False,Operational-minimum benchmark; feasible but not selected.,"[9801.190042086244, 9831.631435761641, 10085.30971638993, 10186.781028641246, 10552.077752745983]"
2026-06-23,WIDGET,368318,Verde,1.358,9396.547705635334,0.0,0.8854625550660765,0.6000000000000001,0.531277533039646,0.11111111111111385,P02 streak 1 | P07 price percentile 0.11,1144.416586,9.0,1554.1177237880001,8482.63387729973,0.0,0.0,0.0,10036.75160108773,403.32154582332987,10036.75160108773,1.389790484581498,False,Feasible candidate rejected because its robust objective is higher.,"[9807.746994560923, 9833.381838575118, 10047.005538693407, 10132.455018740724, 10440.07314691106]"
2026-06-23,WIDGET,368318,Verde,1.358,9396.547705635334,0.0,0.8854625550660765,0.6000000000000001,0.531277533039646,0.11111111111111385,P02 streak 1 | P07 price percentile 0.11,2452.354939,10.0,3330.298007162,6664.873599881132,0.0,0.0,0.0,9995.171607043132,316.8929794570904,9995.171607043132,1.389790484581498,False,Feasible candidate rejected because its robust objective is higher.,"[9815.240847520883, 9835.382350452479, 10003.228208215769, 10070.366551321085, 10312.064586500223]"
2026-06-23,WIDGET,368318,Verde,1.358,9396.547705635334,0.0,0.8854625550660765,0.6000000000000001,0.531277533039646,0.11111111111111385,P02 streak 1 | P07 price percentile 0.11,3777.563909,11.0,5129.931788422,4823.110783293084,0.0,0.0,0.0,9953.042571715085,229.32317071949,9953.042571715085,1.389790484581498,False,Feasible candidate rejected because its robust objective is higher.,"[9822.833652747237, 9837.409278004832, 9958.872821818122, 10007.458239343438, 10182.365742434575]"
2026-06-23,WIDGET,368318,Verde,1.358,9396.547705635334,0.0,0.8854625550660765,0.6000000000000001,0.531277533039646,0.11111111111111385,P02 streak 1 | P07 price percentile 0.11,5030.027088,12.0,6830.776785504,3082.4493748301934,0.0,0.0,0.0,9913.226160334194,146.56040385117012,9913.226160334194,1.389790484581498,False,Feasible candidate rejected because its robust objective is higher.,"[9830.009659842426, 9839.324939748221, 9916.952272296512, 9948.003205315827, 10059.786564185364]"
2026-06-23,WIDGET,368318,Verde,1.358,9396.547705635334,0.0,0.8854625550660765,0.6000000000000001,0.531277533039646,0.11111111111111385,P02 streak 1 | P07 price percentile 0.11,6105.889733,13.0,8291.798257414,1587.2257080925096,0.0,0.0,0.0,9879.02396550651,75.46740026957013,9879.02396550651,1.389790484581498,False,Feasible candidate rejected because its robust objective is higher.,"[9836.173831455144, 9840.970488251938, 9880.942628225228, 9896.931484214543, 9954.49136577608]"
2026-06-23,WIDGET,368318,Verde,1.358,9396.547705635334,0.0,0.8854625550660765,0.6000000000000001,0.531277533039646,0.11111111111111385,P02 streak 1 | P07 price percentile 0.11,7247.950875,14.0,9842.717288250002,1.3062754791334583e-07,0.0,0.0,0.0,9842.717288380629,6.2118488131091e-09,9842.717288380629,1.389790484581498,True,Selected because it has the lowest robust objective.,"[9842.717288377104, 9842.717288377498, 9842.717288380787, 9842.717288382102, 9842.71728838684]"
2026-06-23,WIDGET,368318,Verde,1.358,9396.547705635334,0.0,0.8854625550660765,0.6000000000000001,0.531277533039646,0.11111111111111385,P02 streak 1 | P07 price percentile 0.11,20603.452294,14.0,27979.488215252,0.0,0.0,0.0,0.0,27979.488215252004,-3.637978807091713e-12,27979.488215252004,1.389790484581498,False,Feasible candidate rejected because its robust objective is higher.,"[27979.488215252, 27979.488215252, 27979.488215252, 27979.488215252, 27979.488215252]"
2026-06-23,WIDGET,368319,Diesel,1.425,6903.936556659463,0.0,0.22190201729106634,0.6,0.1331412103746398,0.1282051282051282,P01 falling | P02 streak 1 | P07 price percentile 0.13,0.0,14.0,0.0,0.0,0.0,0.0,0.0,0.0,0.0,0.0,1.4381398270893375,True,Selected because it is the operational minimum.,"[0.0, 0.0, 0.0, 0.0, 0.0]"
2026-06-23,WIDGET,368319,Diesel,1.425,6903.936556659463,0.0,0.22190201729106634,0.6,0.1331412103746398,0.1282051282051282,P01 falling | P02 streak 1 | P07 price percentile 0.13,3096.063443,14.0,4411.890406275,0.0,0.0,0.0,0.0,4411.890406275,0.0,4411.890406275,1.4381398270893375,False,Feasible candidate rejected because its robust objective is higher.,"[4411.890406275, 4411.890406275, 4411.890406275, 4411.890406275, 4411.890406275]"
2026-06-23,WIDGET,368319,Verde,1.358,4718.711549724176,0.0,0.8854625550660765,0.6000000000000001,0.531277533039646,0.11111111111111385,P02 streak 1 | P07 price percentile 0.11,0.0,10.0,0.0,2562.586519429547,0.0,0.0,0.0,2562.586519429547,121.84262238267956,2562.586519429547,1.389790484581498,False,Operational-minimum benchmark; feasible but not selected.,"[2493.4046914665, 2501.148925939976, 2565.684213218937, 2591.4983281305217, 2684.4291418122266]"
2026-06-23,WIDGET,368319,Verde,1.358,4718.711549724176,0.0,0.8854625550660765,0.6000000000000001,0.531277533039646,0.11111111111111385,P02 streak 1 | P07 price percentile 0.11,505.709351,11.0,686.7532986580001,1859.7564754458615,0.0,0.0,0.0,2546.5097741038617,88.42534846859962,2546.5097741038617,1.389790484581498,False,Feasible candidate rejected because its robust objective is higher.,"[2496.302160990335, 2501.9224161896104, 2548.7578761835716, 2567.4920601811564, 2634.9351225724613]"
2026-06-23,WIDGET,368319,Verde,1.358,4718.711549724176,0.0,0.8854625550660765,0.6000000000000001,0.531277533039646,0.11111111111111385,P02 streak 1 | P07 price percentile 0.11,960.214725,12.0,1303.9715965500002,1228.0892314695075,0.0,0.0,0.0,2532.060828019508,58.391633354679016,2532.060828019508,1.389790484581498,False,Feasible candidate rejected because its robust objective is higher.,"[2498.906256538461, 2502.6175891669363, 2533.545361070898, 2545.9164698324826, 2590.452461374187]"
2026-06-23,WIDGET,368319,Verde,1.358,4718.711549724176,0.0,0.8854625550660765,0.6000000000000001,0.531277533039646,0.11111111111111385,P02 streak 1 | P07 price percentile 0.11,1456.477613,13.0,1977.8965984540002,538.3877918761737,0.0,0.0,0.0,2516.284390330174,25.598581715639284,2516.284390330174,1.389790484581498,False,Feasible candidate rejected because its robust objective is higher.,"[2501.749602406887, 2503.376630905763, 2516.935201729724, 2522.358630059309, 2541.8829720458134]"
2026-06-23,WIDGET,368319,Verde,1.358,4718.711549724176,0.0,0.8854625550660765,0.6000000000000001,0.531277533039646,0.11111111111111385,P02 streak 1 | P07 price percentile 0.11,1843.865351,14.0,2503.969146658,0.0,0.0,0.0,0.0,2503.969146658,0.0,2503.969146658,1.389790484581498,True,Selected because it has the lowest robust objective.,"[2503.969146658, 2503.969146658, 2503.969146658, 2503.969146658, 2503.969146658]"
2026-06-23,WIDGET,368319,Verde,1.358,4718.711549724176,0.0,0.8854625550660765,0.6000000000000001,0.531277533039646,0.11111111111111385,P02 streak 1 | P07 price percentile 0.11,5281.28845,14.0,7171.9897151000005,0.0,0.0,0.0,0.0,7171.9897151000005,0.0,7171.9897151000005,1.389790484581498,False,Feasible candidate rejected because its robust objective is higher.,"[7171.9897151000005, 7171.9897151000005, 7171.9897151000005, 7171.9897151000005, 7171.9897151000005]"
2026-06-23,WIDGET,368320,Diesel,1.425,38660.48476897283,0.0,0.22190201729106634,0.6,0.1331412103746398,0.1282051282051282,P01 falling | P02 streak 1 | P07 price percentile 0.13,0.0,14.0,0.0,0.0,0.0,0.0,0.0,0.0,0.0,0.0,1.4381398270893375,True,Selected because it is the operational minimum.,"[0.0, 0.0, 0.0, 0.0, 0.0]"
2026-06-23,WIDGET,368320,Diesel,1.425,38660.48476897283,0.0,0.22190201729106634,0.6,0.1331412103746398,0.1282051282051282,P01 falling | P02 streak 1 | P07 price percentile 0.13,11339.515231,14.0,16158.809204175,0.0,0.0,0.0,0.0,16158.809204175002,-1.8189894035458565e-12,16158.809204175002,1.4381398270893375,False,Feasible candidate rejected because its robust objective is higher.,"[16158.809204175, 16158.809204175, 16158.809204175, 16158.809204175, 16158.809204175]"
2026-06-23,WIDGET,368320,Verde,1.358,8487.715641576287,0.0,0.8854625550660765,0.6000000000000001,0.531277533039646,0.11111111111111385,P02 streak 1 | P07 price percentile 0.11,0.0,10.0,0.0,3525.6942647931346,0.0,0.0,0.0,3525.694264793135,167.6352512139165,3525.694264793135,1.389790484581498,False,Operational-minimum benchmark; feasible but not selected.,"[3430.5115374089614, 3441.1663203251005, 3529.95617795959, 3565.472121013386, 3693.3295160070516]"
2026-06-23,WIDGET,368320,Verde,1.358,8487.715641576287,0.0,0.8854625550660765,0.6000000000000001,0.531277533039646,0.11111111111111385,P02 streak 1 | P07 price percentile 0.11,372.088761,11.0,505.29653743800003,3008.5688453356174,0.0,0.0,0.0,3513.865382773617,143.0476258870367,3513.865382773617,1.389790484581498,False,Feasible candidate rejected because its robust objective is higher.,"[3432.6434257021638, 3441.7354358221028, 3517.5021868215927, 3547.8088872213884, 3656.9130086606538]"
2026-06-23,WIDGET,368320,Verde,1.358,8487.715641576287,0.0,0.8854625550660765,0.6000000000000001,0.531277533039646,0.11111111111111385,P02 streak 1 | P07 price percentile 0.11,1226.081543,12.0,1665.018735394,1821.6978030107343,0.0,0.0,0.0,3486.716538404734,86.61578285247651,3486.716538404734,1.389790484581498,False,Feasible candidate rejected because its robust objective is higher.,"[3437.536390513921, 3443.04163094946, 3488.9186345789494, 3507.269436030745, 3573.3323212572104]"
2026-06-23,WIDGET,368320,Verde,1.358,8487.715641576287,0.0,0.8854625550660765,0.6000000000000001,0.531277533039646,0.11111111111111385,P02 streak 1 | P07 price percentile 0.11,1770.117654,13.0,2403.819774132,1065.6015926742111,0.0,0.0,0.0,3469.4213668062116,50.665876637596284,3469.4213668062116,1.389790484581498,False,Feasible candidate rejected because its robust objective is higher.,"[3440.653453800118, 3443.873742569457, 3470.709482313947, 3481.443778211743, 3520.087243443808]"
2026-06-23,WIDGET,368320,Verde,1.358,8487.715641576287,0.0,0.8854625550660765,0.6000000000000001,0.531277533039646,0.11111111111111385,P02 streak 1 | P07 price percentile 0.11,2536.853075,14.0,3445.04647585,3.768232633614998e-07,0.0,0.0,0.0,3445.046476226824,1.7916136130224913e-08,3445.046476226824,1.389790484581498,True,Selected because it has the lowest robust objective.,"[3445.0464762166503, 3445.0464762177894, 3445.046476227279, 3445.046476231075, 3445.04647624474]"
2026-06-23,WIDGET,368320,Verde,1.358,8487.715641576287,0.0,0.8854625550660765,0.6000000000000001,0.531277533039646,0.11111111111111385,P02 streak 1 | P07 price percentile 0.11,41512.284358,14.0,56373.682158164,0.0,0.0,0.0,0.0,56373.68215816401,-7.275957614183426e-12,56373.68215816401,1.389790484581498,False,Feasible candidate rejected because its robust objective is higher.,"[56373.682158164, 56373.682158164, 56373.682158164, 56373.682158164, 56373.682158164]"
2026-06-23,WIDGET,368321,Diesel,1.425,6280.688351956364,0.0,0.22190201729106634,0.6,0.1331412103746398,0.1282051282051282,P01 falling | P02 streak 1 | P07 price percentile 0.13,0.0,13.0,0.0,514.7604986616539,0.0,0.0,0.0,514.760498661654,39.888270173948285,514.760498661654,1.4381398270893375,False,Operational-minimum benchmark; feasible but not selected.,"[487.5001733166441, 502.5334409701421, 515.0611640147239, 520.0722532325566, 554.6487688356023]"
2026-06-23,WIDGET,368321,Diesel,1.425,6280.688351956364,0.0,0.22190201729106634,0.6,0.1331412103746398,0.1282051282051282,P01 falling | P02 streak 1 | P07 price percentile 0.13,357.934944,14.0,510.0572952,1.8826287293657212e-07,0.0,0.0,0.0,510.0572953882629,1.4588295016437769e-08,510.0572953882629,1.4381398270893375,True,Selected because it has the lowest robust objective.,"[510.05729537829296, 510.0572953837911, 510.05729538837284, 510.0572953902055, 510.0572954028512]"
2026-06-23,WIDGET,368321,Diesel,1.425,6280.688351956364,0.0,0.22190201729106634,0.6,0.1331412103746398,0.1282051282051282,P01 falling | P02 streak 1 | P07 price percentile 0.13,3719.311648,14.0,5300.0190984,0.0,0.0,0.0,0.0,5300.0190984,0.0,5300.0190984,1.4381398270893375,False,Feasible candidate rejected because its robust objective is higher.,"[5300.0190984, 5300.0190984, 5300.0190984, 5300.0190984, 5300.0190984]"
2026-06-23,WIDGET,368321,Verde,1.358,6291.697193644826,0.0,0.8854625550660765,0.6000000000000001,0.531277533039646,0.11111111111111385,P02 streak 1 | P07 price percentile 0.11,0.0,14.0,0.0,0.0,0.0,0.0,0.0,0.0,0.0,0.0,1.389790484581498,True,Selected because it is the operational minimum.,"[0.0, 0.0, 0.0, 0.0, 0.0]"
2026-06-23,WIDGET,368321,Verde,1.358,6291.697193644826,0.0,0.8854625550660765,0.6000000000000001,0.531277533039646,0.11111111111111385,P02 streak 1 | P07 price percentile 0.11,3708.302806,14.0,5035.875210548001,0.0,0.0,0.0,0.0,5035.875210548001,0.0,5035.875210548001,1.389790484581498,False,Feasible candidate rejected because its robust objective is higher.,"[5035.875210548001, 5035.875210548001, 5035.875210548001, 5035.875210548001, 5035.875210548001]"
2026-06-23,WIDGET,368322,Diesel,1.425,9578.342541728,0.0,0.22190201729106634,0.6,0.1331412103746398,0.1282051282051282,P01 falling | P02 streak 1 | P07 price percentile 0.13,0.0,14.0,0.0,0.0,0.0,0.0,0.0,0.0,0.0,0.0,1.4381398270893375,True,Selected because it is the operational minimum.,"[0.0, 0.0, 0.0, 0.0, 0.0]"
2026-06-23,WIDGET,368322,Diesel,1.425,9578.342541728,0.0,0.22190201729106634,0.6,0.1331412103746398,0.1282051282051282,P01 falling | P02 streak 1 | P07 price percentile 0.13,4421.657458,14.0,6300.86187765,0.0,0.0,0.0,0.0,6300.86187765,0.0,6300.86187765,1.4381398270893375,False,Feasible candidate rejected because its robust objective is higher.,"[6300.86187765, 6300.86187765, 6300.86187765, 6300.86187765, 6300.86187765]"
2026-06-23,WIDGET,368322,Verde,1.358,6456.9751702515605,0.0,0.8854625550660765,0.6000000000000001,0.531277533039646,0.11111111111111385,P02 streak 1 | P07 price percentile 0.11,0.0,14.0,0.0,0.0,0.0,0.0,0.0,0.0,0.0,0.0,1.389790484581498,True,Selected because it is the operational minimum.,"[0.0, 0.0, 0.0, 0.0, 0.0]"
2026-06-23,WIDGET,368322,Verde,1.358,6456.9751702515605,0.0,0.8854625550660765,0.6000000000000001,0.531277533039646,0.11111111111111385,P02 streak 1 | P07 price percentile 0.11,7543.02483,14.0,10243.427719140001,0.0,0.0,0.0,0.0,10243.427719140001,0.0,10243.427719140001,1.389790484581498,False,Feasible candidate rejected because its robust objective is higher.,"[10243.427719140001, 10243.427719140001, 10243.427719140001, 10243.427719140001, 10243.427719140001]"
2026-06-24,WIDGET,368318,Diesel,1.432,27194.61550343051,0.0,0.8610354223433253,0.6333333333333333,0.5453224341507726,0.21794871794871654,P01 rising | P02 streak 2 | P07 price percentile 0.22,0.0,13.0,0.0,2916.8905365411397,0.0,0.0,0.0,2916.8905365411397,258.40015615197944,2916.8905365411397,1.5092415985467758,False,Operational-minimum benchmark; feasible but not selected.,"[2722.075759128128, 2806.6307840469703, 2870.8926029852896, 3087.353466777524, 3175.290692693119]"
2026-06-24,WIDGET,368318,Diesel,1.432,27194.61550343051,0.0,0.8610354223433253,0.6333333333333333,0.5453224341507726,0.21794871794871654,P01 rising | P02 streak 2 | P07 price percentile 0.22,1932.686284,14.0,2767.606758688,0.0,0.0,0.0,0.0,2767.606758688,0.0,2767.606758688,1.5092415985467758,True,Selected because it has the lowest robust objective.,"[2767.606758688, 2767.606758688, 2767.606758688, 2767.606758688, 2767.606758688]"
2026-06-24,WIDGET,368318,Diesel,1.432,27194.61550343051,0.0,0.8610354223433253,0.6333333333333333,0.5453224341507726,0.21794871794871654,P01 rising | P02 streak 2 | P07 price percentile 0.22,7805.384497,14.0,11177.310599704,0.0,0.0,0.0,0.0,11177.310599704,0.0,11177.310599704,1.5092415985467758,False,Feasible candidate rejected because its robust objective is higher.,"[11177.310599704, 11177.310599704, 11177.310599704, 11177.310599704, 11177.310599704]"
2026-06-24,WIDGET,368318,Verde,1.368,15570.200165134227,0.0,0.7874659400544938,0.6333333333333333,0.4987284287011794,0.33333333333333665,P01 rising | P02 streak 2 | P07 price percentile 0.33,0.0,13.0,0.0,1519.9339860979082,0.0,0.0,0.0,1519.933986097908,101.89720471919554,1519.933986097908,1.4148154405086286,False,Operational-minimum benchmark; feasible but not selected.,"[1456.3892348154577, 1469.5493904064977, 1505.2698127250349, 1580.470701816692, 1621.8311908171036]"
2026-06-24,WIDGET,368318,Verde,1.368,15570.200165134227,0.0,0.7874659400544938,0.6333333333333333,0.4987284287011794,0.33333333333333665,P01 rising | P02 streak 2 | P07 price percentile 0.33,1074.298416,14.0,1469.6402330880003,0.0,0.0,0.0,0.0,1469.6402330880003,0.0,1469.6402330880003,1.4148154405086286,True,Selected because it has the lowest robust objective.,"[1469.6402330880003, 1469.6402330880003, 1469.6402330880003, 1469.6402330880003, 1469.6402330880003]"
2026-06-24,WIDGET,368318,Verde,1.368,15570.200165134227,0.0,0.7874659400544938,0.6333333333333333,0.4987284287011794,0.33333333333333665,P01 rising | P02 streak 2 | P07 price percentile 0.33,14429.799835,14.0,19739.96617428,0.0,0.0,0.0,0.0,19739.96617428,0.0,19739.96617428,1.4148154405086286,False,Feasible candidate rejected because its robust objective is higher.,"[19739.96617428, 19739.96617428, 19739.96617428, 19739.96617428, 19739.96617428]"
2026-06-24,WIDGET,368319,Diesel,1.432,6478.801375220884,0.0,0.8610354223433253,0.6333333333333333,0.5453224341507726,0.21794871794871654,P01 rising | P02 streak 2 | P07 price percentile 0.22,0.0,14.0,0.0,0.0,0.0,0.0,0.0,0.0,0.0,0.0,1.5092415985467758,True,Selected because it is the operational minimum.,"[0.0, 0.0, 0.0, 0.0, 0.0]"
2026-06-24,WIDGET,368319,Diesel,1.432,6478.801375220884,0.0,0.8610354223433253,0.6333333333333333,0.5453224341507726,0.21794871794871654,P01 rising | P02 streak 2 | P07 price percentile 0.22,3521.198625,14.0,5042.356431,0.0,0.0,0.0,0.0,5042.356431,0.0,5042.356431,1.5092415985467758,False,Feasible candidate rejected because its robust objective is higher.,"[5042.356431, 5042.356431, 5042.356431, 5042.356431, 5042.356431]"
2026-06-24,WIDGET,368319,Verde,1.368,6181.393909673303,0.0,0.7874659400544938,0.6333333333333333,0.4987284287011794,0.33333333333333665,P01 rising | P02 streak 2 | P07 price percentile 0.33,0.0,13.0,0.0,539.3035811539431,0.0,0.0,0.0,539.3035811539431,36.155206684811105,539.3035811539431,1.4148154405086286,False,Operational-minimum benchmark; feasible but not selected.,"[516.756607243489, 521.4260988817487, 534.1004333284537, 560.7832426899379, 575.4587878387542]"
2026-06-24,WIDGET,368319,Verde,1.368,6181.393909673303,0.0,0.7874659400544938,0.6333333333333333,0.4987284287011794,0.33333333333333665,P01 rising | P02 streak 2 | P07 price percentile 0.33,381.182991,14.0,521.458331688,0.0,0.0,0.0,0.0,521.458331688,0.0,521.458331688,1.4148154405086286,True,Selected because it has the lowest robust objective.,"[521.458331688, 521.458331688, 521.458331688, 521.458331688, 521.458331688]"
2026-06-24,WIDGET,368319,Verde,1.368,6181.393909673303,0.0,0.7874659400544938,0.6333333333333333,0.4987284287011794,0.33333333333333665,P01 rising | P02 streak 2 | P07 price percentile 0.33,3818.60609,14.0,5223.85313112,0.0,0.0,0.0,0.0,5223.85313112,0.0,5223.85313112,1.4148154405086286,False,Feasible candidate rejected because its robust objective is higher.,"[5223.85313112, 5223.85313112, 5223.85313112, 5223.85313112, 5223.85313112]"
2026-06-24,WIDGET,368320,Diesel,1.432,37460.85250188668,0.0,0.8610354223433253,0.6333333333333333,0.5453224341507726,0.21794871794871654,P01 rising | P02 streak 2 | P07 price percentile 0.22,0.0,14.0,0.0,0.0,0.0,0.0,0.0,0.0,0.0,0.0,1.5092415985467758,True,Selected because it is the operational minimum.,"[0.0, 0.0, 0.0, 0.0, 0.0]"
2026-06-24,WIDGET,368320,Diesel,1.432,37460.85250188668,0.0,0.8610354223433253,0.6333333333333333,0.5453224341507726,0.21794871794871654,P01 rising | P02 streak 2 | P07 price percentile 0.22,12539.147498,14.0,17956.059217136,0.0,0.0,0.0,0.0,17956.059217136,0.0,17956.059217136,1.5092415985467758,False,Feasible candidate rejected because its robust objective is higher.,"[17956.059217136, 17956.059217136, 17956.059217136, 17956.059217136, 17956.059217136]"
2026-06-24,WIDGET,368320,Verde,1.368,10327.921232312758,0.0,0.7874659400544938,0.6333333333333333,0.4987284287011794,0.33333333333333665,P01 rising | P02 streak 2 | P07 price percentile 0.33,0.0,13.0,0.0,985.627617711141,0.0,0.0,0.0,985.627617711141,66.0770139081128,985.627617711141,1.4148154405086286,False,Operational-minimum benchmark; feasible but not selected.,"[944.4209190009155, 952.9548506864651, 976.1183795472427, 1024.8837034646695, 1051.7046316192539]"
2026-06-24,WIDGET,368320,Verde,1.368,10327.921232312758,0.0,0.7874659400544938,0.6333333333333333,0.4987284287011794,0.33333333333333665,P01 rising | P02 streak 2 | P07 price percentile 0.33,696.647485,14.0,953.01375948,0.0,0.0,0.0,0.0,953.01375948,0.0,953.01375948,1.4148154405086286,True,Selected because it has the lowest robust objective.,"[953.01375948, 953.01375948, 953.01375948, 953.01375948, 953.01375948]"
2026-06-24,WIDGET,368320,Verde,1.368,10327.921232312758,0.0,0.7874659400544938,0.6333333333333333,0.4987284287011794,0.33333333333333665,P01 rising | P02 streak 2 | P07 price percentile 0.33,39672.078768,14.0,54271.403754624,0.0,0.0,0.0,0.0,54271.40375462401,-7.275957614183426e-12,54271.40375462401,1.4148154405086286,False,Feasible candidate rejected because its robust objective is higher.,"[54271.403754624, 54271.403754624, 54271.403754624, 54271.403754624, 54271.403754624]"
2026-06-24,WIDGET,368321,Diesel,1.432,6161.026733222034,0.0,0.8610354223433253,0.6333333333333333,0.5453224341507726,0.21794871794871654,P01 rising | P02 streak 2 | P07 price percentile 0.22,0.0,13.0,0.0,720.8085999991767,0.0,0.0,0.0,720.8085999991767,63.85466045508224,720.8085999991767,1.5092415985467758,False,Operational-minimum benchmark; feasible but not selected.,"[672.6668664623606, 693.5617160877149, 709.4418018029841, 762.9326168438906, 784.663260454259]"
2026-06-24,WIDGET,368321,Diesel,1.432,6161.026733222034,0.0,0.8610354223433253,0.6333333333333333,0.5453224341507726,0.21794871794871654,P01 rising | P02 streak 2 | P07 price percentile 0.22,477.596563,14.0,683.918278216,0.0,0.0,0.0,0.0,683.9182782160001,-1.1368683772161603e-13,683.9182782160001,1.5092415985467758,True,Selected because it has the lowest robust objective.,"[683.918278216, 683.918278216, 683.918278216, 683.918278216, 683.918278216]"
2026-06-24,WIDGET,368321,Diesel,1.432,6161.026733222034,0.0,0.8610354223433253,0.6333333333333333,0.5453224341507726,0.21794871794871654,P01 rising | P02 streak 2 | P07 price percentile 0.22,3838.973267,14.0,5497.409718344,0.0,0.0,0.0,0.0,5497.409718344001,-9.094947017729282e-13,5497.409718344001,1.5092415985467758,False,Feasible candidate rejected because its robust objective is higher.,"[5497.409718344, 5497.409718344, 5497.409718344, 5497.409718344, 5497.409718344]"
2026-06-24,WIDGET,368321,Verde,1.368,5940.709435077139,0.0,0.7874659400544938,0.6333333333333333,0.4987284287011794,0.33333333333333665,P01 rising | P02 streak 2 | P07 price percentile 0.33,0.0,14.0,0.0,0.0,0.0,0.0,0.0,0.0,0.0,0.0,1.4148154405086286,True,Selected because it is the operational minimum.,"[0.0, 0.0, 0.0, 0.0, 0.0]"
2026-06-24,WIDGET,368321,Verde,1.368,5940.709435077139,0.0,0.7874659400544938,0.6333333333333333,0.4987284287011794,0.33333333333333665,P01 rising | P02 streak 2 | P07 price percentile 0.33,4059.290565,14.0,5553.10949292,0.0,0.0,0.0,0.0,5553.109492920001,-9.094947017729282e-13,5553.109492920001,1.4148154405086286,False,Feasible candidate rejected because its robust objective is higher.,"[5553.10949292, 5553.10949292, 5553.10949292, 5553.10949292, 5553.10949292]"
2026-06-24,WIDGET,368322,Diesel,1.432,9017.439639722139,0.0,0.8610354223433253,0.6333333333333333,0.5453224341507726,0.21794871794871654,P01 rising | P02 streak 2 | P07 price percentile 0.22,0.0,14.0,0.0,0.0,0.0,0.0,0.0,0.0,0.0,0.0,1.5092415985467758,True,Selected because it is the operational minimum.,"[0.0, 0.0, 0.0, 0.0, 0.0]"
2026-06-24,WIDGET,368322,Diesel,1.432,9017.439639722139,0.0,0.8610354223433253,0.6333333333333333,0.5453224341507726,0.21794871794871654,P01 rising | P02 streak 2 | P07 price percentile 0.22,4982.56036,14.0,7135.026435520001,0.0,0.0,0.0,0.0,7135.0264355200015,-9.094947017729282e-13,7135.0264355200015,1.5092415985467758,False,Feasible candidate rejected because its robust objective is higher.,"[7135.026435520001, 7135.026435520001, 7135.026435520001, 7135.026435520001, 7135.026435520001]"
2026-06-24,WIDGET,368322,Verde,1.368,6038.876193682982,0.0,0.7874659400544938,0.6333333333333333,0.4987284287011794,0.33333333333333665,P01 rising | P02 streak 2 | P07 price percentile 0.33,0.0,13.0,0.0,349.70483591753526,0.0,0.0,0.0,349.7048359175352,23.44440323244828,349.7048359175352,1.4148154405086286,False,Operational-minimum benchmark; feasible but not selected.,"[335.0845254146431, 338.1124003708633, 346.33091810917546, 363.6330607161484, 373.1492391499835]"
2026-06-24,WIDGET,368322,Verde,1.368,6038.876193682982,0.0,0.7874659400544938,0.6333333333333333,0.4987284287011794,0.33333333333333665,P01 rising | P02 streak 2 | P07 price percentile 0.33,247.173466,14.0,338.13330148800003,0.0,0.0,0.0,0.0,338.13330148800003,0.0,338.13330148800003,1.4148154405086286,True,Selected because it has the lowest robust objective.,"[338.13330148800003, 338.13330148800003, 338.13330148800003, 338.13330148800003, 338.13330148800003]"
2026-06-24,WIDGET,368322,Verde,1.368,6038.876193682982,0.0,0.7874659400544938,0.6333333333333333,0.4987284287011794,0.33333333333333665,P01 rising | P02 streak 2 | P07 price percentile 0.33,7961.123806,14.0,10890.817366608,0.0,0.0,0.0,0.0,10890.817366608,0.0,10890.817366608,1.4148154405086286,False,Feasible candidate rejected because its robust objective is higher.,"[10890.817366608, 10890.817366608, 10890.817366608, 10890.817366608, 10890.817366608]"
2026-06-25,WIDGET,368318,Diesel,1.44,27070.225463739407,0.0,0.8062015503875977,0.6666666666666666,0.5374677002583984,0.3205128205128191,P01 rising | P02 streak 3 | P07 price percentile 0.32,0.0,13.0,0.0,3124.4306119256407,0.0,0.0,0.0,3124.4306119256407,252.27984032021368,3124.4306119256407,1.5188695607235143,False,Operational-minimum benchmark; feasible but not selected.,"[2904.4057283586967, 2998.0027010802373, 3062.8006052720725, 3357.991057701546, 3376.7104522458544]"
2026-06-25,WIDGET,368318,Diesel,1.44,27070.225463739407,0.0,0.8062015503875977,0.6666666666666666,0.5374677002583984,0.3205128205128191,P01 rising | P02 streak 3 | P07 price percentile 0.32,2057.076324,14.0,2962.18990656,0.0,0.0,0.0,0.0,2962.18990656,0.0,2962.18990656,1.5188695607235143,True,Selected because it has the lowest robust objective.,"[2962.18990656, 2962.18990656, 2962.18990656, 2962.18990656, 2962.18990656]"
2026-06-25,WIDGET,368318,Diesel,1.44,27070.225463739407,0.0,0.8062015503875977,0.6666666666666666,0.5374677002583984,0.3205128205128191,P01 rising | P02 streak 3 | P07 price percentile 0.32,7929.774536,14.0,11418.87533184,0.0,0.0,0.0,0.0,11418.87533184,0.0,11418.87533184,1.5188695607235143,False,Feasible candidate rejected because its robust objective is higher.,"[11418.87533184, 11418.87533184, 11418.87533184, 11418.87533184, 11418.87533184]"
2026-06-25,WIDGET,368318,Verde,1.374,15500.081995318875,0.0,0.7178294573643389,0.6666666666666666,0.4785529715762259,0.4666666666666703,P01 rising | P02 streak 3 | P07 price percentile 0.47,0.0,13.0,0.0,1625.5165430341924,0.0,0.0,0.0,1625.5165430341926,98.3740496818823,1625.5165430341926,1.4203888372093023,False,Operational-minimum benchmark; feasible but not selected.,"[1547.6504385628652, 1570.8820952466974, 1606.9312176871265, 1707.0676689105412, 1723.890592716075]"
2026-06-25,WIDGET,368318,Verde,1.374,15500.081995318875,0.0,0.7178294573643389,0.6666666666666666,0.4785529715762259,0.4666666666666703,P01 rising | P02 streak 3 | P07 price percentile 0.47,1144.416585,14.0,1572.42838779,5.830004744686534e-07,0.0,0.0,0.0,1572.4283883730006,3.528225533955265e-08,1572.4283883730006,1.4203888372093023,True,Selected because it has the lowest robust objective.,"[1572.4283883450732, 1572.4283883534056, 1572.4283883663347, 1572.4283884022493, 1572.428388408283]"
2026-06-25,WIDGET,368318,Verde,1.374,15500.081995318875,0.0,0.7178294573643389,0.6666666666666666,0.4785529715762259,0.4666666666666703,P01 rising | P02 streak 3 | P07 price percentile 0.47,14499.918005,14.0,19922.88733887,0.0,0.0,0.0,0.0,19922.88733887,0.0,19922.88733887,1.4203888372093023,False,Feasible candidate rejected because its robust objective is higher.,"[19922.88733887, 19922.88733887, 19922.88733887, 19922.88733887, 19922.88733887]"
2026-06-25,WIDGET,368319,Diesel,1.44,6081.316479976762,0.0,0.8062015503875977,0.6666666666666666,0.5374677002583984,0.3205128205128191,P01 rising | P02 streak 3 | P07 price percentile 0.32,0.0,14.0,0.0,0.0,0.0,0.0,0.0,0.0,0.0,0.0,1.5188695607235143,True,Selected because it is the operational minimum.,"[0.0, 0.0, 0.0, 0.0, 0.0]"
2026-06-25,WIDGET,368319,Diesel,1.44,6081.316479976762,0.0,0.8062015503875977,0.6666666666666666,0.5374677002583984,0.3205128205128191,P01 rising | P02 streak 3 | P07 price percentile 0.32,3918.68352,14.0,5642.9042688,0.0,0.0,0.0,0.0,5642.904268800001,-9.094947017729282e-13,5642.904268800001,1.5188695607235143,False,Feasible candidate rejected because its robust objective is higher.,"[5642.9042688, 5642.9042688, 5642.9042688, 5642.9042688, 5642.9042688]"
2026-06-25,WIDGET,368319,Verde,1.374,6122.440480180234,0.0,0.7178294573643389,0.6666666666666666,0.4785529715762259,0.4666666666666703,P01 rising | P02 streak 3 | P07 price percentile 0.47,0.0,13.0,0.0,625.1648583448185,0.0,0.0,0.0,625.1648583448184,37.83412669512688,625.1648583448184,1.4203888372093023,False,Operational-minimum benchmark; feasible but not selected.,"[595.2179763027474, 604.1527456362871, 618.0170428779867, 656.5289796604854, 662.9989850399453]"
2026-06-25,WIDGET,368319,Verde,1.374,6122.440480180234,0.0,0.7178294573643389,0.6666666666666666,0.4785529715762259,0.4666666666666703,P01 rising | P02 streak 3 | P07 price percentile 0.47,440.13642,14.0,604.74744108,5.275535762806148e-07,0.0,0.0,0.0,604.7474416075537,3.192678832419915e-08,604.7474416075537,1.4203888372093023,True,Selected because it has the lowest robust objective.,"[604.7474415822826, 604.7474415898223, 604.7474416015218, 604.7474416340207, 604.7474416394805]"
2026-06-25,WIDGET,368319,Verde,1.374,6122.440480180234,0.0,0.7178294573643389,0.6666666666666666,0.4785529715762259,0.4666666666666703,P01 rising | P02 streak 3 | P07 price percentile 0.47,3877.55952,14.0,5327.76678048,0.0,0.0,0.0,0.0,5327.76678048,0.0,5327.76678048,1.4203888372093023,False,Feasible candidate rejected because its robust objective is higher.,"[5327.76678048, 5327.76678048, 5327.76678048, 5327.76678048, 5327.76678048]"
2026-06-25,WIDGET,368320,Diesel,1.44,36234.2093954402,0.0,0.8062015503875977,0.6666666666666666,0.5374677002583984,0.3205128205128191,P01 rising | P02 streak 3 | P07 price percentile 0.32,0.0,14.0,0.0,0.0,0.0,0.0,0.0,0.0,0.0,0.0,1.5188695607235143,True,Selected because it is the operational minimum.,"[0.0, 0.0, 0.0, 0.0, 0.0]"
2026-06-25,WIDGET,368320,Diesel,1.44,36234.2093954402,0.0,0.8062015503875977,0.6666666666666666,0.5374677002583984,0.3205128205128191,P01 rising | P02 streak 3 | P07 price percentile 0.32,13765.790605,14.0,19822.7384712,0.0,0.0,0.0,0.0,19822.7384712,0.0,19822.7384712,1.5188695607235143,False,Feasible candidate rejected because its robust objective is higher.,"[19822.7384712, 19822.7384712, 19822.7384712, 19822.7384712, 19822.7384712]"
2026-06-25,WIDGET,368320,Verde,1.374,10204.620295701745,0.0,0.7178294573643389,0.6666666666666666,0.4785529715762259,0.4666666666666703,P01 rising | P02 streak 3 | P07 price percentile 0.47,0.0,13.0,0.0,1164.6455844827135,0.0,0.0,0.0,1164.6455844827135,70.48276628168242,1164.6455844827135,1.4203888372093023,False,Operational-minimum benchmark; feasible but not selected.,"[1108.8562939079616, 1125.5012468572188, 1151.3296221233077, 1223.0751089735545, 1235.128350764396]"
2026-06-25,WIDGET,368320,Verde,1.374,10204.620295701745,0.0,0.7178294573643389,0.6666666666666666,0.4785529715762259,0.4666666666666703,P01 rising | P02 streak 3 | P07 price percentile 0.47,819.948421,14.0,1126.6091304540003,2.0691855898909383e-07,0.0,0.0,0.0,1126.609130660919,1.2522377801360562e-08,1126.609130660919,1.4203888372093023,True,Selected because it has the lowest robust objective.,"[1126.6091306510068, 1126.6091306539643, 1126.609130658553, 1126.6091306712997, 1126.6091306734413]"
2026-06-25,WIDGET,368320,Verde,1.374,10204.620295701745,0.0,0.7178294573643389,0.6666666666666666,0.4785529715762259,0.4666666666666703,P01 rising | P02 streak 3 | P07 price percentile 0.47,39795.379704,14.0,54678.851713296004,0.0,0.0,0.0,0.0,54678.85171329601,-7.275957614183426e-12,54678.85171329601,1.4203888372093023,False,Feasible candidate rejected because its robust objective is higher.,"[54678.851713296004, 54678.851713296004, 54678.851713296004, 54678.851713296004, 54678.851713296004]"
2026-06-25,WIDGET,368321,Diesel,1.44,6160.680852370164,0.0,0.8062015503875977,0.6666666666666666,0.5374677002583984,0.3205128205128191,P01 rising | P02 streak 3 | P07 price percentile 0.32,0.0,13.0,0.0,725.9322295397245,0.0,0.0,0.0,725.9322295397244,58.61486129746595,725.9322295397244,1.5188695607235143,False,Operational-minimum benchmark; feasible but not selected.,"[674.8115057597427, 696.5578869488711, 711.6130739259598, 780.1978145993647, 784.5470908371904]"
2026-06-25,WIDGET,368321,Diesel,1.44,6160.680852370164,0.0,0.8062015503875977,0.6666666666666666,0.5374677002583984,0.3205128205128191,P01 rising | P02 streak 3 | P07 price percentile 0.32,477.942444,14.0,688.23711936,0.0,0.0,0.0,0.0,688.23711936,0.0,688.23711936,1.5188695607235143,True,Selected because it has the lowest robust objective.,"[688.23711936, 688.23711936, 688.23711936, 688.23711936, 688.23711936]"
2026-06-25,WIDGET,368321,Diesel,1.44,6160.680852370164,0.0,0.8062015503875977,0.6666666666666666,0.5374677002583984,0.3205128205128191,P01 rising | P02 streak 3 | P07 price percentile 0.32,3839.319148,14.0,5528.61957312,0.0,0.0,0.0,0.0,5528.61957312,0.0,5528.61957312,1.5188695607235143,False,Feasible candidate rejected because its robust objective is higher.,"[5528.61957312, 5528.61957312, 5528.61957312, 5528.61957312, 5528.61957312]"
2026-06-25,WIDGET,368321,Verde,1.374,5582.950488878518,0.0,0.7178294573643389,0.6666666666666666,0.4785529715762259,0.4666666666666703,P01 rising | P02 streak 3 | P07 price percentile 0.47,0.0,14.0,0.0,0.0,0.0,0.0,0.0,0.0,0.0,0.0,1.4203888372093023,True,Selected because it is the operational minimum.,"[0.0, 0.0, 0.0, 0.0, 0.0]"
2026-06-25,WIDGET,368321,Verde,1.374,5582.950488878518,0.0,0.7178294573643389,0.6666666666666666,0.4785529715762259,0.4666666666666703,P01 rising | P02 streak 3 | P07 price percentile 0.47,4417.049511,14.0,6069.026028114001,0.0,0.0,0.0,0.0,6069.026028114002,-9.094947017729282e-13,6069.026028114002,1.4203888372093023,False,Feasible candidate rejected because its robust objective is higher.,"[6069.026028114001, 6069.026028114001, 6069.026028114001, 6069.026028114001, 6069.026028114001]"
2026-06-25,WIDGET,368322,Diesel,1.44,8461.823237306608,0.0,0.8062015503875977,0.6666666666666666,0.5374677002583984,0.3205128205128191,P01 rising | P02 streak 3 | P07 price percentile 0.32,0.0,14.0,0.0,0.0,0.0,0.0,0.0,0.0,0.0,0.0,1.5188695607235143,True,Selected because it is the operational minimum.,"[0.0, 0.0, 0.0, 0.0, 0.0]"
2026-06-25,WIDGET,368322,Diesel,1.44,8461.823237306608,0.0,0.8062015503875977,0.6666666666666666,0.5374677002583984,0.3205128205128191,P01 rising | P02 streak 3 | P07 price percentile 0.32,5538.176763,14.0,7974.97453872,0.0,0.0,0.0,0.0,7974.97453872,0.0,7974.97453872,1.5188695607235143,False,Feasible candidate rejected because its robust objective is higher.,"[7974.97453872, 7974.97453872, 7974.97453872, 7974.97453872, 7974.97453872]"
2026-06-25,WIDGET,368322,Verde,1.374,5782.654351926084,0.0,0.7178294573643389,0.6666666666666666,0.4785529715762259,0.4666666666666703,P01 rising | P02 streak 3 | P07 price percentile 0.47,0.0,13.0,0.0,715.0170755771032,0.0,0.0,0.0,715.0170755771032,43.27186063878571,715.0170755771032,1.4203888372093023,False,Operational-minimum benchmark; feasible but not selected.,"[680.7660588499863, 690.9849835936734, 706.8419357821534, 750.8890251945983, 758.288936215889]"
2026-06-25,WIDGET,368322,Verde,1.374,5782.654351926084,0.0,0.7178294573643389,0.6666666666666666,0.4785529715762259,0.4666666666666703,P01 rising | P02 streak 3 | P07 price percentile 0.47,503.395308,14.0,691.665153192,0.0,0.0,0.0,0.0,691.665153192,0.0,691.665153192,1.4203888372093023,True,Selected because it has the lowest robust objective.,"[691.665153192, 691.665153192, 691.665153192, 691.665153192, 691.665153192]"
2026-06-25,WIDGET,368322,Verde,1.374,5782.654351926084,0.0,0.7178294573643389,0.6666666666666666,0.4785529715762259,0.4666666666666703,P01 rising | P02 streak 3 | P07 price percentile 0.47,8217.345648,14.0,11290.632920352002,0.0,0.0,0.0,0.0,11290.632920352002,0.0,11290.632920352002,1.4203888372093023,False,Feasible candidate rejected because its robust objective is higher.,"[11290.632920352002, 11290.632920352002, 11290.632920352002, 11290.632920352002, 11290.632920352002]"
2026-06-26,WIDGET,368318,Diesel,1.447,26773.0146519533,0.0,0.7641277641277642,0.7000000000000001,0.534889434889435,0.41025641025641024,P01 rising | P02 streak 4 | P07 price percentile 0.41,0.0,13.0,0.0,0.0,0.0,0.0,0.0,0.0,0.0,0.0,1.4724078132678136,True,Selected because it is the operational minimum.,"[0.0, 0.0, 0.0, 0.0, 0.0]"
2026-06-26,WIDGET,368318,Diesel,1.447,26773.0146519533,0.0,0.7641277641277642,0.7000000000000001,0.534889434889435,0.41025641025641024,P01 rising | P02 streak 4 | P07 price percentile 0.41,8226.985348,13.0,11904.447798556,0.0,0.0,0.0,0.0,11904.447798556,0.0,11904.447798556,1.4724078132678136,False,Feasible candidate rejected because its robust objective is higher.,"[11904.447798556, 11904.447798556, 11904.447798556, 11904.447798556, 11904.447798556]"
2026-06-26,WIDGET,368318,Verde,1.369,15336.56022770801,0.0,-0.33568281938326083,0.6000000000000001,-0.20140969162995653,0.35555555555555646,P02 streak 1 | P07 price percentile 0.36,0.0,13.0,0.0,5.631913149399213e-07,0.0,0.0,0.0,5.631913149399213e-07,3.017446258127154e-08,5.631913149399213e-07,1.372120859030837,True,Selected because it is the operational minimum.,"[5.360049512172724e-07, 5.468101301256854e-07, 5.581488981159953e-07, 5.881632839726977e-07, 5.933657775211929e-07]"
2026-06-26,WIDGET,368318,Verde,1.369,15336.56022770801,0.0,-0.33568281938326083,0.6000000000000001,-0.20140969162995653,0.35555555555555646,P02 streak 1 | P07 price percentile 0.36,14663.439772,13.0,20074.249047868,0.0,0.0,0.0,0.0,20074.249047868,0.0,20074.249047868,1.372120859030837,False,Feasible candidate rejected because its robust objective is higher.,"[20074.249047868, 20074.249047868, 20074.249047868, 20074.249047868, 20074.249047868]"
2026-06-26,WIDGET,368319,Diesel,1.447,5687.32988715509,0.0,0.7641277641277642,0.7000000000000001,0.534889434889435,0.41025641025641024,P01 rising | P02 streak 4 | P07 price percentile 0.41,0.0,13.0,0.0,0.0,0.0,0.0,0.0,0.0,0.0,0.0,1.4724078132678136,True,Selected because it is the operational minimum.,"[0.0, 0.0, 0.0, 0.0, 0.0]"
2026-06-26,WIDGET,368319,Diesel,1.447,5687.32988715509,0.0,0.7641277641277642,0.7000000000000001,0.534889434889435,0.41025641025641024,P01 rising | P02 streak 4 | P07 price percentile 0.41,4312.670113,13.0,6240.433653511001,0.0,0.0,0.0,0.0,6240.433653511001,0.0,6240.433653511001,1.4724078132678136,False,Feasible candidate rejected because its robust objective is higher.,"[6240.433653511001, 6240.433653511001, 6240.433653511001, 6240.433653511001, 6240.433653511001]"
2026-06-26,WIDGET,368319,Verde,1.369,6079.170735914886,0.0,-0.33568281938326083,0.6000000000000001,-0.20140969162995653,0.35555555555555646,P02 streak 1 | P07 price percentile 0.36,0.0,13.0,0.0,5.096261300484166e-07,0.0,0.0,0.0,5.096261300484166e-07,2.7304566287966723e-08,5.096261300484166e-07,1.372120859030837,True,Selected because it is the operational minimum.,"[4.850254642239797e-07, 4.948029614358511e-07, 5.0506329801621e-07, 5.322230124936305e-07, 5.369306963363833e-07]"
2026-06-26,WIDGET,368319,Verde,1.369,6079.170735914886,0.0,-0.33568281938326083,0.6000000000000001,-0.20140969162995653,0.35555555555555646,P02 streak 1 | P07 price percentile 0.36,3920.829264,13.0,5367.6152624159995,0.0,0.0,0.0,0.0,5367.615262416,-9.094947017729282e-13,5367.615262416,1.372120859030837,False,Feasible candidate rejected because its robust objective is higher.,"[5367.6152624159995, 5367.6152624159995, 5367.6152624159995, 5367.6152624159995, 5367.6152624159995]"
2026-06-26,WIDGET,368320,Diesel,1.447,34895.45640664839,0.0,0.7641277641277642,0.7000000000000001,0.534889434889435,0.41025641025641024,P01 rising | P02 streak 4 | P07 price percentile 0.41,0.0,13.0,0.0,0.0,0.0,0.0,0.0,0.0,0.0,0.0,1.4724078132678136,True,Selected because it is the operational minimum.,"[0.0, 0.0, 0.0, 0.0, 0.0]"
2026-06-26,WIDGET,368320,Diesel,1.447,34895.45640664839,0.0,0.7641277641277642,0.7000000000000001,0.534889434889435,0.41025641025641024,P01 rising | P02 streak 4 | P07 price percentile 0.41,15104.543593,13.0,21856.274579071003,0.0,0.0,0.0,0.0,21856.274579071003,0.0,21856.274579071003,1.4724078132678136,False,Feasible candidate rejected because its robust objective is higher.,"[21856.274579071003, 21856.274579071003, 21856.274579071003, 21856.274579071003, 21856.274579071003]"
2026-06-26,WIDGET,368320,Verde,1.369,10150.677621809373,0.0,-0.33568281938326083,0.6000000000000001,-0.20140969162995653,0.35555555555555646,P02 streak 1 | P07 price percentile 0.36,0.0,13.0,0.0,1.9988700521426404e-07,0.0,0.0,0.0,1.9988700521426406e-07,1.0709474381656018e-08,1.9988700521426406e-07,1.372120859030837,True,Selected because it is the operational minimum.,"[1.9023806233636176e-07, 1.9407302000618555e-07, 1.9809735830167963e-07, 2.0875001849563458e-07, 2.1059647959592008e-07]"
2026-06-26,WIDGET,368320,Verde,1.369,10150.677621809373,0.0,-0.33568281938326083,0.6000000000000001,-0.20140969162995653,0.35555555555555646,P02 streak 1 | P07 price percentile 0.36,39849.322378,13.0,54553.722335481994,0.0,0.0,0.0,0.0,54553.722335482,-7.275957614183426e-12,54553.722335482,1.372120859030837,False,Feasible candidate rejected because its robust objective is higher.,"[54553.722335481994, 54553.722335481994, 54553.722335481994, 54553.722335481994, 54553.722335481994]"
2026-06-26,WIDGET,368321,Diesel,1.447,6098.575262340258,0.0,0.7641277641277642,0.7000000000000001,0.534889434889435,0.41025641025641024,P01 rising | P02 streak 4 | P07 price percentile 0.41,0.0,13.0,0.0,0.0,0.0,0.0,0.0,0.0,0.0,0.0,1.4724078132678136,True,Selected because it is the operational minimum.,"[0.0, 0.0, 0.0, 0.0, 0.0]"
2026-06-26,WIDGET,368321,Diesel,1.447,6098.575262340258,0.0,0.7641277641277642,0.7000000000000001,0.534889434889435,0.41025641025641024,P01 rising | P02 streak 4 | P07 price percentile 0.41,3901.424738,13.0,5645.361595886,0.0,0.0,0.0,0.0,5645.361595886001,-9.094947017729282e-13,5645.361595886001,1.4724078132678136,False,Feasible candidate rejected because its robust objective is higher.,"[5645.361595886, 5645.361595886, 5645.361595886, 5645.361595886, 5645.361595886]"
2026-06-26,WIDGET,368321,Verde,1.369,5197.466435184417,0.0,-0.33568281938326083,0.6000000000000001,-0.20140969162995653,0.35555555555555646,P02 streak 1 | P07 price percentile 0.36,0.0,13.0,0.0,0.0,0.0,0.0,0.0,0.0,0.0,0.0,1.372120859030837,True,Selected because it is the operational minimum.,"[0.0, 0.0, 0.0, 0.0, 0.0]"
2026-06-26,WIDGET,368321,Verde,1.369,5197.466435184417,0.0,-0.33568281938326083,0.6000000000000001,-0.20140969162995653,0.35555555555555646,P02 streak 1 | P07 price percentile 0.36,4802.533565,13.0,6574.668450485,0.0,0.0,0.0,0.0,6574.668450485001,-9.094947017729282e-13,6574.668450485001,1.372120859030837,False,Feasible candidate rejected because its robust objective is higher.,"[6574.668450485, 6574.668450485, 6574.668450485, 6574.668450485, 6574.668450485]"
2026-06-26,WIDGET,368322,Diesel,1.447,7834.034477759774,0.0,0.7641277641277642,0.7000000000000001,0.534889434889435,0.41025641025641024,P01 rising | P02 streak 4 | P07 price percentile 0.41,0.0,13.0,0.0,0.0,0.0,0.0,0.0,0.0,0.0,0.0,1.4724078132678136,True,Selected because it is the operational minimum.,"[0.0, 0.0, 0.0, 0.0, 0.0]"
2026-06-26,WIDGET,368322,Diesel,1.447,7834.034477759774,0.0,0.7641277641277642,0.7000000000000001,0.534889434889435,0.41025641025641024,P01 rising | P02 streak 4 | P07 price percentile 0.41,6165.965522,13.0,8922.152110334,0.0,0.0,0.0,0.0,8922.152110334,0.0,8922.152110334,1.4724078132678136,False,Feasible candidate rejected because its robust objective is higher.,"[8922.152110334, 8922.152110334, 8922.152110334, 8922.152110334, 8922.152110334]"
2026-06-26,WIDGET,368322,Verde,1.369,5804.451113017925,0.0,-0.33568281938326083,0.6000000000000001,-0.20140969162995653,0.35555555555555646,P02 streak 1 | P07 price percentile 0.36,0.0,13.0,0.0,0.0,0.0,0.0,0.0,0.0,0.0,0.0,1.372120859030837,True,Selected because it is the operational minimum.,"[0.0, 0.0, 0.0, 0.0, 0.0]"
2026-06-26,WIDGET,368322,Verde,1.369,5804.451113017925,0.0,-0.33568281938326083,0.6000000000000001,-0.20140969162995653,0.35555555555555646,P02 streak 1 | P07 price percentile 0.36,8195.548887,13.0,11219.706426303,0.0,0.0,0.0,0.0,11219.706426303,0.0,11219.706426303,1.372120859030837,False,Feasible candidate rejected because its robust objective is higher.,"[11219.706426303, 11219.706426303, 11219.706426303, 11219.706426303, 11219.706426303]"
2026-06-27,WIDGET,368318,Diesel,1.46,24524.904470448004,0.0,0.586278586278587,0.7166666666666667,0.42016632016632066,0.5769230769230755,P01 rising | P02 streak 5 | P04 multi-day quotation | P07 price percentile 0.58,0.0,12.0,0.0,0.0,0.0,0.0,0.0,0.0,0.0,0.0,1.444769979209979,True,Selected because it is the operational minimum.,"[0.0, 0.0, 0.0, 0.0, 0.0]"
2026-06-27,WIDGET,368318,Diesel,1.46,24524.904470448004,0.0,0.586278586278587,0.7166666666666667,0.42016632016632066,0.5769230769230755,P01 rising | P02 streak 5 | P04 multi-day quotation | P07 price percentile 0.58,10475.09553,12.0,15293.6394738,0.0,0.0,0.0,0.0,15293.639473800002,-1.8189894035458565e-12,15293.639473800002,1.444769979209979,False,Feasible candidate rejected because its robust objective is higher.,"[15293.6394738, 15293.6394738, 15293.6394738, 15293.6394738, 15293.6394738]"
2026-06-27,WIDGET,368318,Verde,1.38,14011.35125727948,0.0,0.5026763990267645,0.6,0.30160583941605873,0.599999999999999,P01 rising | P02 streak 1 | P04 multi-day quotation | P07 price percentile 0.60,0.0,12.0,0.0,5.765501634495242e-07,0.0,0.0,0.0,5.765501634495241e-07,3.250788868172095e-08,5.765501634495241e-07,1.4046674452554744,True,Selected because it is the operational minimum.,"[5.489677124468518e-07, 5.617738504123782e-07, 5.716247257704754e-07, 5.987146330052429e-07, 6.09058052131245e-07]"
2026-06-27,WIDGET,368318,Verde,1.38,14011.35125727948,0.0,0.5026763990267645,0.6,0.30160583941605873,0.599999999999999,P01 rising | P02 streak 1 | P04 multi-day quotation | P07 price percentile 0.60,15988.648743,12.0,22064.33526534,0.0,0.0,0.0,0.0,22064.33526534,0.0,22064.33526534,1.4046674452554744,False,Feasible candidate rejected because its robust objective is higher.,"[22064.33526534, 22064.33526534, 22064.33526534, 22064.33526534, 22064.33526534]"
2026-06-27,WIDGET,368319,Diesel,1.46,5259.269088357291,0.0,0.586278586278587,0.7166666666666667,0.42016632016632066,0.5769230769230755,P01 rising | P02 streak 5 | P04 multi-day quotation | P07 price percentile 0.58,0.0,12.0,0.0,0.0,0.0,0.0,0.0,0.0,0.0,0.0,1.444769979209979,True,Selected because it is the operational minimum.,"[0.0, 0.0, 0.0, 0.0, 0.0]"
2026-06-27,WIDGET,368319,Diesel,1.46,5259.269088357291,0.0,0.586278586278587,0.7166666666666667,0.42016632016632066,0.5769230769230755,P01 rising | P02 streak 5 | P04 multi-day quotation | P07 price percentile 0.58,4740.730912,12.0,6921.467131519999,0.0,0.0,0.0,0.0,6921.467131519999,0.0,6921.467131519999,1.444769979209979,False,Feasible candidate rejected because its robust objective is higher.,"[6921.467131519999, 6921.467131519999, 6921.467131519999, 6921.467131519999, 6921.467131519999]"
2026-06-27,WIDGET,368319,Verde,1.38,5440.763860983738,0.0,0.5026763990267645,0.6,0.30160583941605873,0.599999999999999,P01 rising | P02 streak 1 | P04 multi-day quotation | P07 price percentile 0.60,0.0,12.0,0.0,5.217131395409152e-07,0.0,0.0,0.0,5.217131395409152e-07,2.941598795587198e-08,5.217131395409152e-07,1.4046674452554744,True,Selected because it is the operational minimum.,"[4.96754119457145e-07, 5.083422359246097e-07, 5.172561716688133e-07, 5.417694949653733e-07, 5.511291274967871e-07]"
2026-06-27,WIDGET,368319,Verde,1.38,5440.763860983738,0.0,0.5026763990267645,0.6,0.30160583941605873,0.599999999999999,P01 rising | P02 streak 1 | P04 multi-day quotation | P07 price percentile 0.60,4559.236139,12.0,6291.745871819999,0.0,0.0,0.0,0.0,6291.745871819999,0.0,6291.745871819999,1.4046674452554744,False,Feasible candidate rejected because its robust objective is higher.,"[6291.745871819999, 6291.745871819999, 6291.745871819999, 6291.745871819999, 6291.745871819999]"
2026-06-27,WIDGET,368320,Diesel,1.46,33341.24627302153,0.0,0.586278586278587,0.7166666666666667,0.42016632016632066,0.5769230769230755,P01 rising | P02 streak 5 | P04 multi-day quotation | P07 price percentile 0.58,0.0,12.0,0.0,0.0,0.0,0.0,0.0,0.0,0.0,0.0,1.444769979209979,True,Selected because it is the operational minimum.,"[0.0, 0.0, 0.0, 0.0, 0.0]"
2026-06-27,WIDGET,368320,Diesel,1.46,33341.24627302153,0.0,0.586278586278587,0.7166666666666667,0.42016632016632066,0.5769230769230755,P01 rising | P02 streak 5 | P04 multi-day quotation | P07 price percentile 0.58,16658.753727,12.0,24321.78044142,0.0,0.0,0.0,0.0,24321.78044142,0.0,24321.78044142,1.444769979209979,False,Feasible candidate rejected because its robust objective is higher.,"[24321.78044142, 24321.78044142, 24321.78044142, 24321.78044142, 24321.78044142]"
2026-06-27,WIDGET,368320,Verde,1.38,9193.644578156618,0.0,0.5026763990267645,0.6,0.30160583941605873,0.599999999999999,P01 rising | P02 streak 1 | P04 multi-day quotation | P07 price percentile 0.60,0.0,12.0,0.0,2.0463341756670285e-07,0.0,0.0,0.0,2.0463341756670287e-07,1.1537938553374242e-08,2.0463341756670287e-07,1.4046674452554744,True,Selected because it is the operational minimum.,"[1.9484365152141561e-07, 1.9938890004244182e-07, 2.0288524505861584e-07, 2.125001938530944e-07, 2.1617135612007712e-07]"
2026-06-27,WIDGET,368320,Verde,1.38,9193.644578156618,0.0,0.5026763990267645,0.6,0.30160583941605873,0.599999999999999,P01 rising | P02 streak 1 | P04 multi-day quotation | P07 price percentile 0.60,40806.355422,12.0,56312.77048236,0.0,0.0,0.0,0.0,56312.77048236,0.0,56312.77048236,1.4046674452554744,False,Feasible candidate rejected because its robust objective is higher.,"[56312.77048236, 56312.77048236, 56312.77048236, 56312.77048236, 56312.77048236]"
2026-06-27,WIDGET,368321,Diesel,1.46,5530.921999495377,0.0,0.586278586278587,0.7166666666666667,0.42016632016632066,0.5769230769230755,P01 rising | P02 streak 5 | P04 multi-day quotation | P07 price percentile 0.58,0.0,12.0,0.0,0.0,0.0,0.0,0.0,0.0,0.0,0.0,1.444769979209979,True,Selected because it is the operational minimum.,"[0.0, 0.0, 0.0, 0.0, 0.0]"
2026-06-27,WIDGET,368321,Diesel,1.46,5530.921999495377,0.0,0.586278586278587,0.7166666666666667,0.42016632016632066,0.5769230769230755,P01 rising | P02 streak 5 | P04 multi-day quotation | P07 price percentile 0.58,4469.078001,12.0,6524.85388146,0.0,0.0,0.0,0.0,6524.85388146,0.0,6524.85388146,1.444769979209979,False,Feasible candidate rejected because its robust objective is higher.,"[6524.85388146, 6524.85388146, 6524.85388146, 6524.85388146, 6524.85388146]"
2026-06-27,WIDGET,368321,Verde,1.38,4789.974703927906,0.0,0.5026763990267645,0.6,0.30160583941605873,0.599999999999999,P01 rising | P02 streak 1 | P04 multi-day quotation | P07 price percentile 0.60,0.0,12.0,0.0,0.0,0.0,0.0,0.0,0.0,0.0,0.0,1.4046674452554744,True,Selected because it is the operational minimum.,"[0.0, 0.0, 0.0, 0.0, 0.0]"
2026-06-27,WIDGET,368321,Verde,1.38,4789.974703927906,0.0,0.5026763990267645,0.6,0.30160583941605873,0.599999999999999,P01 rising | P02 streak 1 | P04 multi-day quotation | P07 price percentile 0.60,5210.025296,12.0,7189.834908479999,0.0,0.0,0.0,0.0,7189.834908479999,0.0,7189.834908479999,1.4046674452554744,False,Feasible candidate rejected because its robust objective is higher.,"[7189.834908479999, 7189.834908479999, 7189.834908479999, 7189.834908479999, 7189.834908479999]"
2026-06-27,WIDGET,368322,Diesel,1.46,7186.747473692452,0.0,0.586278586278587,0.7166666666666667,0.42016632016632066,0.5769230769230755,P01 rising | P02 streak 5 | P04 multi-day quotation | P07 price percentile 0.58,0.0,12.0,0.0,0.0,0.0,0.0,0.0,0.0,0.0,0.0,1.444769979209979,True,Selected because it is the operational minimum.,"[0.0, 0.0, 0.0, 0.0, 0.0]"
2026-06-27,WIDGET,368322,Diesel,1.46,7186.747473692452,0.0,0.586278586278587,0.7166666666666667,0.42016632016632066,0.5769230769230755,P01 rising | P02 streak 5 | P04 multi-day quotation | P07 price percentile 0.58,6813.252526,12.0,9947.34868796,0.0,0.0,0.0,0.0,9947.34868796,0.0,9947.34868796,1.444769979209979,False,Feasible candidate rejected because its robust objective is higher.,"[9947.34868796, 9947.34868796, 9947.34868796, 9947.34868796, 9947.34868796]"
2026-06-27,WIDGET,368322,Verde,1.38,5326.899819698089,0.0,0.5026763990267645,0.6,0.30160583941605873,0.599999999999999,P01 rising | P02 streak 1 | P04 multi-day quotation | P07 price percentile 0.60,0.0,12.0,0.0,0.0,0.0,0.0,0.0,0.0,0.0,0.0,1.4046674452554744,True,Selected because it is the operational minimum.,"[0.0, 0.0, 0.0, 0.0, 0.0]"
2026-06-27,WIDGET,368322,Verde,1.38,5326.899819698089,0.0,0.5026763990267645,0.6,0.30160583941605873,0.599999999999999,P01 rising | P02 streak 1 | P04 multi-day quotation | P07 price percentile 0.60,8673.10018,12.0,11968.878248399998,0.0,0.0,0.0,0.0,11968.878248399998,0.0,11968.878248399998,1.4046674452554744,False,Feasible candidate rejected because its robust objective is higher.,"[11968.878248399998, 11968.878248399998, 11968.878248399998, 11968.878248399998, 11968.878248399998]"
2026-06-30,WIDGET,368318,Diesel,1.47,18553.41350171026,0.0,0.6043165467625907,0.7166666666666667,0.43309352517985666,0.7051282051282037,P01 rising | P02 streak 6 | P07 price percentile 0.71,0.0,9.0,0.0,0.0,0.0,0.0,0.0,0.0,0.0,0.0,1.4612742086330937,True,Selected because it is the operational minimum.,"[0.0, 0.0, 0.0, 0.0, 0.0]"
2026-06-30,WIDGET,368318,Diesel,1.47,18553.41350171026,0.0,0.6043165467625907,0.7166666666666667,0.43309352517985666,0.7051282051282037,P01 rising | P02 streak 6 | P07 price percentile 0.71,16446.586498,9.0,24176.48215206,0.0,0.0,0.0,0.0,24176.48215206,0.0,24176.48215206,1.4612742086330937,False,Feasible candidate rejected because its robust objective is higher.,"[24176.48215206, 24176.48215206, 24176.48215206, 24176.48215206, 24176.48215206]"
2026-06-30,WIDGET,368318,Verde,1.389,10540.964291270671,0.0,0.489918256130789,0.6333333333333333,0.3102815622161663,0.8000000000000019,P01 rising | P02 streak 2 | P07 price percentile 0.80,0.0,9.0,0.0,5.7329995904788e-07,0.0,0.0,0.0,5.732999590478798e-07,1.9486262817736107e-08,5.732999590478798e-07,1.3967488692098091,True,Selected because it is the operational minimum.,"[5.480878749282497e-07, 5.584312940542518e-07, 5.741311266562193e-07, 5.893691994757761e-07, 5.92786221865616e-07]"
2026-06-30,WIDGET,368318,Verde,1.389,10540.964291270671,0.0,0.489918256130789,0.6333333333333333,0.3102815622161663,0.8000000000000019,P01 rising | P02 streak 2 | P07 price percentile 0.80,19459.035709,9.0,27028.600599801,0.0,0.0,0.0,0.0,27028.600599801,0.0,27028.600599801,1.3967488692098091,False,Feasible candidate rejected because its robust objective is higher.,"[27028.600599801, 27028.600599801, 27028.600599801, 27028.600599801, 27028.600599801]"
2026-06-30,WIDGET,368319,Diesel,1.47,4207.873113318927,0.0,0.6043165467625907,0.7166666666666667,0.43309352517985666,0.7051282051282037,P01 rising | P02 streak 6 | P07 price percentile 0.71,0.0,9.0,0.0,0.0,0.0,0.0,0.0,0.0,0.0,0.0,1.4612742086330937,True,Selected because it is the operational minimum.,"[0.0, 0.0, 0.0, 0.0, 0.0]"
2026-06-30,WIDGET,368319,Diesel,1.47,4207.873113318927,0.0,0.6043165467625907,0.7166666666666667,0.43309352517985666,0.7051282051282037,P01 rising | P02 streak 6 | P07 price percentile 0.71,5792.126887,9.0,8514.42652389,0.0,0.0,0.0,0.0,8514.42652389,0.0,8514.42652389,1.4612742086330937,False,Feasible candidate rejected because its robust objective is higher.,"[8514.42652389, 8514.42652389, 8514.42652389, 8514.42652389, 8514.42652389]"
2026-06-30,WIDGET,368319,Verde,1.389,4102.607861448352,0.0,0.489918256130789,0.6333333333333333,0.3102815622161663,0.8000000000000019,P01 rising | P02 streak 2 | P07 price percentile 0.80,0.0,9.0,0.0,5.187720696218882e-07,0.0,0.0,0.0,5.187720696218882e-07,1.763287914400269e-08,5.187720696218882e-07,1.3967488692098091,True,Selected because it is the operational minimum.,"[4.95957965326567e-07, 5.053175978579808e-07, 5.195241829503053e-07, 5.333129273046204e-07, 5.364049487658909e-07]"
2026-06-30,WIDGET,368319,Verde,1.389,4102.607861448352,0.0,0.489918256130789,0.6333333333333333,0.3102815622161663,0.8000000000000019,P01 rising | P02 streak 2 | P07 price percentile 0.80,5897.392139,9.0,8191.477681070999,0.0,0.0,0.0,0.0,8191.477681071,-9.094947017729282e-13,8191.477681071,1.3967488692098091,False,Feasible candidate rejected because its robust objective is higher.,"[8191.477681070999, 8191.477681070999, 8191.477681070999, 8191.477681070999, 8191.477681070999]"
2026-06-30,WIDGET,368320,Diesel,1.47,29520.969537945664,0.0,0.6043165467625907,0.7166666666666667,0.43309352517985666,0.7051282051282037,P01 rising | P02 streak 6 | P07 price percentile 0.71,0.0,9.0,0.0,0.0,0.0,0.0,0.0,0.0,0.0,0.0,1.4612742086330937,True,Selected because it is the operational minimum.,"[0.0, 0.0, 0.0, 0.0, 0.0]"
2026-06-30,WIDGET,368320,Diesel,1.47,29520.969537945664,0.0,0.6043165467625907,0.7166666666666667,0.43309352517985666,0.7051282051282037,P01 rising | P02 streak 6 | P07 price percentile 0.71,20479.030462,9.0,30104.174779139998,0.0,0.0,0.0,0.0,30104.174779139998,0.0,30104.174779139998,1.4612742086330937,False,Feasible candidate rejected because its robust objective is higher.,"[30104.174779139998, 30104.174779139998, 30104.174779139998, 30104.174779139998, 30104.174779139998]"
2026-06-30,WIDGET,368320,Verde,1.389,7028.880264152574,0.0,0.489918256130789,0.6333333333333333,0.3102815622161663,0.8000000000000019,P01 rising | P02 streak 2 | P07 price percentile 0.80,0.0,9.0,0.0,2.0347856081882094e-07,0.0,0.0,0.0,2.0347856081882094e-07,6.916164306858272e-09,2.0347856081882094e-07,1.3967488692098091,True,Selected because it is the operational minimum.,"[1.9453015865876262e-07, 1.9820129800647883e-07, 2.0377356308783383e-07, 2.0918193801973723e-07, 2.103947251256792e-07]"
2026-06-30,WIDGET,368320,Verde,1.389,7028.880264152574,0.0,0.489918256130789,0.6333333333333333,0.3102815622161663,0.8000000000000019,P01 rising | P02 streak 2 | P07 price percentile 0.80,42971.119736,9.0,59686.885313304,0.0,0.0,0.0,0.0,59686.88531330401,-7.275957614183426e-12,59686.88531330401,1.3967488692098091,False,Feasible candidate rejected because its robust objective is higher.,"[59686.885313304, 59686.885313304, 59686.885313304, 59686.885313304, 59686.885313304]"
2026-06-30,WIDGET,368321,Diesel,1.47,4274.85065491273,0.0,0.6043165467625907,0.7166666666666667,0.43309352517985666,0.7051282051282037,P01 rising | P02 streak 6 | P07 price percentile 0.71,0.0,9.0,0.0,0.0,0.0,0.0,0.0,0.0,0.0,0.0,1.4612742086330937,True,Selected because it is the operational minimum.,"[0.0, 0.0, 0.0, 0.0, 0.0]"
2026-06-30,WIDGET,368321,Diesel,1.47,4274.85065491273,0.0,0.6043165467625907,0.7166666666666667,0.43309352517985666,0.7051282051282037,P01 rising | P02 streak 6 | P07 price percentile 0.71,5725.149345,9.0,8415.96953715,0.0,0.0,0.0,0.0,8415.96953715,0.0,8415.96953715,1.4612742086330937,False,Feasible candidate rejected because its robust objective is higher.,"[8415.96953715, 8415.96953715, 8415.96953715, 8415.96953715, 8415.96953715]"
2026-06-30,WIDGET,368321,Verde,1.389,3783.394387289652,0.0,0.489918256130789,0.6333333333333333,0.3102815622161663,0.8000000000000019,P01 rising | P02 streak 2 | P07 price percentile 0.80,0.0,9.0,0.0,0.0,0.0,0.0,0.0,0.0,0.0,0.0,1.3967488692098091,True,Selected because it is the operational minimum.,"[0.0, 0.0, 0.0, 0.0, 0.0]"
2026-06-30,WIDGET,368321,Verde,1.389,3783.394387289652,0.0,0.489918256130789,0.6333333333333333,0.3102815622161663,0.8000000000000019,P01 rising | P02 streak 2 | P07 price percentile 0.80,6216.605613,9.0,8634.865196457,0.0,0.0,0.0,0.0,8634.865196457,0.0,8634.865196457,1.3967488692098091,False,Feasible candidate rejected because its robust objective is higher.,"[8634.865196457, 8634.865196457, 8634.865196457, 8634.865196457, 8634.865196457]"
2026-06-30,WIDGET,368322,Diesel,1.47,5556.685083455998,0.0,0.6043165467625907,0.7166666666666667,0.43309352517985666,0.7051282051282037,P01 rising | P02 streak 6 | P07 price percentile 0.71,0.0,9.0,0.0,0.0,0.0,0.0,0.0,0.0,0.0,0.0,1.4612742086330937,True,Selected because it is the operational minimum.,"[0.0, 0.0, 0.0, 0.0, 0.0]"
2026-06-30,WIDGET,368322,Diesel,1.47,5556.685083455998,0.0,0.6043165467625907,0.7166666666666667,0.43309352517985666,0.7051282051282037,P01 rising | P02 streak 6 | P07 price percentile 0.71,8443.314917,9.0,12411.67292799,0.0,0.0,0.0,0.0,12411.672927990001,-1.8189894035458565e-12,12411.672927990001,1.4612742086330937,False,Feasible candidate rejected because its robust objective is higher.,"[12411.67292799, 12411.67292799, 12411.67292799, 12411.67292799, 12411.67292799]"
2026-06-30,WIDGET,368322,Verde,1.389,4064.5191145031204,0.0,0.489918256130789,0.6333333333333333,0.3102815622161663,0.8000000000000019,P01 rising | P02 streak 2 | P07 price percentile 0.80,0.0,9.0,0.0,0.0,0.0,0.0,0.0,0.0,0.0,0.0,1.3967488692098091,True,Selected because it is the operational minimum.,"[0.0, 0.0, 0.0, 0.0, 0.0]"
2026-06-30,WIDGET,368322,Verde,1.389,4064.5191145031204,0.0,0.489918256130789,0.6333333333333333,0.3102815622161663,0.8000000000000019,P01 rising | P02 streak 2 | P07 price percentile 0.80,9935.480885,9.0,13800.382949265002,0.0,0.0,0.0,0.0,13800.382949265004,-1.8189894035458565e-12,13800.382949265004,1.3967488692098091,False,Feasible candidate rejected because its robust objective is higher.,"[13800.382949265002, 13800.382949265002, 13800.382949265002, 13800.382949265002, 13800.382949265002]"
2026-07-01,WIDGET,368318,Diesel,1.48,16620.72721778564,0.0,0.5323741007194253,0.7166666666666667,0.3815347721822548,0.8333333333333319,P01 rising | P02 streak 7 | P07 price percentile 0.83,0.0,8.0,0.0,0.0,0.0,0.0,0.0,0.0,0.0,0.0,1.4745813908872902,True,Selected because it is the operational minimum.,"[0.0, 0.0, 0.0, 0.0, 0.0]"
2026-07-01,WIDGET,368318,Diesel,1.48,16620.72721778564,0.0,0.5323741007194253,0.7166666666666667,0.3815347721822548,0.8333333333333319,P01 rising | P02 streak 7 | P07 price percentile 0.83,18379.272782,8.0,27201.32371736,0.0,0.0,0.0,0.0,27201.32371736,0.0,27201.32371736,1.4745813908872902,False,Feasible candidate rejected because its robust objective is higher.,"[27201.32371736, 27201.32371736, 27201.32371736, 27201.32371736, 27201.32371736]"
2026-07-01,WIDGET,368318,Verde,1.399,9466.665875769562,0.0,0.39534883720930225,0.6666666666666666,0.26356589147286813,1.0,P01 rising | P02 streak 3 | P07 price percentile 1.00,0.0,8.0,0.0,5.738497622122279e-07,0.0,0.0,0.0,5.738497622122279e-07,1.1821050429716602e-08,5.738497622122279e-07,1.3980883720930233,True,Selected because it is the operational minimum.,"[5.53327105216192e-07, 5.584167241512088e-07, 5.781184748674034e-07, 5.850961782460556e-07, 5.856708126419445e-07]"
2026-07-01,WIDGET,368318,Verde,1.399,9466.665875769562,0.0,0.39534883720930225,0.6666666666666666,0.26356589147286813,1.0,P01 rising | P02 streak 3 | P07 price percentile 1.00,20533.334124,8.0,28726.134439476,0.0,0.0,0.0,0.0,28726.134439476005,-3.637978807091713e-12,28726.134439476005,1.3980883720930233,False,Feasible candidate rejected because its robust objective is higher.,"[28726.134439476, 28726.134439476, 28726.134439476, 28726.134439476, 28726.134439476]"
2026-07-01,WIDGET,368319,Diesel,1.48,3782.737931880348,0.0,0.5323741007194253,0.7166666666666667,0.3815347721822548,0.8333333333333319,P01 rising | P02 streak 7 | P07 price percentile 0.83,0.0,8.0,0.0,0.0,0.0,0.0,0.0,0.0,0.0,0.0,1.4745813908872902,True,Selected because it is the operational minimum.,"[0.0, 0.0, 0.0, 0.0, 0.0]"
2026-07-01,WIDGET,368319,Diesel,1.48,3782.737931880348,0.0,0.5323741007194253,0.7166666666666667,0.3815347721822548,0.8333333333333319,P01 rising | P02 streak 7 | P07 price percentile 0.83,6217.262068,8.0,9201.54786064,0.0,0.0,0.0,0.0,9201.54786064,0.0,9201.54786064,1.4745813908872902,False,Feasible candidate rejected because its robust objective is higher.,"[9201.54786064, 9201.54786064, 9201.54786064, 9201.54786064, 9201.54786064]"
2026-07-01,WIDGET,368319,Verde,1.399,3721.4248703974795,0.0,0.39534883720930225,0.6666666666666666,0.26356589147286813,1.0,P01 rising | P02 streak 3 | P07 price percentile 1.00,0.0,8.0,0.0,5.19268943954494e-07,0.0,0.0,0.0,5.19268943954494e-07,1.0696709796320644e-08,5.19268943954494e-07,1.3980883720930233,True,Selected because it is the operational minimum.,"[5.006982672247707e-07, 5.053037950537421e-07, 5.231316447142764e-07, 5.294456748023825e-07, 5.299656537508147e-07]"
2026-07-01,WIDGET,368319,Verde,1.399,3721.4248703974795,0.0,0.39534883720930225,0.6666666666666666,0.26356589147286813,1.0,P01 rising | P02 streak 3 | P07 price percentile 1.00,6278.57513,8.0,8783.726606870001,0.0,0.0,0.0,0.0,8783.726606870001,0.0,8783.726606870001,1.3980883720930233,False,Feasible candidate rejected because its robust objective is higher.,"[8783.726606870001, 8783.726606870001, 8783.726606870001, 8783.726606870001, 8783.726606870001]"
2026-07-01,WIDGET,368320,Diesel,1.48,28321.337270859513,0.0,0.5323741007194253,0.7166666666666667,0.3815347721822548,0.8333333333333319,P01 rising | P02 streak 7 | P07 price percentile 0.83,0.0,8.0,0.0,0.0,0.0,0.0,0.0,0.0,0.0,0.0,1.4745813908872902,True,Selected because it is the operational minimum.,"[0.0, 0.0, 0.0, 0.0, 0.0]"
2026-07-01,WIDGET,368320,Diesel,1.48,28321.337270859513,0.0,0.5323741007194253,0.7166666666666667,0.3815347721822548,0.8333333333333319,P01 rising | P02 streak 7 | P07 price percentile 0.83,21678.662729,8.0,32084.42083892,0.0,0.0,0.0,0.0,32084.42083892,0.0,32084.42083892,1.4745813908872902,False,Feasible candidate rejected because its robust objective is higher.,"[32084.42083892, 32084.42083892, 32084.42083892, 32084.42083892, 32084.42083892]"
2026-07-01,WIDGET,368320,Verde,1.399,6332.232779889045,0.0,0.39534883720930225,0.6666666666666666,0.26356589147286813,1.0,P01 rising | P02 streak 3 | P07 price percentile 1.00,0.0,8.0,0.0,2.0367369977679498e-07,0.0,0.0,0.0,2.03673699776795e-07,4.195587825961392e-09,2.03673699776795e-07,1.3980883720930233,True,Selected because it is the operational minimum.,"[1.9638969313450086e-07, 1.981961267817898e-07, 2.0518877315839217e-07, 2.0766533541677218e-07, 2.078692876027564e-07]"
2026-07-01,WIDGET,368320,Verde,1.399,6332.232779889045,0.0,0.39534883720930225,0.6666666666666666,0.26356589147286813,1.0,P01 rising | P02 streak 3 | P07 price percentile 1.00,43667.76722,8.0,61091.20634078,0.0,0.0,0.0,0.0,61091.20634078001,-7.275957614183426e-12,61091.20634078001,1.3980883720930233,False,Feasible candidate rejected because its robust objective is higher.,"[61091.20634078, 61091.20634078, 61091.20634078, 61091.20634078, 61091.20634078]"
2026-07-01,WIDGET,368321,Diesel,1.48,3797.2540921783993,0.0,0.5323741007194253,0.7166666666666667,0.3815347721822548,0.8333333333333319,P01 rising | P02 streak 7 | P07 price percentile 0.83,0.0,8.0,0.0,0.0,0.0,0.0,0.0,0.0,0.0,0.0,1.4745813908872902,True,Selected because it is the operational minimum.,"[0.0, 0.0, 0.0, 0.0, 0.0]"
2026-07-01,WIDGET,368321,Diesel,1.48,3797.2540921783993,0.0,0.5323741007194253,0.7166666666666667,0.3815347721822548,0.8333333333333319,P01 rising | P02 streak 7 | P07 price percentile 0.83,6202.745908,8.0,9180.06394384,0.0,0.0,0.0,0.0,9180.06394384,0.0,9180.06394384,1.4745813908872902,False,Feasible candidate rejected because its robust objective is higher.,"[9180.06394384, 9180.06394384, 9180.06394384, 9180.06394384, 9180.06394384]"
2026-07-01,WIDGET,368321,Verde,1.399,3432.406628721964,0.0,0.39534883720930225,0.6666666666666666,0.26356589147286813,1.0,P01 rising | P02 streak 3 | P07 price percentile 1.00,0.0,8.0,0.0,0.0,0.0,0.0,0.0,0.0,0.0,0.0,1.3980883720930233,True,Selected because it is the operational minimum.,"[0.0, 0.0, 0.0, 0.0, 0.0]"
2026-07-01,WIDGET,368321,Verde,1.399,3432.406628721964,0.0,0.39534883720930225,0.6666666666666666,0.26356589147286813,1.0,P01 rising | P02 streak 3 | P07 price percentile 1.00,6567.593371,8.0,9188.063126029,0.0,0.0,0.0,0.0,9188.063126029,0.0,9188.063126029,1.3980883720930233,False,Feasible candidate rejected because its robust objective is higher.,"[9188.063126029, 9188.063126029, 9188.063126029, 9188.063126029, 9188.063126029]"
2026-07-01,WIDGET,368322,Diesel,1.48,4995.782181450138,0.0,0.5323741007194253,0.7166666666666667,0.3815347721822548,0.8333333333333319,P01 rising | P02 streak 7 | P07 price percentile 0.83,0.0,8.0,0.0,0.0,0.0,0.0,0.0,0.0,0.0,0.0,1.4745813908872902,True,Selected because it is the operational minimum.,"[0.0, 0.0, 0.0, 0.0, 0.0]"
2026-07-01,WIDGET,368322,Diesel,1.48,4995.782181450138,0.0,0.5323741007194253,0.7166666666666667,0.3815347721822548,0.8333333333333319,P01 rising | P02 streak 7 | P07 price percentile 0.83,9004.217819,8.0,13326.24237212,0.0,0.0,0.0,0.0,13326.24237212,0.0,13326.24237212,1.4745813908872902,False,Feasible candidate rejected because its robust objective is higher.,"[13326.24237212, 13326.24237212, 13326.24237212, 13326.24237212, 13326.24237212]"
2026-07-01,WIDGET,368322,Verde,1.399,3646.4201379345423,0.0,0.39534883720930225,0.6666666666666666,0.26356589147286813,1.0,P01 rising | P02 streak 3 | P07 price percentile 1.00,0.0,8.0,0.0,0.0,0.0,0.0,0.0,0.0,0.0,0.0,1.3980883720930233,True,Selected because it is the operational minimum.,"[0.0, 0.0, 0.0, 0.0, 0.0]"
2026-07-01,WIDGET,368322,Verde,1.399,3646.4201379345423,0.0,0.39534883720930225,0.6666666666666666,0.26356589147286813,1.0,P01 rising | P02 streak 3 | P07 price percentile 1.00,10353.579862,8.0,14484.658226938001,0.0,0.0,0.0,0.0,14484.658226938001,0.0,14484.658226938001,1.3980883720930233,False,Feasible candidate rejected because its robust objective is higher.,"[14484.658226938001, 14484.658226938001, 14484.658226938001, 14484.658226938001, 14484.658226938001]"
2026-07-02,WIDGET,368318,Diesel,1.49,14563.65089409454,0.0,0.4604316546762598,0.7166666666666667,0.32997601918465286,0.9615384615384601,P01 rising | P02 streak 8 | P07 price percentile 0.96,0.0,7.0,0.0,0.0,0.0,0.0,0.0,0.0,0.0,0.0,1.490804160671463,True,Selected because it is the operational minimum.,"[0.0, 0.0, 0.0, 0.0, 0.0]"
2026-07-02,WIDGET,368318,Diesel,1.49,14563.65089409454,0.0,0.4604316546762598,0.7166666666666667,0.32997601918465286,0.9615384615384601,P01 rising | P02 streak 8 | P07 price percentile 0.96,20436.349106,7.0,30450.16016794,0.0,0.0,0.0,0.0,30450.160167940005,-3.637978807091713e-12,30450.160167940005,1.490804160671463,False,Feasible candidate rejected because its robust objective is higher.,"[30450.16016794, 30450.16016794, 30450.16016794, 30450.16016794, 30450.16016794]"
2026-07-02,WIDGET,368318,Verde,1.408,8322.24928995421,0.0,0.425061425061425,0.7000000000000001,0.29754299754299757,1.0,P01 rising | P02 streak 4 | P07 price percentile 1.00,0.0,7.0,0.0,5.777138634318477e-07,0.0,0.0,0.0,5.777138634318476e-07,7.78629606429605e-09,5.777138634318476e-07,1.4075026044226044,True,Selected because it is the operational minimum.,"[5.597852702801106e-07, 5.673991760256399e-07, 5.81765035922865e-07, 5.849973543997407e-07, 5.855001594961436e-07]"
2026-07-02,WIDGET,368318,Verde,1.408,8322.24928995421,0.0,0.425061425061425,0.7000000000000001,0.29754299754299757,1.0,P01 rising | P02 streak 4 | P07 price percentile 1.00,21677.75071,7.0,30522.272999679997,0.0,0.0,0.0,0.0,30522.272999679997,0.0,30522.272999679997,1.4075026044226044,False,Feasible candidate rejected because its robust objective is higher.,"[30522.272999679997, 30522.272999679997, 30522.272999679997, 30522.272999679997, 30522.272999679997]"
2026-07-02,WIDGET,368319,Diesel,1.49,3385.2530366362257,0.0,0.4604316546762598,0.7166666666666667,0.32997601918465286,0.9615384615384601,P01 rising | P02 streak 8 | P07 price percentile 0.96,0.0,7.0,0.0,0.0,0.0,0.0,0.0,0.0,0.0,0.0,1.490804160671463,True,Selected because it is the operational minimum.,"[0.0, 0.0, 0.0, 0.0, 0.0]"
2026-07-02,WIDGET,368319,Diesel,1.49,3385.2530366362257,0.0,0.4604316546762598,0.7166666666666667,0.32997601918465286,0.9615384615384601,P01 rising | P02 streak 8 | P07 price percentile 0.96,6614.746963,7.0,9855.97297487,0.0,0.0,0.0,0.0,9855.97297487,0.0,9855.97297487,1.490804160671463,False,Feasible candidate rejected because its robust objective is higher.,"[9855.97297487, 9855.97297487, 9855.97297487, 9855.97297487, 9855.97297487]"
2026-07-02,WIDGET,368319,Verde,1.408,3281.2884499044108,0.0,0.425061425061425,0.7000000000000001,0.29754299754299757,1.0,P01 rising | P02 streak 4 | P07 price percentile 1.00,0.0,7.0,0.0,5.227655172595172e-07,0.0,0.0,0.0,5.227655172595172e-07,7.045714751257043e-09,5.227655172595172e-07,1.4075026044226044,True,Selected because it is the operational minimum.,"[5.065421740684309e-07, 5.134318951351583e-07, 5.264313688459645e-07, 5.29356250430896e-07, 5.298112320107742e-07]"
2026-07-02,WIDGET,368319,Verde,1.408,3281.2884499044108,0.0,0.425061425061425,0.7000000000000001,0.29754299754299757,1.0,P01 rising | P02 streak 4 | P07 price percentile 1.00,6718.71155,7.0,9459.9458624,0.0,0.0,0.0,0.0,9459.9458624,0.0,9459.9458624,1.4075026044226044,False,Feasible candidate rejected because its robust objective is higher.,"[9459.9458624, 9459.9458624, 9459.9458624, 9459.9458624, 9459.9458624]"
2026-07-02,WIDGET,368320,Diesel,1.49,27094.69416441303,0.0,0.4604316546762598,0.7166666666666667,0.32997601918465286,0.9615384615384601,P01 rising | P02 streak 8 | P07 price percentile 0.96,0.0,7.0,0.0,0.0,0.0,0.0,0.0,0.0,0.0,0.0,1.490804160671463,True,Selected because it is the operational minimum.,"[0.0, 0.0, 0.0, 0.0, 0.0]"
2026-07-02,WIDGET,368320,Diesel,1.49,27094.69416441303,0.0,0.4604316546762598,0.7166666666666667,0.32997601918465286,0.9615384615384601,P01 rising | P02 streak 8 | P07 price percentile 0.96,22905.305836,7.0,34128.90569564,0.0,0.0,0.0,0.0,34128.90569564,0.0,34128.90569564,1.490804160671463,False,Feasible candidate rejected because its robust objective is higher.,"[34128.90569564, 34128.90569564, 34128.90569564, 34128.90569564, 34128.90569564]"
2026-07-02,WIDGET,368320,Verde,1.408,5512.284358278032,0.0,0.425061425061425,0.7000000000000001,0.29754299754299757,1.0,P01 rising | P02 streak 4 | P07 price percentile 1.00,0.0,7.0,0.0,2.0504516639321036e-07,0.0,0.0,0.0,2.0504516639321036e-07,2.7635521200864023e-09,2.0504516639321036e-07,1.4075026044226044,True,Selected because it is the operational minimum.,"[1.986818581905022e-07, 2.0138422465479333e-07, 2.0648302930439922e-07, 2.0763026035056055e-07, 2.0780871851329677e-07]"
2026-07-02,WIDGET,368320,Verde,1.408,5512.284358278032,0.0,0.425061425061425,0.7000000000000001,0.29754299754299757,1.0,P01 rising | P02 streak 4 | P07 price percentile 1.00,44487.715642,7.0,62638.703623936,0.0,0.0,0.0,0.0,62638.70362393601,-7.275957614183426e-12,62638.70362393601,1.4075026044226044,False,Feasible candidate rejected because its robust objective is higher.,"[62638.703623936, 62638.703623936, 62638.703623936, 62638.703623936, 62638.703623936]"
2026-07-02,WIDGET,368321,Diesel,1.49,3319.3116483265294,0.0,0.4604316546762598,0.7166666666666667,0.32997601918465286,0.9615384615384601,P01 rising | P02 streak 8 | P07 price percentile 0.96,0.0,7.0,0.0,0.0,0.0,0.0,0.0,0.0,0.0,0.0,1.490804160671463,True,Selected because it is the operational minimum.,"[0.0, 0.0, 0.0, 0.0, 0.0]"
2026-07-02,WIDGET,368321,Diesel,1.49,3319.3116483265294,0.0,0.4604316546762598,0.7166666666666667,0.32997601918465286,0.9615384615384601,P01 rising | P02 streak 8 | P07 price percentile 0.96,6680.688352,7.0,9954.22564448,0.0,0.0,0.0,0.0,9954.22564448,0.0,9954.22564448,1.490804160671463,False,Feasible candidate rejected because its robust objective is higher.,"[9954.22564448, 9954.22564448, 9954.22564448, 9954.22564448, 9954.22564448]"
2026-07-02,WIDGET,368321,Verde,1.408,3074.6476825233426,0.0,0.425061425061425,0.7000000000000001,0.29754299754299757,1.0,P01 rising | P02 streak 4 | P07 price percentile 1.00,0.0,7.0,0.0,0.0,0.0,0.0,0.0,0.0,0.0,0.0,1.4075026044226044,True,Selected because it is the operational minimum.,"[0.0, 0.0, 0.0, 0.0, 0.0]"
2026-07-02,WIDGET,368321,Verde,1.408,3074.6476825233426,0.0,0.425061425061425,0.7000000000000001,0.29754299754299757,1.0,P01 rising | P02 streak 4 | P07 price percentile 1.00,6925.352317,7.0,9750.896062336,0.0,0.0,0.0,0.0,9750.896062336,0.0,9750.896062336,1.4075026044226044,False,Feasible candidate rejected because its robust objective is higher.,"[9750.896062336, 9750.896062336, 9750.896062336, 9750.896062336, 9750.896062336]"
2026-07-02,WIDGET,368322,Diesel,1.49,4440.165779034606,0.0,0.4604316546762598,0.7166666666666667,0.32997601918465286,0.9615384615384601,P01 rising | P02 streak 8 | P07 price percentile 0.96,0.0,7.0,0.0,0.0,0.0,0.0,0.0,0.0,0.0,0.0,1.490804160671463,True,Selected because it is the operational minimum.,"[0.0, 0.0, 0.0, 0.0, 0.0]"
2026-07-02,WIDGET,368322,Diesel,1.49,4440.165779034606,0.0,0.4604316546762598,0.7166666666666667,0.32997601918465286,0.9615384615384601,P01 rising | P02 streak 8 | P07 price percentile 0.96,9559.834221,7.0,14244.152989289998,0.0,0.0,0.0,0.0,14244.152989289998,0.0,14244.152989289998,1.490804160671463,False,Feasible candidate rejected because its robust objective is higher.,"[14244.152989289998, 14244.152989289998, 14244.152989289998, 14244.152989289998, 14244.152989289998]"
2026-07-02,WIDGET,368322,Verde,1.408,3143.0248301776437,0.0,0.425061425061425,0.7000000000000001,0.29754299754299757,1.0,P01 rising | P02 streak 4 | P07 price percentile 1.00,0.0,7.0,0.0,0.0,0.0,0.0,0.0,0.0,0.0,0.0,1.4075026044226044,True,Selected because it is the operational minimum.,"[0.0, 0.0, 0.0, 0.0, 0.0]"
2026-07-02,WIDGET,368322,Verde,1.408,3143.0248301776437,0.0,0.425061425061425,0.7000000000000001,0.29754299754299757,1.0,P01 rising | P02 streak 4 | P07 price percentile 1.00,10856.97517,7.0,15286.62103936,0.0,0.0,0.0,0.0,15286.62103936,0.0,15286.62103936,1.4075026044226044,False,Feasible candidate rejected because its robust objective is higher.,"[15286.62103936, 15286.62103936, 15286.62103936, 15286.62103936, 15286.62103936]"
2026-07-03,WIDGET,368318,Diesel,1.498,12209.363758308433,0.0,0.43884892086330934,0.7166666666666667,0.3145083932853717,1.0,P01 rising | P02 streak 9 | P07 price percentile 1.00,0.0,6.0,0.0,0.0,0.0,0.0,0.0,0.0,0.0,0.0,1.5056652517985611,True,Selected because it is the operational minimum.,"[0.0, 0.0, 0.0, 0.0, 0.0]"
2026-07-03,WIDGET,368318,Diesel,1.498,12209.363758308433,0.0,0.43884892086330934,0.7166666666666667,0.3145083932853717,1.0,P01 rising | P02 streak 9 | P07 price percentile 1.00,22790.636242,6.0,34140.373090516,0.0,0.0,0.0,0.0,34140.373090516,0.0,34140.373090516,1.5056652517985611,False,Feasible candidate rejected because its robust objective is higher.,"[34140.373090516, 34140.373090516, 34140.373090516, 34140.373090516, 34140.373090516]"
2026-07-03,WIDGET,368318,Verde,1.41,7014.310937343345,0.0,0.43884892086330934,0.7166666666666667,0.3145083932853717,1.0,P01 rising | P02 streak 5 | P07 price percentile 1.00,0.0,6.0,0.0,5.803650304183687e-07,0.0,0.0,0.0,5.803650304183687e-07,5.060887215222451e-09,5.803650304183687e-07,1.413961726618705,True,Selected because it is the operational minimum.,"[5.665861185112302e-07, 5.763754258983393e-07, 5.822243831422096e-07, 5.849949418366745e-07, 5.854259176335912e-07]"
2026-07-03,WIDGET,368318,Verde,1.41,7014.310937343345,0.0,0.43884892086330934,0.7166666666666667,0.3145083932853717,1.0,P01 rising | P02 streak 5 | P07 price percentile 1.00,22985.689063,6.0,32409.82157883,0.0,0.0,0.0,0.0,32409.82157883,0.0,32409.82157883,1.413961726618705,False,Feasible candidate rejected because its robust objective is higher.,"[32409.82157883, 32409.82157883, 32409.82157883, 32409.82157883, 32409.82157883]"
2026-07-03,WIDGET,368319,Diesel,1.498,2991.266443814553,0.0,0.43884892086330934,0.7166666666666667,0.3145083932853717,1.0,P01 rising | P02 streak 9 | P07 price percentile 1.00,0.0,6.0,0.0,0.0,0.0,0.0,0.0,0.0,0.0,0.0,1.5056652517985611,True,Selected because it is the operational minimum.,"[0.0, 0.0, 0.0, 0.0, 0.0]"
2026-07-03,WIDGET,368319,Diesel,1.498,2991.266443814553,0.0,0.43884892086330934,0.7166666666666667,0.3145083932853717,1.0,P01 rising | P02 streak 9 | P07 price percentile 1.00,7008.733556,6.0,10499.082866888,0.0,0.0,0.0,0.0,10499.082866888,0.0,10499.082866888,1.5056652517985611,False,Feasible candidate rejected because its robust objective is higher.,"[10499.082866888, 10499.082866888, 10499.082866888, 10499.082866888, 10499.082866888]"
2026-07-03,WIDGET,368319,Verde,1.41,2797.8822856390625,0.0,0.43884892086330934,0.7166666666666667,0.3145083932853717,1.0,P01 rising | P02 streak 5 | P07 price percentile 1.00,0.0,6.0,0.0,5.251645226647486e-07,0.0,0.0,0.0,5.251645226647485e-07,4.579528881549845e-09,5.251645226647485e-07,1.413961726618705,True,Selected because it is the operational minimum.,"[5.126961703084123e-07, 5.215543831084903e-07, 5.268470259764615e-07, 5.293540673349741e-07, 5.297440515462984e-07]"
2026-07-03,WIDGET,368319,Verde,1.41,2797.8822856390625,0.0,0.43884892086330934,0.7166666666666667,0.3145083932853717,1.0,P01 rising | P02 streak 5 | P07 price percentile 1.00,7202.117714,6.0,10154.98597674,0.0,0.0,0.0,0.0,10154.98597674,0.0,10154.98597674,1.413961726618705,False,Feasible candidate rejected because its robust objective is higher.,"[10154.98597674, 10154.98597674, 10154.98597674, 10154.98597674, 10154.98597674]"
2026-07-03,WIDGET,368320,Diesel,1.498,25755.941175621218,0.0,0.43884892086330934,0.7166666666666667,0.3145083932853717,1.0,P01 rising | P02 streak 9 | P07 price percentile 1.00,0.0,6.0,0.0,0.0,0.0,0.0,0.0,0.0,0.0,0.0,1.5056652517985611,True,Selected because it is the operational minimum.,"[0.0, 0.0, 0.0, 0.0, 0.0]"
2026-07-03,WIDGET,368320,Diesel,1.498,25755.941175621218,0.0,0.43884892086330934,0.7166666666666667,0.3145083932853717,1.0,P01 rising | P02 streak 9 | P07 price percentile 1.00,24244.058824,6.0,36317.600118352,0.0,0.0,0.0,0.0,36317.600118352,0.0,36317.600118352,1.5056652517985611,False,Feasible candidate rejected because its robust objective is higher.,"[36317.600118352, 36317.600118352, 36317.600118352, 36317.600118352, 36317.600118352]"
2026-07-03,WIDGET,368320,Verde,1.41,4638.39326338566,0.0,0.43884892086330934,0.7166666666666667,0.3145083932853717,1.0,P01 rising | P02 streak 5 | P07 price percentile 1.00,0.0,6.0,0.0,2.0598484618210724e-07,0.0,0.0,0.0,2.0598484618210724e-07,1.796224823920029e-09,2.0598484618210724e-07,1.413961726618705,True,Selected because it is the operational minimum.,"[2.0109439465420808e-07, 2.0456884413113375e-07, 2.0664477306388805e-07, 2.0762810782150854e-07, 2.0778107100602727e-07]"
2026-07-03,WIDGET,368320,Verde,1.41,4638.39326338566,0.0,0.43884892086330934,0.7166666666666667,0.3145083932853717,1.0,P01 rising | P02 streak 5 | P07 price percentile 1.00,45361.606737,6.0,63959.86549917,0.0,0.0,0.0,0.0,63959.86549917001,-7.275957614183426e-12,63959.86549917001,1.413961726618705,False,Feasible candidate rejected because its robust objective is higher.,"[63959.86549917, 63959.86549917, 63959.86549917, 63959.86549917, 63959.86549917]"
2026-07-03,WIDGET,368321,Diesel,1.498,2779.263614296623,0.0,0.43884892086330934,0.7166666666666667,0.3145083932853717,1.0,P01 rising | P02 streak 9 | P07 price percentile 1.00,0.0,6.0,0.0,0.0,0.0,0.0,0.0,0.0,0.0,0.0,1.5056652517985611,True,Selected because it is the operational minimum.,"[0.0, 0.0, 0.0, 0.0, 0.0]"
2026-07-03,WIDGET,368321,Diesel,1.498,2779.263614296623,0.0,0.43884892086330934,0.7166666666666667,0.3145083932853717,1.0,P01 rising | P02 streak 9 | P07 price percentile 1.00,7220.736386,6.0,10816.663106228,0.0,0.0,0.0,0.0,10816.663106228,0.0,10816.663106228,1.5056652517985611,False,Feasible candidate rejected because its robust objective is higher.,"[10816.663106228, 10816.663106228, 10816.663106228, 10816.663106228, 10816.663106228]"
2026-07-03,WIDGET,368321,Verde,1.41,2689.163628829242,0.0,0.43884892086330934,0.7166666666666667,0.3145083932853717,1.0,P01 rising | P02 streak 5 | P07 price percentile 1.00,0.0,6.0,0.0,0.0,0.0,0.0,0.0,0.0,0.0,0.0,1.413961726618705,True,Selected because it is the operational minimum.,"[0.0, 0.0, 0.0, 0.0, 0.0]"
2026-07-03,WIDGET,368321,Verde,1.41,2689.163628829242,0.0,0.43884892086330934,0.7166666666666667,0.3145083932853717,1.0,P01 rising | P02 streak 5 | P07 price percentile 1.00,7310.836371,6.0,10308.27928311,0.0,0.0,0.0,0.0,10308.279283110001,-1.8189894035458565e-12,10308.279283110001,1.413961726618705,False,Feasible candidate rejected because its robust objective is higher.,"[10308.27928311, 10308.27928311, 10308.27928311, 10308.27928311, 10308.27928311]"
2026-07-03,WIDGET,368322,Diesel,1.498,3812.3770194877725,0.0,0.43884892086330934,0.7166666666666667,0.3145083932853717,1.0,P01 rising | P02 streak 9 | P07 price percentile 1.00,0.0,6.0,0.0,0.0,0.0,0.0,0.0,0.0,0.0,0.0,1.5056652517985611,True,Selected because it is the operational minimum.,"[0.0, 0.0, 0.0, 0.0, 0.0]"
2026-07-03,WIDGET,368322,Diesel,1.498,3812.3770194877725,0.0,0.43884892086330934,0.7166666666666667,0.3145083932853717,1.0,P01 rising | P02 streak 9 | P07 price percentile 1.00,10187.622981,6.0,15261.059225538,0.0,0.0,0.0,0.0,15261.059225538002,-1.8189894035458565e-12,15261.059225538002,1.5056652517985611,False,Feasible candidate rejected because its robust objective is higher.,"[15261.059225538, 15261.059225538, 15261.059225538, 15261.059225538, 15261.059225538]"
2026-07-03,WIDGET,368322,Verde,1.41,2661.426283269485,0.0,0.43884892086330934,0.7166666666666667,0.3145083932853717,1.0,P01 rising | P02 streak 5 | P07 price percentile 1.00,0.0,6.0,0.0,0.0,0.0,0.0,0.0,0.0,0.0,0.0,1.413961726618705,True,Selected because it is the operational minimum.,"[0.0, 0.0, 0.0, 0.0, 0.0]"
2026-07-03,WIDGET,368322,Verde,1.41,2661.426283269485,0.0,0.43884892086330934,0.7166666666666667,0.3145083932853717,1.0,P01 rising | P02 streak 5 | P07 price percentile 1.00,11338.573717,6.0,15987.388940969999,0.0,0.0,0.0,0.0,15987.388940969999,0.0,15987.388940969999,1.413961726618705,False,Feasible candidate rejected because its robust objective is higher.,"[15987.388940969999, 15987.388940969999, 15987.388940969999, 15987.388940969999, 15987.388940969999]"
2026-07-04,WIDGET,368318,Diesel,1.5058099999999999,9961.253576803136,0.0,0.6372093023255813,0.775,0.4938372093023255,1.0,P01 rising | P02 streak 10 | P06 regulatory update | P07 price percentile 1.00,0.0,5.0,0.0,0.0,0.0,0.0,0.0,0.0,0.0,0.0,1.5179096802325582,True,Selected because it is the operational minimum.,"[0.0, 0.0, 0.0, 0.0, 0.0]"
2026-07-04,WIDGET,368318,Diesel,1.5058099999999999,9961.253576803136,0.0,0.6372093023255813,0.775,0.4938372093023255,1.0,P01 rising | P02 streak 10 | P06 regulatory update | P07 price percentile 1.00,25038.746423,5.0,37703.59475121763,0.0,0.0,0.0,0.0,37703.59475121763,0.0,37703.59475121763,1.5179096802325582,False,Feasible candidate rejected because its robust objective is higher.,"[37703.59475121763, 37703.59475121763, 37703.59475121763, 37703.59475121763, 37703.59475121763]"
2026-07-04,WIDGET,368318,Verde,1.4447,5689.101966914815,0.0,0.6372093023255813,0.775,0.4938372093023255,1.0,P01 rising | P02 streak 6 | P06 regulatory update | P07 price percentile 1.00,0.0,5.0,0.0,5.966362591833638e-07,0.0,0.0,0.0,5.966362591833638e-07,5.390275860008713e-09,5.966362591833638e-07,1.4536038372093025,True,Selected because it is the operational minimum.,"[5.89641111546265e-07, 5.93694336302982e-07, 5.975423344897388e-07, 5.985684673395406e-07, 6.020265350433726e-07]"
2026-07-04,WIDGET,368318,Verde,1.4447,5689.101966914815,0.0,0.6372093023255813,0.775,0.4938372093023255,1.0,P01 rising | P02 streak 6 | P06 regulatory update | P07 price percentile 1.00,24310.898033,5.0,35121.9543882751,0.0,0.0,0.0,0.0,35121.9543882751,0.0,35121.9543882751,1.4536038372093025,False,Feasible candidate rejected because its robust objective is higher.,"[35121.9543882751, 35121.9543882751, 35121.9543882751, 35121.9543882751, 35121.9543882751]"
2026-07-04,WIDGET,368319,Diesel,1.5058099999999999,2563.2056450167547,0.0,0.6372093023255813,0.775,0.4938372093023255,1.0,P01 rising | P02 streak 10 | P06 regulatory update | P07 price percentile 1.00,0.0,5.0,0.0,0.0,0.0,0.0,0.0,0.0,0.0,0.0,1.5179096802325582,True,Selected because it is the operational minimum.,"[0.0, 0.0, 0.0, 0.0, 0.0]"
2026-07-04,WIDGET,368319,Diesel,1.5058099999999999,2563.2056450167547,0.0,0.6372093023255813,0.775,0.4938372093023255,1.0,P01 rising | P02 streak 10 | P06 regulatory update | P07 price percentile 1.00,7436.794355,5.0,11198.39930770255,0.0,0.0,0.0,0.0,11198.39930770255,0.0,11198.39930770255,1.5179096802325582,False,Feasible candidate rejected because its robust objective is higher.,"[11198.39930770255, 11198.39930770255, 11198.39930770255, 11198.39930770255, 11198.39930770255]"
2026-07-04,WIDGET,368319,Verde,1.4447,2159.475410707914,0.0,0.6372093023255813,0.775,0.4938372093023255,1.0,P01 rising | P02 streak 6 | P06 regulatory update | P07 price percentile 1.00,0.0,5.0,0.0,5.398881390779871e-07,0.0,0.0,0.0,5.398881390779871e-07,4.877588243061782e-09,5.398881390779871e-07,1.4536038372093025,True,Selected because it is the operational minimum.,"[5.335583239146609e-07, 5.372260325687813e-07, 5.407080344556044e-07, 5.416365682920905e-07, 5.447657273210489e-07]"
2026-07-04,WIDGET,368319,Verde,1.4447,2159.475410707914,0.0,0.6372093023255813,0.775,0.4938372093023255,1.0,P01 rising | P02 streak 6 | P06 regulatory update | P07 price percentile 1.00,7840.524589,5.0,11327.2058737283,0.0,0.0,0.0,0.0,11327.2058737283,0.0,11327.2058737283,1.4536038372093025,False,Feasible candidate rejected because its robust objective is higher.,"[11327.2058737283, 11327.2058737283, 11327.2058737283, 11327.2058737283, 11327.2058737283]"
2026-07-04,WIDGET,368320,Diesel,1.5058099999999999,24201.731041994357,0.0,0.6372093023255813,0.775,0.4938372093023255,1.0,P01 rising | P02 streak 10 | P06 regulatory update | P07 price percentile 1.00,0.0,5.0,0.0,0.0,0.0,0.0,0.0,0.0,0.0,0.0,1.5179096802325582,True,Selected because it is the operational minimum.,"[0.0, 0.0, 0.0, 0.0, 0.0]"
2026-07-04,WIDGET,368320,Diesel,1.5058099999999999,24201.731041994357,0.0,0.6372093023255813,0.775,0.4938372093023255,1.0,P01 rising | P02 streak 10 | P06 regulatory update | P07 price percentile 1.00,25798.268958,5.0,38847.291379645976,0.0,0.0,0.0,0.0,38847.291379645976,0.0,38847.291379645976,1.5179096802325582,False,Feasible candidate rejected because its robust objective is higher.,"[38847.291379645976, 38847.291379645976, 38847.291379645976, 38847.291379645976, 38847.291379645976]"
2026-07-04,WIDGET,368320,Verde,1.4447,3681.360219732906,0.0,0.6372093023255813,0.775,0.4938372093023255,1.0,P01 rising | P02 streak 6 | P06 regulatory update | P07 price percentile 1.00,0.0,5.0,0.0,2.1176053908744128e-07,0.0,0.0,0.0,2.1176053908744128e-07,1.9131383726289275e-09,2.1176053908744128e-07,1.4536038372093025,True,Selected because it is the operational minimum.,"[2.0927779317344706e-07, 2.1071637999467004e-07, 2.1208212697684378e-07, 2.124463261720901e-07, 2.136736774600702e-07]"
2026-07-04,WIDGET,368320,Verde,1.4447,3681.360219732906,0.0,0.6372093023255813,0.775,0.4938372093023255,1.0,P01 rising | P02 streak 6 | P06 regulatory update | P07 price percentile 1.00,46318.63978,5.0,66916.538890166,0.0,0.0,0.0,0.0,66916.538890166,0.0,66916.538890166,1.4536038372093025,False,Feasible candidate rejected because its robust objective is higher.,"[66916.538890166, 66916.538890166, 66916.538890166, 66916.538890166, 66916.538890166]"
2026-07-04,WIDGET,368321,Diesel,1.5058099999999999,2211.6103514517426,0.0,0.6372093023255813,0.775,0.4938372093023255,1.0,P01 rising | P02 streak 10 | P06 regulatory update | P07 price percentile 1.00,0.0,5.0,0.0,0.0,0.0,0.0,0.0,0.0,0.0,0.0,1.5179096802325582,True,Selected because it is the operational minimum.,"[0.0, 0.0, 0.0, 0.0, 0.0]"
2026-07-04,WIDGET,368321,Diesel,1.5058099999999999,2211.6103514517426,0.0,0.6372093023255813,0.775,0.4938372093023255,1.0,P01 rising | P02 streak 10 | P06 regulatory update | P07 price percentile 1.00,7788.389649,5.0,11727.835017360689,0.0,0.0,0.0,0.0,11727.835017360689,0.0,11727.835017360689,1.5179096802325582,False,Feasible candidate rejected because its robust objective is higher.,"[11727.835017360689, 11727.835017360689, 11727.835017360689, 11727.835017360689, 11727.835017360689]"
2026-07-04,WIDGET,368321,Verde,1.4447,2281.6718975727317,0.0,0.6372093023255813,0.775,0.4938372093023255,1.0,P01 rising | P02 streak 6 | P06 regulatory update | P07 price percentile 1.00,0.0,5.0,0.0,0.0,0.0,0.0,0.0,0.0,0.0,0.0,1.4536038372093025,True,Selected because it is the operational minimum.,"[0.0, 0.0, 0.0, 0.0, 0.0]"
2026-07-04,WIDGET,368321,Verde,1.4447,2281.6718975727317,0.0,0.6372093023255813,0.775,0.4938372093023255,1.0,P01 rising | P02 streak 6 | P06 regulatory update | P07 price percentile 1.00,7718.328102,5.0,11150.6686089594,0.0,0.0,0.0,0.0,11150.668608959402,-1.8189894035458565e-12,11150.668608959402,1.4536038372093025,False,Feasible candidate rejected because its robust objective is higher.,"[11150.6686089594, 11150.6686089594, 11150.6686089594, 11150.6686089594, 11150.6686089594]"
2026-07-04,WIDGET,368322,Diesel,1.5058099999999999,3165.0900154204514,0.0,0.6372093023255813,0.775,0.4938372093023255,1.0,P01 rising | P02 streak 10 | P06 regulatory update | P07 price percentile 1.00,0.0,5.0,0.0,0.0,0.0,0.0,0.0,0.0,0.0,0.0,1.5179096802325582,True,Selected because it is the operational minimum.,"[0.0, 0.0, 0.0, 0.0, 0.0]"
2026-07-04,WIDGET,368322,Diesel,1.5058099999999999,3165.0900154204514,0.0,0.6372093023255813,0.775,0.4938372093023255,1.0,P01 rising | P02 streak 10 | P06 regulatory update | P07 price percentile 1.00,10834.909985,5.0,16315.31580451285,0.0,0.0,0.0,0.0,16315.31580451285,0.0,16315.31580451285,1.5179096802325582,False,Feasible candidate rejected because its robust objective is higher.,"[16315.31580451285, 16315.31580451285, 16315.31580451285, 16315.31580451285, 16315.31580451285]"
2026-07-04,WIDGET,368322,Verde,1.4447,2183.874989949649,0.0,0.6372093023255813,0.775,0.4938372093023255,1.0,P01 rising | P02 streak 6 | P06 regulatory update | P07 price percentile 1.00,0.0,5.0,0.0,0.0,0.0,0.0,0.0,0.0,0.0,0.0,1.4536038372093025,True,Selected because it is the operational minimum.,"[0.0, 0.0, 0.0, 0.0, 0.0]"
2026-07-04,WIDGET,368322,Verde,1.4447,2183.874989949649,0.0,0.6372093023255813,0.775,0.4938372093023255,1.0,P01 rising | P02 streak 6 | P06 regulatory update | P07 price percentile 1.00,11816.12501,5.0,17070.755801947,0.0,0.0,0.0,0.0,17070.755801947,0.0,17070.755801947,1.4536038372093025,False,Feasible candidate rejected because its robust objective is higher.,"[17070.755801947, 17070.755801947, 17070.755801947, 17070.755801947, 17070.755801947]"
2026-07-07,WIDGET,368318,Diesel,1.547,3989.762608065391,0.0,0.43884892086330934,0.7166666666666667,0.3145083932853717,1.0,P01 rising | P02 streak 11 | P07 price percentile 1.00,0.0,2.0,0.0,0.0,0.0,0.0,0.0,0.0,0.0,0.0,1.5505984839328537,True,Selected because it is the operational minimum.,"[0.0, 0.0, 0.0, 0.0, 0.0]"
2026-07-07,WIDGET,368318,Diesel,1.547,3989.762608065391,0.0,0.43884892086330934,0.7166666666666667,0.3145083932853717,1.0,P01 rising | P02 streak 11 | P07 price percentile 1.00,31010.237392,2.0,47972.837245423994,0.0,0.0,0.0,0.0,47972.837245424,-7.275957614183426e-12,47972.837245424,1.5505984839328537,False,Feasible candidate rejected because its robust objective is higher.,"[47972.837245423994, 47972.837245423994, 47972.837245423994, 47972.837245423994, 47972.837245423994]"
2026-07-07,WIDGET,368318,Verde,1.443,2218.715000906008,0.0,-0.295855738075858,0.6,-0.17751344284551482,0.9814612868047979,P01 rising | P02 streak 1 | P07 price percentile 0.98,0.0,2.0,0.0,5.909449721408472e-07,0.0,0.0,0.0,5.909449721408472e-07,2.477497897416458e-09,5.909449721408472e-07,1.4397363790143902,True,Selected because it is the operational minimum.,"[5.871014846803753e-07, 5.891660662615558e-07, 5.916287878295642e-07, 5.920392414242323e-07, 5.934224700382636e-07]"
2026-07-07,WIDGET,368318,Verde,1.443,2218.715000906008,0.0,-0.295855738075858,0.6,-0.17751344284551482,0.9814612868047979,P01 rising | P02 streak 1 | P07 price percentile 0.98,27781.284999,2.0,40088.394253557,0.0,0.0,0.0,0.0,40088.394253557,0.0,40088.394253557,1.4397363790143902,False,Feasible candidate rejected because its robust objective is higher.,"[40088.394253557, 40088.394253557, 40088.394253557, 40088.394253557, 40088.394253557]"
2026-07-07,WIDGET,368319,Diesel,1.547,1511.8096699783905,0.0,0.43884892086330934,0.7166666666666667,0.3145083932853717,1.0,P01 rising | P02 streak 11 | P07 price percentile 1.00,0.0,2.0,0.0,0.0,0.0,0.0,0.0,0.0,0.0,0.0,1.5505984839328537,True,Selected because it is the operational minimum.,"[0.0, 0.0, 0.0, 0.0, 0.0]"
2026-07-07,WIDGET,368319,Diesel,1.547,1511.8096699783905,0.0,0.43884892086330934,0.7166666666666667,0.3145083932853717,1.0,P01 rising | P02 streak 11 | P07 price percentile 1.00,8488.19033,2.0,13131.230440509999,0.0,0.0,0.0,0.0,13131.230440509999,0.0,13131.230440509999,1.5505984839328537,False,Feasible candidate rejected because its robust objective is higher.,"[13131.230440509999, 13131.230440509999, 13131.230440509999, 13131.230440509999, 13131.230440509999]"
2026-07-07,WIDGET,368319,Verde,1.443,821.3194111725279,0.0,-0.295855738075858,0.6,-0.17751344284551482,0.9814612868047979,P01 rising | P02 streak 1 | P07 price percentile 0.98,0.0,2.0,0.0,5.34737904772126e-07,0.0,0.0,0.0,5.34737904772126e-07,2.2418534672396235e-09,5.34737904772126e-07,1.4397363790143902,True,Selected because it is the operational minimum.,"[5.312599863050563e-07, 5.331281975277561e-07, 5.353566800995649e-07, 5.35728093861533e-07, 5.369797582393656e-07]"
2026-07-07,WIDGET,368319,Verde,1.443,821.3194111725279,0.0,-0.295855738075858,0.6,-0.17751344284551482,0.9814612868047979,P01 rising | P02 streak 1 | P07 price percentile 0.98,9178.680589,2.0,13244.836089927,0.0,0.0,0.0,0.0,13244.836089927001,-1.8189894035458565e-12,13244.836089927001,1.4397363790143902,False,Feasible candidate rejected because its robust objective is higher.,"[13244.836089927, 13244.836089927, 13244.836089927, 13244.836089927, 13244.836089927]"
2026-07-07,WIDGET,368320,Diesel,1.547,20381.454306918495,0.0,0.43884892086330934,0.7166666666666667,0.3145083932853717,1.0,P01 rising | P02 streak 11 | P07 price percentile 1.00,0.0,2.0,0.0,0.0,0.0,0.0,0.0,0.0,0.0,0.0,1.5505984839328537,True,Selected because it is the operational minimum.,"[0.0, 0.0, 0.0, 0.0, 0.0]"
2026-07-07,WIDGET,368320,Diesel,1.547,20381.454306918495,0.0,0.43884892086330934,0.7166666666666667,0.3145083932853717,1.0,P01 rising | P02 streak 11 | P07 price percentile 1.00,29618.545693,2.0,45819.890187070996,0.0,0.0,0.0,0.0,45819.890187070996,0.0,45819.890187070996,1.5505984839328537,False,Feasible candidate rejected because its robust objective is higher.,"[45819.890187070996, 45819.890187070996, 45819.890187070996, 45819.890187070996, 45819.890187070996]"
2026-07-07,WIDGET,368320,Verde,1.443,1516.5959057288624,0.0,-0.295855738075858,0.6,-0.17751344284551482,0.9814612868047979,P01 rising | P02 streak 1 | P07 price percentile 0.98,0.0,2.0,0.0,2.0973935016710517e-07,0.0,0.0,0.0,2.0973935016710517e-07,8.793184197202105e-10,2.0973935016710517e-07,1.4397363790143902,True,Selected because it is the operational minimum.,"[2.0837521204877177e-07, 2.0910797739853865e-07, 2.0998205137440368e-07, 2.1012773037038118e-07, 2.1061866858682538e-07]"
2026-07-07,WIDGET,368320,Verde,1.443,1516.5959057288624,0.0,-0.295855738075858,0.6,-0.17751344284551482,0.9814612868047979,P01 rising | P02 streak 1 | P07 price percentile 0.98,48483.404094,2.0,69961.552107642,0.0,0.0,0.0,0.0,69961.552107642,0.0,69961.552107642,1.4397363790143902,False,Feasible candidate rejected because its robust objective is higher.,"[69961.552107642, 69961.552107642, 69961.552107642, 69961.552107642, 69961.552107642]"
2026-07-07,WIDGET,368321,Diesel,1.547,955.5390068690941,0.0,0.43884892086330934,0.7166666666666667,0.3145083932853717,1.0,P01 rising | P02 streak 11 | P07 price percentile 1.00,0.0,2.0,0.0,0.0,0.0,0.0,0.0,0.0,0.0,0.0,1.5505984839328537,True,Selected because it is the operational minimum.,"[0.0, 0.0, 0.0, 0.0, 0.0]"
2026-07-07,WIDGET,368321,Diesel,1.547,955.5390068690941,0.0,0.43884892086330934,0.7166666666666667,0.3145083932853717,1.0,P01 rising | P02 streak 11 | P07 price percentile 1.00,9044.460993,2.0,13991.781156171,0.0,0.0,0.0,0.0,13991.781156171,0.0,13991.781156171,1.5505984839328537,False,Feasible candidate rejected because its robust objective is higher.,"[13991.781156171, 13991.781156171, 13991.781156171, 13991.781156171, 13991.781156171]"
2026-07-07,WIDGET,368321,Verde,1.443,1275.0915809344774,0.0,-0.295855738075858,0.6,-0.17751344284551482,0.9814612868047979,P01 rising | P02 streak 1 | P07 price percentile 0.98,0.0,2.0,0.0,0.0,0.0,0.0,0.0,0.0,0.0,0.0,1.4397363790143902,True,Selected because it is the operational minimum.,"[0.0, 0.0, 0.0, 0.0, 0.0]"
2026-07-07,WIDGET,368321,Verde,1.443,1275.0915809344774,0.0,-0.295855738075858,0.6,-0.17751344284551482,0.9814612868047979,P01 rising | P02 streak 1 | P07 price percentile 0.98,8724.908419,2.0,12590.042848617,0.0,0.0,0.0,0.0,12590.042848617002,-1.8189894035458565e-12,12590.042848617002,1.4397363790143902,False,Feasible candidate rejected because its robust objective is higher.,"[12590.042848617, 12590.042848617, 12590.042848617, 12590.042848617, 12590.042848617]"
2026-07-07,WIDGET,368322,Diesel,1.547,1535.0276251839978,0.0,0.43884892086330934,0.7166666666666667,0.3145083932853717,1.0,P01 rising | P02 streak 11 | P07 price percentile 1.00,0.0,2.0,0.0,0.0,0.0,0.0,0.0,0.0,0.0,0.0,1.5505984839328537,True,Selected because it is the operational minimum.,"[0.0, 0.0, 0.0, 0.0, 0.0]"
2026-07-07,WIDGET,368322,Diesel,1.547,1535.0276251839978,0.0,0.43884892086330934,0.7166666666666667,0.3145083932853717,1.0,P01 rising | P02 streak 11 | P07 price percentile 1.00,12464.972375,2.0,19283.312264124997,0.0,0.0,0.0,0.0,19283.312264124997,0.0,19283.312264124997,1.5505984839328537,False,Feasible candidate rejected because its robust objective is higher.,"[19283.312264124997, 19283.312264124997, 19283.312264124997, 19283.312264124997, 19283.312264124997]"
2026-07-07,WIDGET,368322,Verde,1.443,921.4942847546797,0.0,-0.295855738075858,0.6,-0.17751344284551482,0.9814612868047979,P01 rising | P02 streak 1 | P07 price percentile 0.98,0.0,2.0,0.0,0.0,0.0,0.0,0.0,0.0,0.0,0.0,1.4397363790143902,True,Selected because it is the operational minimum.,"[0.0, 0.0, 0.0, 0.0, 0.0]"
2026-07-07,WIDGET,368322,Verde,1.443,921.4942847546797,0.0,-0.295855738075858,0.6,-0.17751344284551482,0.9814612868047979,P01 rising | P02 streak 1 | P07 price percentile 0.98,13078.505715,2.0,18872.283746745,0.0,0.0,0.0,0.0,18872.283746745,0.0,18872.283746745,1.4397363790143902,False,Feasible candidate rejected because its robust objective is higher.,"[18872.283746745, 18872.283746745, 18872.283746745, 18872.283746745, 18872.283746745]"
