date,strategy,distributor_id,product,quotation_eur_per_litre,inventory_before_litres,purchase_litres,purchase_spend_eur,selected_cover_days,operational_required_litres,discretionary_litres,signal_score,signal_confidence,expected_change_eur_per_litre_day,observed_price_percentile,candidates_evaluated,selected_expected_cost_eur,required_only_expected_cost_eur,expected_advantage_eur,downside_cost_eur,patterns_used,caveats,reason
2026-06-16,AS_IS,368318,Diesel,1.493,20300.0,0.0,0.0,1.0,0.0,0.0,0.0,0.0,0.0,0.5,0,0.0,0.0,0.0,0.0,P07 price percentile 0.50,"Pattern confidence is detection confidence, not validated predictive probability.",Operational minimum required to cover demand until the next observed quotation
2026-06-16,AS_IS,368318,Verde,1.398,10000.0,0.0,0.0,1.0,0.0,0.0,0.0,0.0,0.0,0.5,0,0.0,0.0,0.0,0.0,P07 price percentile 0.50,"Pattern confidence is detection confidence, not validated predictive probability.",Operational minimum required to cover demand until the next observed quotation
2026-06-16,AS_IS,368319,Diesel,1.493,9600.0,0.0,0.0,1.0,0.0,0.0,0.0,0.0,0.0,0.5,0,0.0,0.0,0.0,0.0,P07 price percentile 0.50,"Pattern confidence is detection confidence, not validated predictive probability.",Operational minimum required to cover demand until the next observed quotation
2026-06-16,AS_IS,368319,Verde,1.398,8000.0,0.0,0.0,1.0,0.0,0.0,0.0,0.0,0.0,0.5,0,0.0,0.0,0.0,0.0,P07 price percentile 0.50,"Pattern confidence is detection confidence, not validated predictive probability.",Operational minimum required to cover demand until the next observed quotation
2026-06-16,AS_IS,368320,Diesel,1.493,47800.0,0.0,0.0,1.0,0.0,0.0,0.0,0.0,0.0,0.5,0,0.0,0.0,0.0,0.0,P07 price percentile 0.50,"Pattern confidence is detection confidence, not validated predictive probability.",Operational minimum required to cover demand until the next observed quotation
2026-06-16,AS_IS,368320,Verde,1.398,14000.0,0.0,0.0,1.0,0.0,0.0,0.0,0.0,0.0,0.5,0,0.0,0.0,0.0,0.0,P07 price percentile 0.50,"Pattern confidence is detection confidence, not validated predictive probability.",Operational minimum required to cover demand until the next observed quotation
2026-06-16,AS_IS,368321,Diesel,1.493,9600.0,0.0,0.0,1.0,0.0,0.0,0.0,0.0,0.0,0.5,0,0.0,0.0,0.0,0.0,P07 price percentile 0.50,"Pattern confidence is detection confidence, not validated predictive probability.",Operational minimum required to cover demand until the next observed quotation
2026-06-16,AS_IS,368321,Verde,1.398,8800.0,0.0,0.0,1.0,0.0,0.0,0.0,0.0,0.0,0.5,0,0.0,0.0,0.0,0.0,P07 price percentile 0.50,"Pattern confidence is detection confidence, not validated predictive probability.",Operational minimum required to cover demand until the next observed quotation
2026-06-16,AS_IS,368322,Diesel,1.493,13600.0,0.0,0.0,1.0,0.0,0.0,0.0,0.0,0.0,0.5,0,0.0,0.0,0.0,0.0,P07 price percentile 0.50,"Pattern confidence is detection confidence, not validated predictive probability.",Operational minimum required to cover demand until the next observed quotation
2026-06-16,AS_IS,368322,Verde,1.398,9600.0,0.0,0.0,1.0,0.0,0.0,0.0,0.0,0.0,0.5,0,0.0,0.0,0.0,0.0,P07 price percentile 0.50,"Pattern confidence is detection confidence, not validated predictive probability.",Operational minimum required to cover demand until the next observed quotation
2026-06-17,AS_IS,368318,Diesel,1.478,18367.31371607538,0.0,0.0,1.0,0.0,0.0,0.030837004405286365,0.6000000000000001,0.0002775330396475773,0.0,0,0.0,0.0,0.0,0.0,P02 streak 1 | P07 price percentile 0.00,"Pattern confidence is detection confidence, not validated predictive probability.",Operational minimum required to cover demand until the next observed quotation
2026-06-17,AS_IS,368318,Verde,1.384,8925.701584498891,0.0,0.0,1.0,0.0,0.0,0.030837004405286365,0.6000000000000001,0.0002590308370044055,0.0,0,0.0,0.0,0.0,0.0,P02 streak 1 | P07 price percentile 0.00,"Pattern confidence is detection confidence, not validated predictive probability.",Operational minimum required to cover demand until the next observed quotation
2026-06-17,AS_IS,368319,Diesel,1.478,9174.864818561422,0.0,0.0,1.0,0.0,0.0,0.030837004405286365,0.6000000000000001,0.0002775330396475773,0.0,0,0.0,0.0,0.0,0.0,P02 streak 1 | P07 price percentile 0.00,"Pattern confidence is detection confidence, not validated predictive probability.",Operational minimum required to cover demand until the next observed quotation
2026-06-17,AS_IS,368319,Verde,1.384,7618.817008949127,0.0,0.0,1.0,0.0,0.0,0.030837004405286365,0.6000000000000001,0.0002590308370044055,0.0,0,0.0,0.0,0.0,0.0,P02 streak 1 | P07 price percentile 0.00,"Pattern confidence is detection confidence, not validated predictive probability.",Operational minimum required to cover demand until the next observed quotation
2026-06-17,AS_IS,368320,Diesel,1.478,46600.367732913845,0.0,0.0,1.0,0.0,0.0,0.030837004405286365,0.6000000000000001,0.0002775330396475773,0.0,0,0.0,0.0,0.0,0.0,P02 streak 1 | P07 price percentile 0.00,"Pattern confidence is detection confidence, not validated predictive probability.",Operational minimum required to cover demand until the next observed quotation
2026-06-17,AS_IS,368320,Verde,1.384,13303.352515736471,0.0,0.0,1.0,0.0,0.0,0.030837004405286365,0.6000000000000001,0.0002590308370044055,0.0,0,0.0,0.0,0.0,0.0,P02 streak 1 | P07 price percentile 0.00,"Pattern confidence is detection confidence, not validated predictive probability.",Operational minimum required to cover demand until the next observed quotation
2026-06-17,AS_IS,368321,Diesel,1.478,9122.40343726567,0.0,0.0,1.0,0.0,0.0,0.030837004405286365,0.6000000000000001,0.0002775330396475773,0.0,0,0.0,0.0,0.0,0.0,P02 streak 1 | P07 price percentile 0.00,"Pattern confidence is detection confidence, not validated predictive probability.",Operational minimum required to cover demand until the next observed quotation
2026-06-17,AS_IS,368321,Verde,1.384,8449.012241432312,0.0,0.0,1.0,0.0,0.0,0.030837004405286365,0.6000000000000001,0.0002590308370044055,0.0,0,0.0,0.0,0.0,0.0,P02 streak 1 | P07 price percentile 0.00,"Pattern confidence is detection confidence, not validated predictive probability.",Operational minimum required to cover demand until the next observed quotation
2026-06-17,AS_IS,368322,Diesel,1.478,13039.09709799414,0.0,0.0,1.0,0.0,0.0,0.030837004405286365,0.6000000000000001,0.0002775330396475773,0.0,0,0.0,0.0,0.0,0.0,P02 streak 1 | P07 price percentile 0.00,"Pattern confidence is detection confidence, not validated predictive probability.",Operational minimum required to cover demand until the next observed quotation
2026-06-17,AS_IS,368322,Verde,1.384,9181.901023431423,0.0,0.0,1.0,0.0,0.0,0.030837004405286365,0.6000000000000001,0.0002590308370044055,0.0,0,0.0,0.0,0.0,0.0,P02 streak 1 | P07 price percentile 0.00,"Pattern confidence is detection confidence, not validated predictive probability.",Operational minimum required to cover demand until the next observed quotation
2026-06-18,AS_IS,368318,Diesel,1.465,16310.23739238428,0.0,0.0,1.0,0.0,0.0,-0.3623978201634877,0.6333333333333333,-0.003213260672116257,0.0,0,0.0,0.0,0.0,0.0,P01 falling | P02 streak 2 | P07 price percentile 0.00,"Pattern confidence is detection confidence, not validated predictive probability.",Operational minimum required to cover demand until the next observed quotation
2026-06-18,AS_IS,368318,Verde,1.375,7781.284998683539,0.0,0.0,1.0,0.0,0.0,-0.3623978201634877,0.6333333333333333,-0.002639464123524069,0.0,0,0.0,0.0,0.0,0.0,P01 falling | P02 streak 2 | P07 price percentile 0.00,"Pattern confidence is detection confidence, not validated predictive probability.",Operational minimum required to cover demand until the next observed quotation
2026-06-18,AS_IS,368319,Diesel,1.465,8777.3799233173,0.0,0.0,1.0,0.0,0.0,-0.3623978201634877,0.6333333333333333,-0.003213260672116257,0.0,0,0.0,0.0,0.0,0.0,P01 falling | P02 streak 2 | P07 price percentile 0.00,"Pattern confidence is detection confidence, not validated predictive probability.",Operational minimum required to cover demand until the next observed quotation
2026-06-18,AS_IS,368319,Verde,1.375,7178.680588456058,0.0,0.0,1.0,0.0,0.0,-0.3623978201634877,0.6333333333333333,-0.002639464123524069,0.0,0,0.0,0.0,0.0,0.0,P01 falling | P02 streak 2 | P07 price percentile 0.00,"Pattern confidence is detection confidence, not validated predictive probability.",Operational minimum required to cover demand until the next observed quotation
2026-06-18,AS_IS,368320,Diesel,1.465,45373.72462646737,0.0,0.0,1.0,0.0,0.0,-0.3623978201634877,0.6333333333333333,-0.003213260672116257,0.0,0,0.0,0.0,0.0,0.0,P01 falling | P02 streak 2 | P07 price percentile 0.00,"Pattern confidence is detection confidence, not validated predictive probability.",Operational minimum required to cover demand until the next observed quotation
2026-06-18,AS_IS,368320,Verde,1.375,12483.404094125459,0.0,0.0,1.0,0.0,0.0,-0.3623978201634877,0.6333333333333333,-0.002639464123524069,0.0,0,0.0,0.0,0.0,0.0,P01 falling | P02 streak 2 | P07 price percentile 0.00,"Pattern confidence is detection confidence, not validated predictive probability.",Operational minimum required to cover demand until the next observed quotation
2026-06-18,AS_IS,368321,Diesel,1.465,8644.460993413799,0.0,0.0,1.0,0.0,0.0,-0.3623978201634877,0.6333333333333333,-0.003213260672116257,0.0,0,0.0,0.0,0.0,0.0,P01 falling | P02 streak 2 | P07 price percentile 0.00,"Pattern confidence is detection confidence, not validated predictive probability.",Operational minimum required to cover demand until the next observed quotation
2026-06-18,AS_IS,368321,Verde,1.375,8091.2532952336915,0.0,0.0,1.0,0.0,0.0,-0.3623978201634877,0.6333333333333333,-0.002639464123524069,0.0,0,0.0,0.0,0.0,0.0,P01 falling | P02 streak 2 | P07 price percentile 0.00,"Pattern confidence is detection confidence, not validated predictive probability.",Operational minimum required to cover demand until the next observed quotation
2026-06-18,AS_IS,368322,Diesel,1.465,12483.480695578608,0.0,0.0,1.0,0.0,0.0,-0.3623978201634877,0.6333333333333333,-0.003213260672116257,0.0,0,0.0,0.0,0.0,0.0,P01 falling | P02 streak 2 | P07 price percentile 0.00,"Pattern confidence is detection confidence, not validated predictive probability.",Operational minimum required to cover demand until the next observed quotation
2026-06-18,AS_IS,368322,Verde,1.375,8678.505715674524,0.0,0.0,1.0,0.0,0.0,-0.3623978201634877,0.6333333333333333,-0.002639464123524069,0.0,0,0.0,0.0,0.0,0.0,P01 falling | P02 streak 2 | P07 price percentile 0.00,"Pattern confidence is detection confidence, not validated predictive probability.",Operational minimum required to cover demand until the next observed quotation
2026-06-19,AS_IS,368318,Diesel,1.445,13955.950256598173,0.0,0.0,1.0,0.0,0.0,-0.39534883720930225,0.6666666666666666,-0.003953488372093022,0.0,0,0.0,0.0,0.0,0.0,P01 falling | P02 streak 3 | P07 price percentile 0.00,"Pattern confidence is detection confidence, not validated predictive probability.",Operational minimum required to cover demand until the next observed quotation
2026-06-19,AS_IS,368318,Verde,1.36,6473.346646072674,0.0,0.0,1.0,0.0,0.0,-0.39534883720930225,0.6666666666666666,-0.003689922480620154,0.0,0,0.0,0.0,0.0,0.0,P01 falling | P02 streak 3 | P07 price percentile 0.00,"Pattern confidence is detection confidence, not validated predictive probability.",Operational minimum required to cover demand until the next observed quotation
2026-06-19,AS_IS,368319,Diesel,1.445,8383.393330495626,0.0,0.0,1.0,0.0,0.0,-0.39534883720930225,0.6666666666666666,-0.003953488372093022,0.0,0,0.0,0.0,0.0,0.0,P01 falling | P02 streak 3 | P07 price percentile 0.00,"Pattern confidence is detection confidence, not validated predictive probability.",Operational minimum required to cover demand until the next observed quotation
2026-06-19,AS_IS,368319,Verde,1.36,6695.27442419071,0.0,0.0,1.0,0.0,0.0,-0.39534883720930225,0.6666666666666666,-0.003689922480620154,0.0,0,0.0,0.0,0.0,0.0,P01 falling | P02 streak 3 | P07 price percentile 0.00,"Pattern confidence is detection confidence, not validated predictive probability.",Operational minimum required to cover demand until the next observed quotation
2026-06-19,AS_IS,368320,Diesel,1.445,44034.97163767555,0.0,0.0,1.0,0.0,0.0,-0.39534883720930225,0.6666666666666666,-0.003953488372093022,0.0,0,0.0,0.0,0.0,0.0,P01 falling | P02 streak 3 | P07 price percentile 0.00,"Pattern confidence is detection confidence, not validated predictive probability.",Operational minimum required to cover demand until the next observed quotation
2026-06-19,AS_IS,368320,Verde,1.36,11609.512999233086,0.0,0.0,1.0,0.0,0.0,-0.39534883720930225,0.6666666666666666,-0.003689922480620154,0.0,0,0.0,0.0,0.0,0.0,P01 falling | P02 streak 3 | P07 price percentile 0.00,"Pattern confidence is detection confidence, not validated predictive probability.",Operational minimum required to cover demand until the next observed quotation
2026-06-19,AS_IS,368321,Diesel,1.445,8104.4129593838925,0.0,0.0,1.0,0.0,0.0,-0.39534883720930225,0.6666666666666666,-0.003953488372093022,0.0,0,0.0,0.0,0.0,0.0,P01 falling | P02 streak 3 | P07 price percentile 0.00,"Pattern confidence is detection confidence, not validated predictive probability.",Operational minimum required to cover demand until the next observed quotation
2026-06-19,AS_IS,368321,Verde,1.36,7705.76924153959,0.0,0.0,1.0,0.0,0.0,-0.39534883720930225,0.6666666666666666,-0.003689922480620154,0.0,0,0.0,0.0,0.0,0.0,P01 falling | P02 streak 3 | P07 price percentile 0.00,"Pattern confidence is detection confidence, not validated predictive probability.",Operational minimum required to cover demand until the next observed quotation
2026-06-19,AS_IS,368322,Diesel,1.445,11855.691936031775,0.0,0.0,1.0,0.0,0.0,-0.39534883720930225,0.6666666666666666,-0.003953488372093022,0.0,0,0.0,0.0,0.0,0.0,P01 falling | P02 streak 3 | P07 price percentile 0.00,"Pattern confidence is detection confidence, not validated predictive probability.",Operational minimum required to cover demand until the next observed quotation
2026-06-19,AS_IS,368322,Verde,1.36,8196.907168766365,0.0,0.0,1.0,0.0,0.0,-0.39534883720930225,0.6666666666666666,-0.003689922480620154,0.0,0,0.0,0.0,0.0,0.0,P01 falling | P02 streak 3 | P07 price percentile 0.00,"Pattern confidence is detection confidence, not validated predictive probability.",Operational minimum required to cover demand until the next observed quotation
2026-06-20,AS_IS,368318,Diesel,1.415,11707.840075092876,0.0,0.0,3.0,0.0,0.0,-0.3673036093418258,0.7000000000000001,-0.004499469214437367,0.0,0,0.0,0.0,0.0,0.0,P01 falling | P02 streak 4 | P04 multi-day quotation | P07 price percentile 0.00,"Pattern confidence is detection confidence, not validated predictive probability.",Operational minimum required to cover demand until the next observed quotation
2026-06-20,AS_IS,368318,Verde,1.353,5148.137675644144,0.0,0.0,3.0,0.0,0.0,-0.3673036093418258,0.7000000000000001,-0.0029567940552016982,0.0,0,0.0,0.0,0.0,0.0,P01 falling | P02 streak 4 | P04 multi-day quotation | P07 price percentile 0.00,"Pattern confidence is detection confidence, not validated predictive probability.",Operational minimum required to cover demand until the next observed quotation
2026-06-20,AS_IS,368319,Diesel,1.415,7955.332531697828,0.0,0.0,3.0,0.0,0.0,-0.3673036093418258,0.7000000000000001,-0.004499469214437367,0.0,0,0.0,0.0,0.0,0.0,P01 falling | P02 streak 4 | P04 multi-day quotation | P07 price percentile 0.00,"Pattern confidence is detection confidence, not validated predictive probability.",Operational minimum required to cover demand until the next observed quotation
2026-06-20,AS_IS,368319,Verde,1.353,6056.867549259561,0.0,0.0,3.0,0.0,0.0,-0.3673036093418258,0.7000000000000001,-0.0029567940552016982,0.0,0,0.0,0.0,0.0,0.0,P01 falling | P02 streak 4 | P04 multi-day quotation | P07 price percentile 0.00,"Pattern confidence is detection confidence, not validated predictive probability.",Operational minimum required to cover demand until the next observed quotation
2026-06-20,AS_IS,368320,Diesel,1.415,42480.76150404869,0.0,0.0,3.0,0.0,0.0,-0.3673036093418258,0.7000000000000001,-0.004499469214437367,0.0,0,0.0,0.0,0.0,0.0,P01 falling | P02 streak 4 | P04 multi-day quotation | P07 price percentile 0.00,"Pattern confidence is detection confidence, not validated predictive probability.",Operational minimum required to cover demand until the next observed quotation
2026-06-20,AS_IS,368320,Verde,1.353,10652.479955580331,0.0,0.0,3.0,0.0,0.0,-0.3673036093418258,0.7000000000000001,-0.0029567940552016982,0.0,0,0.0,0.0,0.0,0.0,P01 falling | P02 streak 4 | P04 multi-day quotation | P07 price percentile 0.00,"Pattern confidence is detection confidence, not validated predictive probability.",Operational minimum required to cover demand until the next observed quotation
2026-06-20,AS_IS,368321,Diesel,1.415,7536.759696539012,0.0,0.0,3.0,0.0,0.0,-0.3673036093418258,0.7000000000000001,-0.004499469214437367,0.0,0,0.0,0.0,0.0,0.0,P01 falling | P02 streak 4 | P04 multi-day quotation | P07 price percentile 0.00,"Pattern confidence is detection confidence, not validated predictive probability.",Operational minimum required to cover demand until the next observed quotation
2026-06-20,AS_IS,368321,Verde,1.353,7298.27751028308,0.0,0.0,3.0,0.0,0.0,-0.3673036093418258,0.7000000000000001,-0.0029567940552016982,0.0,0,0.0,0.0,0.0,0.0,P01 falling | P02 streak 4 | P04 multi-day quotation | P07 price percentile 0.00,"Pattern confidence is detection confidence, not validated predictive probability.",Operational minimum required to cover demand until the next observed quotation
2026-06-20,AS_IS,368322,Diesel,1.415,11208.404931964455,0.0,0.0,3.0,0.0,0.0,-0.3673036093418258,0.7000000000000001,-0.004499469214437367,0.0,0,0.0,0.0,0.0,0.0,P01 falling | P02 streak 4 | P04 multi-day quotation | P07 price percentile 0.00,"Pattern confidence is detection confidence, not validated predictive probability.",Operational minimum required to cover demand until the next observed quotation
2026-06-20,AS_IS,368322,Verde,1.353,7719.355875446529,0.0,0.0,3.0,0.0,0.0,-0.3673036093418258,0.7000000000000001,-0.0029567940552016982,0.0,0,0.0,0.0,0.0,0.0,P01 falling | P02 streak 4 | P04 multi-day quotation | P07 price percentile 0.00,"Pattern confidence is detection confidence, not validated predictive probability.",Operational minimum required to cover demand until the next observed quotation
2026-06-23,AS_IS,368318,Diesel,1.425,5736.349106355129,0.0,0.0,1.0,0.0,0.0,0.22190201729106634,0.6,0.001997118155619597,0.1282051282051282,0,0.0,0.0,0.0,0.0,P01 falling | P02 streak 1 | P07 price percentile 0.13,"Pattern confidence is detection confidence, not validated predictive probability.",Operational minimum required to cover demand until the next observed quotation
2026-06-23,AS_IS,368318,Verde,1.358,1677.7507096353363,0.0,0.0,1.0,0.0,0.0,0.8854625550660765,0.6000000000000001,0.004781497797356813,0.11111111111111385,0,0.0,0.0,0.0,0.0,P02 streak 1 | P07 price percentile 0.11,"Pattern confidence is detection confidence, not validated predictive probability.",Operational minimum required to cover demand until the next observed quotation
2026-06-23,AS_IS,368319,Diesel,1.425,6903.936556659463,0.0,0.0,1.0,0.0,0.0,0.22190201729106634,0.6,0.001997118155619597,0.1282051282051282,0,0.0,0.0,0.0,0.0,P01 falling | P02 streak 1 | P07 price percentile 0.13,"Pattern confidence is detection confidence, not validated predictive probability.",Operational minimum required to cover demand until the next observed quotation
2026-06-23,AS_IS,368319,Verde,1.358,4718.711549724176,0.0,0.0,1.0,0.0,0.0,0.8854625550660765,0.6000000000000001,0.004781497797356813,0.11111111111111385,0,0.0,0.0,0.0,0.0,P02 streak 1 | P07 price percentile 0.11,"Pattern confidence is detection confidence, not validated predictive probability.",Operational minimum required to cover demand until the next observed quotation
2026-06-23,AS_IS,368320,Diesel,1.425,38660.48476897283,0.0,0.0,1.0,0.0,0.0,0.22190201729106634,0.6,0.001997118155619597,0.1282051282051282,0,0.0,0.0,0.0,0.0,P01 falling | P02 streak 1 | P07 price percentile 0.13,"Pattern confidence is detection confidence, not validated predictive probability.",Operational minimum required to cover demand until the next observed quotation
2026-06-23,AS_IS,368320,Verde,1.358,8487.715641576287,0.0,0.0,1.0,0.0,0.0,0.8854625550660765,0.6000000000000001,0.004781497797356813,0.11111111111111385,0,0.0,0.0,0.0,0.0,P02 streak 1 | P07 price percentile 0.11,"Pattern confidence is detection confidence, not validated predictive probability.",Operational minimum required to cover demand until the next observed quotation
2026-06-23,AS_IS,368321,Diesel,1.425,6280.688351956364,0.0,0.0,1.0,0.0,0.0,0.22190201729106634,0.6,0.001997118155619597,0.1282051282051282,0,0.0,0.0,0.0,0.0,P01 falling | P02 streak 1 | P07 price percentile 0.13,"Pattern confidence is detection confidence, not validated predictive probability.",Operational minimum required to cover demand until the next observed quotation
2026-06-23,AS_IS,368321,Verde,1.358,6291.697193644826,0.0,0.0,1.0,0.0,0.0,0.8854625550660765,0.6000000000000001,0.004781497797356813,0.11111111111111385,0,0.0,0.0,0.0,0.0,P02 streak 1 | P07 price percentile 0.11,"Pattern confidence is detection confidence, not validated predictive probability.",Operational minimum required to cover demand until the next observed quotation
2026-06-23,AS_IS,368322,Diesel,1.425,9578.342541728,0.0,0.0,1.0,0.0,0.0,0.22190201729106634,0.6,0.001997118155619597,0.1282051282051282,0,0.0,0.0,0.0,0.0,P01 falling | P02 streak 1 | P07 price percentile 0.13,"Pattern confidence is detection confidence, not validated predictive probability.",Operational minimum required to cover demand until the next observed quotation
2026-06-23,AS_IS,368322,Verde,1.358,6456.9751702515605,0.0,0.0,1.0,0.0,0.0,0.8854625550660765,0.6000000000000001,0.004781497797356813,0.11111111111111385,0,0.0,0.0,0.0,0.0,P02 streak 1 | P07 price percentile 0.11,"Pattern confidence is detection confidence, not validated predictive probability.",Operational minimum required to cover demand until the next observed quotation
2026-06-24,AS_IS,368318,Diesel,1.432,3803.6628224305077,0.0,0.0,1.0,0.0,0.0,0.8610354223433253,0.6333333333333333,0.007634514078110817,0.21794871794871654,0,0.0,0.0,0.0,0.0,P01 rising | P02 streak 2 | P07 price percentile 0.22,"Pattern confidence is detection confidence, not validated predictive probability.",Operational minimum required to cover demand until the next observed quotation
2026-06-24,AS_IS,368318,Verde,1.368,603.4522941342268,540.9642916811251,740.0391510197792,1.0,540.9642916811251,0.0,0.7874659400544938,0.6333333333333333,0.004737920072661204,0.33333333333333665,0,740.0391510197792,740.0391510197792,0.0,0.0,P01 rising | P02 streak 2 | P07 price percentile 0.33,"Pattern confidence is detection confidence, not validated predictive probability.",Operational minimum required to cover demand until the next observed quotation
2026-06-24,AS_IS,368319,Diesel,1.432,6478.801375220884,0.0,0.0,1.0,0.0,0.0,0.8610354223433253,0.6333333333333333,0.007634514078110817,0.21794871794871654,0,0.0,0.0,0.0,0.0,P01 rising | P02 streak 2 | P07 price percentile 0.22,"Pattern confidence is detection confidence, not validated predictive probability.",Operational minimum required to cover demand until the next observed quotation
2026-06-24,AS_IS,368319,Verde,1.368,4337.5285586733025,0.0,0.0,1.0,0.0,0.0,0.7874659400544938,0.6333333333333333,0.004737920072661204,0.33333333333333665,0,0.0,0.0,0.0,0.0,P01 rising | P02 streak 2 | P07 price percentile 0.33,"Pattern confidence is detection confidence, not validated predictive probability.",Operational minimum required to cover demand until the next observed quotation
2026-06-24,AS_IS,368320,Diesel,1.432,37460.85250188668,0.0,0.0,1.0,0.0,0.0,0.8610354223433253,0.6333333333333333,0.007634514078110817,0.21794871794871654,0,0.0,0.0,0.0,0.0,P01 rising | P02 streak 2 | P07 price percentile 0.22,"Pattern confidence is detection confidence, not validated predictive probability.",Operational minimum required to cover demand until the next observed quotation
2026-06-24,AS_IS,368320,Verde,1.368,7791.068157312759,0.0,0.0,1.0,0.0,0.0,0.7874659400544938,0.6333333333333333,0.004737920072661204,0.33333333333333665,0,0.0,0.0,0.0,0.0,P01 rising | P02 streak 2 | P07 price percentile 0.33,"Pattern confidence is detection confidence, not validated predictive probability.",Operational minimum required to cover demand until the next observed quotation
2026-06-24,AS_IS,368321,Diesel,1.432,5803.091789222034,0.0,0.0,1.0,0.0,0.0,0.8610354223433253,0.6333333333333333,0.007634514078110817,0.21794871794871654,0,0.0,0.0,0.0,0.0,P01 rising | P02 streak 2 | P07 price percentile 0.22,"Pattern confidence is detection confidence, not validated predictive probability.",Operational minimum required to cover demand until the next observed quotation
2026-06-24,AS_IS,368321,Verde,1.368,5940.709435077139,0.0,0.0,1.0,0.0,0.0,0.7874659400544938,0.6333333333333333,0.004737920072661204,0.33333333333333665,0,0.0,0.0,0.0,0.0,P01 rising | P02 streak 2 | P07 price percentile 0.33,"Pattern confidence is detection confidence, not validated predictive probability.",Operational minimum required to cover demand until the next observed quotation
2026-06-24,AS_IS,368322,Diesel,1.432,9017.439639722139,0.0,0.0,1.0,0.0,0.0,0.8610354223433253,0.6333333333333333,0.007634514078110817,0.21794871794871654,0,0.0,0.0,0.0,0.0,P01 rising | P02 streak 2 | P07 price percentile 0.22,"Pattern confidence is detection confidence, not validated predictive probability.",Operational minimum required to cover demand until the next observed quotation
2026-06-24,AS_IS,368322,Verde,1.368,6038.876193682982,0.0,0.0,1.0,0.0,0.0,0.7874659400544938,0.6333333333333333,0.004737920072661204,0.33333333333333665,0,0.0,0.0,0.0,0.0,P01 rising | P02 streak 2 | P07 price percentile 0.33,"Pattern confidence is detection confidence, not validated predictive probability.",Operational minimum required to cover demand until the next observed quotation
2026-06-25,AS_IS,368318,Diesel,1.44,1746.5864987394084,607.7006370466993,875.0889173472469,1.0,607.7006370466993,0.0,0.8062015503875977,0.6666666666666666,0.006987080103359179,0.3205128205128191,0,875.0889173472469,875.0889173472469,0.0,0.0,P01 rising | P02 streak 3 | P07 price percentile 0.32,"Pattern confidence is detection confidence, not validated predictive probability.",Operational minimum required to cover demand until the next observed quotation
2026-06-25,AS_IS,368318,Verde,1.374,0.0,1307.9383526108647,1797.1072964873283,1.0,1307.9383526108647,0.0,0.7178294573643389,0.6666666666666666,0.004306976744186033,0.4666666666666703,0,1797.1072964873283,1797.1072964873283,0.0,0.0,P01 rising | P02 streak 3 | P07 price percentile 0.47,"Pattern confidence is detection confidence, not validated predictive probability.",Operational minimum required to cover demand until the next observed quotation
2026-06-25,AS_IS,368319,Diesel,1.44,6081.316479976762,0.0,0.0,1.0,0.0,0.0,0.8062015503875977,0.6666666666666666,0.006987080103359179,0.3205128205128191,0,0.0,0.0,0.0,0.0,P01 rising | P02 streak 3 | P07 price percentile 0.32,"Pattern confidence is detection confidence, not validated predictive probability.",Operational minimum required to cover demand until the next observed quotation
2026-06-25,AS_IS,368319,Verde,1.374,3897.392138180234,0.0,0.0,1.0,0.0,0.0,0.7178294573643389,0.6666666666666666,0.004306976744186033,0.4666666666666703,0,0.0,0.0,0.0,0.0,P01 rising | P02 streak 3 | P07 price percentile 0.47,"Pattern confidence is detection confidence, not validated predictive probability.",Operational minimum required to cover demand until the next observed quotation
2026-06-25,AS_IS,368320,Diesel,1.44,36234.2093954402,0.0,0.0,1.0,0.0,0.0,0.8062015503875977,0.6666666666666666,0.006987080103359179,0.3205128205128191,0,0.0,0.0,0.0,0.0,P01 rising | P02 streak 3 | P07 price percentile 0.32,"Pattern confidence is detection confidence, not validated predictive probability.",Operational minimum required to cover demand until the next observed quotation
2026-06-25,AS_IS,368320,Verde,1.374,6971.119735701746,0.0,0.0,1.0,0.0,0.0,0.7178294573643389,0.6666666666666666,0.004306976744186033,0.4666666666666703,0,0.0,0.0,0.0,0.0,P01 rising | P02 streak 3 | P07 price percentile 0.47,"Pattern confidence is detection confidence, not validated predictive probability.",Operational minimum required to cover demand until the next observed quotation
2026-06-25,AS_IS,368321,Diesel,1.44,5325.149345370164,0.0,0.0,1.0,0.0,0.0,0.8062015503875977,0.6666666666666666,0.006987080103359179,0.3205128205128191,0,0.0,0.0,0.0,0.0,P01 rising | P02 streak 3 | P07 price percentile 0.32,"Pattern confidence is detection confidence, not validated predictive probability.",Operational minimum required to cover demand until the next observed quotation
2026-06-25,AS_IS,368321,Verde,1.374,5582.950488878518,0.0,0.0,1.0,0.0,0.0,0.7178294573643389,0.6666666666666666,0.004306976744186033,0.4666666666666703,0,0.0,0.0,0.0,0.0,P01 rising | P02 streak 3 | P07 price percentile 0.47,"Pattern confidence is detection confidence, not validated predictive probability.",Operational minimum required to cover demand until the next observed quotation
2026-06-25,AS_IS,368322,Diesel,1.44,8461.823237306608,0.0,0.0,1.0,0.0,0.0,0.8062015503875977,0.6666666666666666,0.006987080103359179,0.3205128205128191,0,0.0,0.0,0.0,0.0,P01 rising | P02 streak 3 | P07 price percentile 0.32,"Pattern confidence is detection confidence, not validated predictive probability.",Operational minimum required to cover demand until the next observed quotation
2026-06-25,AS_IS,368322,Verde,1.374,5535.480885926084,0.0,0.0,1.0,0.0,0.0,0.7178294573643389,0.6666666666666666,0.004306976744186033,0.4666666666666703,0,0.0,0.0,0.0,0.0,P01 rising | P02 streak 3 | P07 price percentile 0.47,"Pattern confidence is detection confidence, not validated predictive probability.",Operational minimum required to cover demand until the next observed quotation
2026-06-26,AS_IS,368318,Diesel,1.447,0.0,2248.1101815052966,3253.0154326381644,1.0,2248.1101815052966,0.0,0.7641277641277642,0.7000000000000001,0.00534889434889435,0.41025641025641024,0,3253.0154326381644,3253.0154326381644,0.0,0.0,P01 rising | P02 streak 4 | P07 price percentile 0.41,"Pattern confidence is detection confidence, not validated predictive probability.",Operational minimum required to cover demand until the next observed quotation
2026-06-26,AS_IS,368318,Verde,1.369,0.0,1325.20897042853,1814.2110805166574,1.0,1325.20897042853,0.0,-0.33568281938326083,0.6000000000000001,-0.0014098678414096958,0.35555555555555646,0,1814.2110805166574,1814.2110805166574,0.0,0.0,P02 streak 1 | P07 price percentile 0.36,"Pattern confidence is detection confidence, not validated predictive probability.",Operational minimum required to cover demand until the next observed quotation
2026-06-26,AS_IS,368319,Diesel,1.447,5687.32988715509,0.0,0.0,1.0,0.0,0.0,0.7641277641277642,0.7000000000000001,0.00534889434889435,0.41025641025641024,0,0.0,0.0,0.0,0.0,P01 rising | P02 streak 4 | P07 price percentile 0.41,"Pattern confidence is detection confidence, not validated predictive probability.",Operational minimum required to cover demand until the next observed quotation
2026-06-26,AS_IS,368319,Verde,1.369,3413.985973914886,0.0,0.0,1.0,0.0,0.0,-0.33568281938326083,0.6000000000000001,-0.0014098678414096958,0.35555555555555646,0,0.0,0.0,0.0,0.0,P02 streak 1 | P07 price percentile 0.36,"Pattern confidence is detection confidence, not validated predictive probability.",Operational minimum required to cover demand until the next observed quotation
2026-06-26,AS_IS,368320,Diesel,1.447,34895.45640664839,0.0,0.0,1.0,0.0,0.0,0.7641277641277642,0.7000000000000001,0.00534889434889435,0.41025641025641024,0,0.0,0.0,0.0,0.0,P01 rising | P02 streak 4 | P07 price percentile 0.41,"Pattern confidence is detection confidence, not validated predictive probability.",Operational minimum required to cover demand until the next observed quotation
2026-06-26,AS_IS,368320,Verde,1.369,6097.228640809374,0.0,0.0,1.0,0.0,0.0,-0.33568281938326083,0.6000000000000001,-0.0014098678414096958,0.35555555555555646,0,0.0,0.0,0.0,0.0,P02 streak 1 | P07 price percentile 0.36,"Pattern confidence is detection confidence, not validated predictive probability.",Operational minimum required to cover demand until the next observed quotation
2026-06-26,AS_IS,368321,Diesel,1.447,4785.101311340258,0.0,0.0,1.0,0.0,0.0,0.7641277641277642,0.7000000000000001,0.00534889434889435,0.41025641025641024,0,0.0,0.0,0.0,0.0,P01 rising | P02 streak 4 | P07 price percentile 0.41,"Pattern confidence is detection confidence, not validated predictive probability.",Operational minimum required to cover demand until the next observed quotation
2026-06-26,AS_IS,368321,Verde,1.369,5197.466435184417,0.0,0.0,1.0,0.0,0.0,-0.33568281938326083,0.6000000000000001,-0.0014098678414096958,0.35555555555555646,0,0.0,0.0,0.0,0.0,P02 streak 1 | P07 price percentile 0.36,"Pattern confidence is detection confidence, not validated predictive probability.",Operational minimum required to cover demand until the next observed quotation
2026-06-26,AS_IS,368322,Diesel,1.447,7834.034477759774,0.0,0.0,1.0,0.0,0.0,0.7641277641277642,0.7000000000000001,0.00534889434889435,0.41025641025641024,0,0.0,0.0,0.0,0.0,P01 rising | P02 streak 4 | P07 price percentile 0.41,"Pattern confidence is detection confidence, not validated predictive probability.",Operational minimum required to cover demand until the next observed quotation
2026-06-26,AS_IS,368322,Verde,1.369,5053.882339017925,0.0,0.0,1.0,0.0,0.0,-0.33568281938326083,0.6000000000000001,-0.0014098678414096958,0.35555555555555646,0,0.0,0.0,0.0,0.0,P02 streak 1 | P07 price percentile 0.36,"Pattern confidence is detection confidence, not validated predictive probability.",Operational minimum required to cover demand until the next observed quotation
2026-06-27,AS_IS,368318,Diesel,1.46,0.0,5971.490968737746,8718.376814357109,3.0,5971.490968737746,0.0,0.586278586278587,0.7166666666666667,0.004201663201663207,0.5769230769230755,0,8718.376814357109,8718.376814357109,0.0,0.0,P01 rising | P02 streak 5 | P04 multi-day quotation | P07 price percentile 0.58,"Pattern confidence is detection confidence, not validated predictive probability.",Operational minimum required to cover demand until the next observed quotation
2026-06-27,AS_IS,368318,Verde,1.38,0.0,3470.3869660088076,4789.134013092154,3.0,3470.3869660088076,0.0,0.5026763990267645,0.6,0.002111240875912411,0.599999999999999,0,4789.134013092154,4789.134013092154,0.0,0.0,P01 rising | P02 streak 1 | P04 multi-day quotation | P07 price percentile 0.60,"Pattern confidence is detection confidence, not validated predictive probability.",Operational minimum required to cover demand until the next observed quotation
2026-06-27,AS_IS,368319,Diesel,1.46,5259.269088357291,0.0,0.0,3.0,0.0,0.0,0.586278586278587,0.7166666666666667,0.004201663201663207,0.5769230769230755,0,0.0,0.0,0.0,0.0,P01 rising | P02 streak 5 | P04 multi-day quotation | P07 price percentile 0.58,"Pattern confidence is detection confidence, not validated predictive probability.",Operational minimum required to cover demand until the next observed quotation
2026-06-27,AS_IS,368319,Verde,1.38,2775.5790989837374,0.0,0.0,3.0,0.0,0.0,0.5026763990267645,0.6,0.002111240875912411,0.599999999999999,0,0.0,0.0,0.0,0.0,P01 rising | P02 streak 1 | P04 multi-day quotation | P07 price percentile 0.60,"Pattern confidence is detection confidence, not validated predictive probability.",Operational minimum required to cover demand until the next observed quotation
2026-06-27,AS_IS,368320,Diesel,1.46,33341.24627302153,0.0,0.0,3.0,0.0,0.0,0.586278586278587,0.7166666666666667,0.004201663201663207,0.5769230769230755,0,0.0,0.0,0.0,0.0,P01 rising | P02 streak 5 | P04 multi-day quotation | P07 price percentile 0.58,"Pattern confidence is detection confidence, not validated predictive probability.",Operational minimum required to cover demand until the next observed quotation
2026-06-27,AS_IS,368320,Verde,1.38,5140.19559715662,0.0,0.0,3.0,0.0,0.0,0.5026763990267645,0.6,0.002111240875912411,0.599999999999999,0,0.0,0.0,0.0,0.0,P01 rising | P02 streak 1 | P04 multi-day quotation | P07 price percentile 0.60,"Pattern confidence is detection confidence, not validated predictive probability.",Operational minimum required to cover demand until the next observed quotation
2026-06-27,AS_IS,368321,Diesel,1.46,4217.448048495377,0.0,0.0,3.0,0.0,0.0,0.586278586278587,0.7166666666666667,0.004201663201663207,0.5769230769230755,0,0.0,0.0,0.0,0.0,P01 rising | P02 streak 5 | P04 multi-day quotation | P07 price percentile 0.58,"Pattern confidence is detection confidence, not validated predictive probability.",Operational minimum required to cover demand until the next observed quotation
2026-06-27,AS_IS,368321,Verde,1.38,4789.974703927906,0.0,0.0,3.0,0.0,0.0,0.5026763990267645,0.6,0.002111240875912411,0.599999999999999,0,0.0,0.0,0.0,0.0,P01 rising | P02 streak 1 | P04 multi-day quotation | P07 price percentile 0.60,"Pattern confidence is detection confidence, not validated predictive probability.",Operational minimum required to cover demand until the next observed quotation
2026-06-27,AS_IS,368322,Diesel,1.46,7186.747473692452,0.0,0.0,3.0,0.0,0.0,0.586278586278587,0.7166666666666667,0.004201663201663207,0.5769230769230755,0,0.0,0.0,0.0,0.0,P01 rising | P02 streak 5 | P04 multi-day quotation | P07 price percentile 0.58,"Pattern confidence is detection confidence, not validated predictive probability.",Operational minimum required to cover demand until the next observed quotation
2026-06-27,AS_IS,368322,Verde,1.38,4576.331045698089,0.0,0.0,3.0,0.0,0.0,0.5026763990267645,0.6,0.002111240875912411,0.599999999999999,0,0.0,0.0,0.0,0.0,P01 rising | P02 streak 1 | P04 multi-day quotation | P07 price percentile 0.60,"Pattern confidence is detection confidence, not validated predictive probability.",Operational minimum required to cover demand until the next observed quotation
2026-06-30,AS_IS,368318,Diesel,1.47,2.2737367544323206e-13,1932.6862839246212,2841.0488373691933,1.0,1932.6862839246212,0.0,0.6043165467625907,0.7166666666666667,0.0043309352517985665,0.7051282051282037,0,2841.0488373691933,2841.0488373691933,0.0,0.0,P01 rising | P02 streak 6 | P07 price percentile 0.71,"Pattern confidence is detection confidence, not validated predictive probability.",Operational minimum required to cover demand until the next observed quotation
2026-06-30,AS_IS,368318,Verde,1.389,0.0,1074.2984155011095,1492.2004991310412,1.0,1074.2984155011095,0.0,0.489918256130789,0.6333333333333333,0.0021719709355131644,0.8000000000000019,0,1492.2004991310412,1492.2004991310412,0.0,0.0,P01 rising | P02 streak 2 | P07 price percentile 0.80,"Pattern confidence is detection confidence, not validated predictive probability.",Operational minimum required to cover demand until the next observed quotation
2026-06-30,AS_IS,368319,Diesel,1.47,4207.873113318927,0.0,0.0,1.0,0.0,0.0,0.6043165467625907,0.7166666666666667,0.0043309352517985665,0.7051282051282037,0,0.0,0.0,0.0,0.0,P01 rising | P02 streak 6 | P07 price percentile 0.71,"Pattern confidence is detection confidence, not validated predictive probability.",Operational minimum required to cover demand until the next observed quotation
2026-06-30,AS_IS,368319,Verde,1.389,1437.4230994483514,0.0,0.0,1.0,0.0,0.0,0.489918256130789,0.6333333333333333,0.0021719709355131644,0.8000000000000019,0,0.0,0.0,0.0,0.0,P01 rising | P02 streak 2 | P07 price percentile 0.80,"Pattern confidence is detection confidence, not validated predictive probability.",Operational minimum required to cover demand until the next observed quotation
2026-06-30,AS_IS,368320,Diesel,1.47,29520.969537945664,0.0,0.0,1.0,0.0,0.0,0.6043165467625907,0.7166666666666667,0.0043309352517985665,0.7051282051282037,0,0.0,0.0,0.0,0.0,P01 rising | P02 streak 6 | P07 price percentile 0.71,"Pattern confidence is detection confidence, not validated predictive probability.",Operational minimum required to cover demand until the next observed quotation
2026-06-30,AS_IS,368320,Verde,1.389,2975.4312831525763,0.0,0.0,1.0,0.0,0.0,0.489918256130789,0.6333333333333333,0.0021719709355131644,0.8000000000000019,0,0.0,0.0,0.0,0.0,P01 rising | P02 streak 2 | P07 price percentile 0.80,"Pattern confidence is detection confidence, not validated predictive probability.",Operational minimum required to cover demand until the next observed quotation
2026-06-30,AS_IS,368321,Diesel,1.47,2961.3767039127288,0.0,0.0,1.0,0.0,0.0,0.6043165467625907,0.7166666666666667,0.0043309352517985665,0.7051282051282037,0,0.0,0.0,0.0,0.0,P01 rising | P02 streak 6 | P07 price percentile 0.71,"Pattern confidence is detection confidence, not validated predictive probability.",Operational minimum required to cover demand until the next observed quotation
2026-06-30,AS_IS,368321,Verde,1.389,3783.394387289652,0.0,0.0,1.0,0.0,0.0,0.489918256130789,0.6333333333333333,0.0021719709355131644,0.8000000000000019,0,0.0,0.0,0.0,0.0,P01 rising | P02 streak 2 | P07 price percentile 0.80,"Pattern confidence is detection confidence, not validated predictive probability.",Operational minimum required to cover demand until the next observed quotation
2026-06-30,AS_IS,368322,Diesel,1.47,5556.685083455998,0.0,0.0,1.0,0.0,0.0,0.6043165467625907,0.7166666666666667,0.0043309352517985665,0.7051282051282037,0,0.0,0.0,0.0,0.0,P01 rising | P02 streak 6 | P07 price percentile 0.71,"Pattern confidence is detection confidence, not validated predictive probability.",Operational minimum required to cover demand until the next observed quotation
2026-06-30,AS_IS,368322,Verde,1.389,3313.95034050312,0.0,0.0,1.0,0.0,0.0,0.489918256130789,0.6333333333333333,0.0021719709355131644,0.8000000000000019,0,0.0,0.0,0.0,0.0,P01 rising | P02 streak 2 | P07 price percentile 0.80,"Pattern confidence is detection confidence, not validated predictive probability.",Operational minimum required to cover demand until the next observed quotation
2026-07-01,AS_IS,368318,Diesel,1.48,0.0,2057.0763236910993,3044.472959062827,1.0,2057.0763236910993,0.0,0.5323741007194253,0.7166666666666667,0.003815347721822548,0.8333333333333319,0,3044.472959062827,3044.472959062827,0.0,0.0,P01 rising | P02 streak 7 | P07 price percentile 0.83,"Pattern confidence is detection confidence, not validated predictive probability.",Operational minimum required to cover demand until the next observed quotation
2026-07-01,AS_IS,368318,Verde,1.399,0.0,1144.416585815352,1601.0388035556773,1.0,1144.416585815352,0.0,0.39534883720930225,0.6666666666666666,0.002372093023255813,1.0,0,1601.0388035556773,1601.0388035556773,0.0,0.0,P01 rising | P02 streak 3 | P07 price percentile 1.00,"Pattern confidence is detection confidence, not validated predictive probability.",Operational minimum required to cover demand until the next observed quotation
2026-07-01,AS_IS,368319,Diesel,1.48,3782.737931880348,0.0,0.0,1.0,0.0,0.0,0.5323741007194253,0.7166666666666667,0.003815347721822548,0.8333333333333319,0,0.0,0.0,0.0,0.0,P01 rising | P02 streak 7 | P07 price percentile 0.83,"Pattern confidence is detection confidence, not validated predictive probability.",Operational minimum required to cover demand until the next observed quotation
2026-07-01,AS_IS,368319,Verde,1.399,1056.2401083974787,0.0,0.0,1.0,0.0,0.0,0.39534883720930225,0.6666666666666666,0.002372093023255813,1.0,0,0.0,0.0,0.0,0.0,P01 rising | P02 streak 3 | P07 price percentile 1.00,"Pattern confidence is detection confidence, not validated predictive probability.",Operational minimum required to cover demand until the next observed quotation
2026-07-01,AS_IS,368320,Diesel,1.48,28321.337270859513,0.0,0.0,1.0,0.0,0.0,0.5323741007194253,0.7166666666666667,0.003815347721822548,0.8333333333333319,0,0.0,0.0,0.0,0.0,P01 rising | P02 streak 7 | P07 price percentile 0.83,"Pattern confidence is detection confidence, not validated predictive probability.",Operational minimum required to cover demand until the next observed quotation
2026-07-01,AS_IS,368320,Verde,1.399,2278.783798889047,0.0,0.0,1.0,0.0,0.0,0.39534883720930225,0.6666666666666666,0.002372093023255813,1.0,0,0.0,0.0,0.0,0.0,P01 rising | P02 streak 3 | P07 price percentile 1.00,"Pattern confidence is detection confidence, not validated predictive probability.",Operational minimum required to cover demand until the next observed quotation
2026-07-01,AS_IS,368321,Diesel,1.48,2483.7801411783985,0.0,0.0,1.0,0.0,0.0,0.5323741007194253,0.7166666666666667,0.003815347721822548,0.8333333333333319,0,0.0,0.0,0.0,0.0,P01 rising | P02 streak 7 | P07 price percentile 0.83,"Pattern confidence is detection confidence, not validated predictive probability.",Operational minimum required to cover demand until the next observed quotation
2026-07-01,AS_IS,368321,Verde,1.399,3432.406628721964,0.0,0.0,1.0,0.0,0.0,0.39534883720930225,0.6666666666666666,0.002372093023255813,1.0,0,0.0,0.0,0.0,0.0,P01 rising | P02 streak 3 | P07 price percentile 1.00,"Pattern confidence is detection confidence, not validated predictive probability.",Operational minimum required to cover demand until the next observed quotation
2026-07-01,AS_IS,368322,Diesel,1.48,4995.782181450138,0.0,0.0,1.0,0.0,0.0,0.5323741007194253,0.7166666666666667,0.003815347721822548,0.8333333333333319,0,0.0,0.0,0.0,0.0,P01 rising | P02 streak 7 | P07 price percentile 0.83,"Pattern confidence is detection confidence, not validated predictive probability.",Operational minimum required to cover demand until the next observed quotation
2026-07-01,AS_IS,368322,Verde,1.399,2895.851363934542,0.0,0.0,1.0,0.0,0.0,0.39534883720930225,0.6666666666666666,0.002372093023255813,1.0,0,0.0,0.0,0.0,0.0,P01 rising | P02 streak 3 | P07 price percentile 1.00,"Pattern confidence is detection confidence, not validated predictive probability.",Operational minimum required to cover demand until the next observed quotation
2026-07-02,AS_IS,368318,Diesel,1.49,0.0,2354.2871357861077,3507.8878323213003,1.0,2354.2871357861077,0.0,0.4604316546762598,0.7166666666666667,0.0032997601918465284,0.9615384615384601,0,3507.8878323213003,3507.8878323213003,0.0,0.0,P01 rising | P02 streak 8 | P07 price percentile 0.96,"Pattern confidence is detection confidence, not validated predictive probability.",Operational minimum required to cover demand until the next observed quotation
2026-07-02,AS_IS,368318,Verde,1.408,0.0,1307.9383526108647,1841.5772004760975,1.0,1307.9383526108647,0.0,0.425061425061425,0.7000000000000001,0.0026778869778869775,1.0,0,1841.5772004760975,1841.5772004760975,0.0,0.0,P01 rising | P02 streak 4 | P07 price percentile 1.00,"Pattern confidence is detection confidence, not validated predictive probability.",Operational minimum required to cover demand until the next observed quotation
2026-07-02,AS_IS,368319,Diesel,1.49,3385.2530366362257,0.0,0.0,1.0,0.0,0.0,0.4604316546762598,0.7166666666666667,0.0032997601918465284,0.9615384615384601,0,0.0,0.0,0.0,0.0,P01 rising | P02 streak 8 | P07 price percentile 0.96,"Pattern confidence is detection confidence, not validated predictive probability.",Operational minimum required to cover demand until the next observed quotation
2026-07-02,AS_IS,368319,Verde,1.408,616.1036879044098,0.0,0.0,1.0,0.0,0.0,0.425061425061425,0.7000000000000001,0.0026778869778869775,1.0,0,0.0,0.0,0.0,0.0,P01 rising | P02 streak 4 | P07 price percentile 1.00,"Pattern confidence is detection confidence, not validated predictive probability.",Operational minimum required to cover demand until the next observed quotation
2026-07-02,AS_IS,368320,Diesel,1.49,27094.69416441303,0.0,0.0,1.0,0.0,0.0,0.4604316546762598,0.7166666666666667,0.0032997601918465284,0.9615384615384601,0,0.0,0.0,0.0,0.0,P01 rising | P02 streak 8 | P07 price percentile 0.96,"Pattern confidence is detection confidence, not validated predictive probability.",Operational minimum required to cover demand until the next observed quotation
2026-07-02,AS_IS,368320,Verde,1.408,1458.8353772780347,0.0,0.0,1.0,0.0,0.0,0.425061425061425,0.7000000000000001,0.0026778869778869775,1.0,0,0.0,0.0,0.0,0.0,P01 rising | P02 streak 4 | P07 price percentile 1.00,"Pattern confidence is detection confidence, not validated predictive probability.",Operational minimum required to cover demand until the next observed quotation
2026-07-02,AS_IS,368321,Diesel,1.49,2005.8376973265283,0.0,0.0,1.0,0.0,0.0,0.4604316546762598,0.7166666666666667,0.0032997601918465284,0.9615384615384601,0,0.0,0.0,0.0,0.0,P01 rising | P02 streak 8 | P07 price percentile 0.96,"Pattern confidence is detection confidence, not validated predictive probability.",Operational minimum required to cover demand until the next observed quotation
2026-07-02,AS_IS,368321,Verde,1.408,3074.6476825233426,0.0,0.0,1.0,0.0,0.0,0.425061425061425,0.7000000000000001,0.0026778869778869775,1.0,0,0.0,0.0,0.0,0.0,P01 rising | P02 streak 4 | P07 price percentile 1.00,"Pattern confidence is detection confidence, not validated predictive probability.",Operational minimum required to cover demand until the next observed quotation
2026-07-02,AS_IS,368322,Diesel,1.49,4440.165779034606,0.0,0.0,1.0,0.0,0.0,0.4604316546762598,0.7166666666666667,0.0032997601918465284,0.9615384615384601,0,0.0,0.0,0.0,0.0,P01 rising | P02 streak 8 | P07 price percentile 0.96,"Pattern confidence is detection confidence, not validated predictive probability.",Operational minimum required to cover demand until the next observed quotation
2026-07-02,AS_IS,368322,Verde,1.408,2392.4560561776434,0.0,0.0,1.0,0.0,0.0,0.425061425061425,0.7000000000000001,0.0026778869778869775,1.0,0,0.0,0.0,0.0,0.0,P01 rising | P02 streak 4 | P07 price percentile 1.00,"Pattern confidence is detection confidence, not validated predictive probability.",Operational minimum required to cover demand until the next observed quotation
2026-07-03,AS_IS,368318,Diesel,1.498,0.0,2248.1101815052966,3367.6690518949345,1.0,2248.1101815052966,0.0,0.43884892086330934,0.7166666666666667,0.003145083932853717,1.0,0,3367.6690518949345,3367.6690518949345,0.0,0.0,P01 rising | P02 streak 9 | P07 price percentile 1.00,"Pattern confidence is detection confidence, not validated predictive probability.",Operational minimum required to cover demand until the next observed quotation
2026-07-03,AS_IS,368318,Verde,1.41,0.0,1325.20897042853,1868.5446483042272,1.0,1325.20897042853,0.0,0.43884892086330934,0.7166666666666667,0.002830575539568345,1.0,0,1868.5446483042272,1868.5446483042272,0.0,0.0,P01 rising | P02 streak 5 | P07 price percentile 1.00,"Pattern confidence is detection confidence, not validated predictive probability.",Operational minimum required to cover demand until the next observed quotation
2026-07-03,AS_IS,368319,Diesel,1.498,2991.266443814553,0.0,0.0,1.0,0.0,0.0,0.43884892086330934,0.7166666666666667,0.003145083932853717,1.0,0,0.0,0.0,0.0,0.0,P01 rising | P02 streak 9 | P07 price percentile 1.00,"Pattern confidence is detection confidence, not validated predictive probability.",Operational minimum required to cover demand until the next observed quotation
2026-07-03,AS_IS,368319,Verde,1.41,132.69752363906173,505.7093512920869,713.0501853218425,1.0,505.7093512920869,0.0,0.43884892086330934,0.7166666666666667,0.002830575539568345,1.0,0,713.0501853218425,713.0501853218425,0.0,0.0,P01 rising | P02 streak 5 | P07 price percentile 1.00,"Pattern confidence is detection confidence, not validated predictive probability.",Operational minimum required to cover demand until the next observed quotation
2026-07-03,AS_IS,368320,Diesel,1.498,25755.941175621218,0.0,0.0,1.0,0.0,0.0,0.43884892086330934,0.7166666666666667,0.003145083932853717,1.0,0,0.0,0.0,0.0,0.0,P01 rising | P02 streak 9 | P07 price percentile 1.00,"Pattern confidence is detection confidence, not validated predictive probability.",Operational minimum required to cover demand until the next observed quotation
2026-07-03,AS_IS,368320,Verde,1.41,584.9442823856622,372.0887612670921,524.6451533865998,1.0,372.0887612670921,0.0,0.43884892086330934,0.7166666666666667,0.002830575539568345,1.0,0,524.6451533865998,524.6451533865998,0.0,0.0,P01 rising | P02 streak 5 | P07 price percentile 1.00,"Pattern confidence is detection confidence, not validated predictive probability.",Operational minimum required to cover demand until the next observed quotation
2026-07-03,AS_IS,368321,Diesel,1.498,1465.7896632966217,0.0,0.0,1.0,0.0,0.0,0.43884892086330934,0.7166666666666667,0.003145083932853717,1.0,0,0.0,0.0,0.0,0.0,P01 rising | P02 streak 9 | P07 price percentile 1.00,"Pattern confidence is detection confidence, not validated predictive probability.",Operational minimum required to cover demand until the next observed quotation
2026-07-03,AS_IS,368321,Verde,1.41,2689.163628829242,0.0,0.0,1.0,0.0,0.0,0.43884892086330934,0.7166666666666667,0.002830575539568345,1.0,0,0.0,0.0,0.0,0.0,P01 rising | P02 streak 5 | P07 price percentile 1.00,"Pattern confidence is detection confidence, not validated predictive probability.",Operational minimum required to cover demand until the next observed quotation
2026-07-03,AS_IS,368322,Diesel,1.498,3812.3770194877725,0.0,0.0,1.0,0.0,0.0,0.43884892086330934,0.7166666666666667,0.003145083932853717,1.0,0,0.0,0.0,0.0,0.0,P01 rising | P02 streak 9 | P07 price percentile 1.00,"Pattern confidence is detection confidence, not validated predictive probability.",Operational minimum required to cover demand until the next observed quotation
2026-07-03,AS_IS,368322,Verde,1.41,1910.8575092694846,0.0,0.0,1.0,0.0,0.0,0.43884892086330934,0.7166666666666667,0.002830575539568345,1.0,0,0.0,0.0,0.0,0.0,P01 rising | P02 streak 5 | P07 price percentile 1.00,"Pattern confidence is detection confidence, not validated predictive probability.",Operational minimum required to cover demand until the next observed quotation
2026-07-04,AS_IS,368318,Diesel,1.5058099999999999,0.0,5971.490968737746,8991.930815634983,3.0,5971.490968737746,0.0,0.6372093023255813,0.775,0.004938372093023255,1.0,0,8991.930815634983,8991.930815634983,0.0,0.0,P01 rising | P02 streak 10 | P06 regulatory update | P07 price percentile 1.00,"Pattern confidence is detection confidence, not validated predictive probability.",Operational minimum required to cover demand until the next observed quotation
2026-07-04,AS_IS,368318,Verde,1.4447,0.0,3470.3869660088076,5013.668049792925,3.0,3470.3869660088076,0.0,0.6372093023255813,0.775,0.004444534883720929,1.0,0,5013.668049792925,5013.668049792925,0.0,0.0,P01 rising | P02 streak 6 | P06 regulatory update | P07 price percentile 1.00,"Pattern confidence is detection confidence, not validated predictive probability.",Operational minimum required to cover demand until the next observed quotation
2026-07-04,AS_IS,368319,Diesel,1.5058099999999999,2563.2056450167547,0.0,0.0,3.0,0.0,0.0,0.6372093023255813,0.775,0.004938372093023255,1.0,0,0.0,0.0,0.0,0.0,P01 rising | P02 streak 10 | P06 regulatory update | P07 price percentile 1.00,"Pattern confidence is detection confidence, not validated predictive probability.",Operational minimum required to cover demand until the next observed quotation
2026-07-04,AS_IS,368319,Verde,1.4447,0.0,1338.155999535386,1933.2339725287723,3.0,1338.155999535386,0.0,0.6372093023255813,0.775,0.004444534883720929,1.0,0,1933.2339725287723,1933.2339725287723,0.0,0.0,P01 rising | P02 streak 6 | P06 regulatory update | P07 price percentile 1.00,"Pattern confidence is detection confidence, not validated predictive probability.",Operational minimum required to cover demand until the next observed quotation
2026-07-04,AS_IS,368320,Diesel,1.5058099999999999,24201.731041994357,0.0,0.0,3.0,0.0,0.0,0.6372093023255813,0.775,0.004938372093023255,1.0,0,0.0,0.0,0.0,0.0,P01 rising | P02 streak 10 | P06 regulatory update | P07 price percentile 1.00,"Pattern confidence is detection confidence, not validated predictive probability.",Operational minimum required to cover demand until the next observed quotation
2026-07-04,AS_IS,368320,Verde,1.4447,0.0,2164.764314004044,3127.435004441643,3.0,2164.764314004044,0.0,0.6372093023255813,0.775,0.004444534883720929,1.0,0,3127.435004441643,3127.435004441643,0.0,0.0,P01 rising | P02 streak 6 | P06 regulatory update | P07 price percentile 1.00,"Pattern confidence is detection confidence, not validated predictive probability.",Operational minimum required to cover demand until the next observed quotation
2026-07-04,AS_IS,368321,Diesel,1.5058099999999999,898.1364004517415,357.93494413090673,538.9820182217607,3.0,357.93494413090673,0.0,0.6372093023255813,0.775,0.004938372093023255,1.0,0,538.9820182217607,538.9820182217607,0.0,0.0,P01 rising | P02 streak 10 | P06 regulatory update | P07 price percentile 1.00,"Pattern confidence is detection confidence, not validated predictive probability.",Operational minimum required to cover demand until the next observed quotation
2026-07-04,AS_IS,368321,Verde,1.4447,2281.6718975727317,0.0,0.0,3.0,0.0,0.0,0.6372093023255813,0.775,0.004444534883720929,1.0,0,0.0,0.0,0.0,0.0,P01 rising | P02 streak 6 | P06 regulatory update | P07 price percentile 1.00,"Pattern confidence is detection confidence, not validated predictive probability.",Operational minimum required to cover demand until the next observed quotation
2026-07-04,AS_IS,368322,Diesel,1.5058099999999999,3165.0900154204514,0.0,0.0,3.0,0.0,0.0,0.6372093023255813,0.775,0.004938372093023255,1.0,0,0.0,0.0,0.0,0.0,P01 rising | P02 streak 10 | P06 regulatory update | P07 price percentile 1.00,"Pattern confidence is detection confidence, not validated predictive probability.",Operational minimum required to cover demand until the next observed quotation
2026-07-04,AS_IS,368322,Verde,1.4447,1433.3062159496485,0.0,0.0,3.0,0.0,0.0,0.6372093023255813,0.775,0.004444534883720929,1.0,0,0.0,0.0,0.0,0.0,P01 rising | P02 streak 6 | P06 regulatory update | P07 price percentile 1.00,"Pattern confidence is detection confidence, not validated predictive probability.",Operational minimum required to cover demand until the next observed quotation
2026-07-07,AS_IS,368318,Diesel,1.547,2.2737367544323206e-13,1932.6862839246212,2989.865681231389,1.0,1932.6862839246212,0.0,0.43884892086330934,0.7166666666666667,0.003145083932853717,1.0,0,2989.865681231389,2989.865681231389,0.0,0.0,P01 rising | P02 streak 11 | P07 price percentile 1.00,"Pattern confidence is detection confidence, not validated predictive probability.",Operational minimum required to cover demand until the next observed quotation
2026-07-07,AS_IS,368318,Verde,1.443,0.0,1074.2984155011095,1550.212613568101,1.0,1074.2984155011095,0.0,-0.295855738075858,0.6,-0.0015976209856096333,0.9814612868047979,0,1550.212613568101,1550.212613568101,0.0,0.0,P01 rising | P02 streak 1 | P07 price percentile 0.98,"Pattern confidence is detection confidence, not validated predictive probability.",Operational minimum required to cover demand until the next observed quotation
2026-07-07,AS_IS,368319,Diesel,1.547,1511.8096699783905,0.0,0.0,1.0,0.0,0.0,0.43884892086330934,0.7166666666666667,0.003145083932853717,1.0,0,0.0,0.0,0.0,0.0,P01 rising | P02 streak 11 | P07 price percentile 1.00,"Pattern confidence is detection confidence, not validated predictive probability.",Operational minimum required to cover demand until the next observed quotation
2026-07-07,AS_IS,368319,Verde,1.443,0.0,381.1829910508728,550.0470560864094,1.0,381.1829910508728,0.0,-0.295855738075858,0.6,-0.0015976209856096333,0.9814612868047979,0,550.0470560864094,550.0470560864094,0.0,0.0,P01 rising | P02 streak 1 | P07 price percentile 0.98,"Pattern confidence is detection confidence, not validated predictive probability.",Operational minimum required to cover demand until the next observed quotation
2026-07-07,AS_IS,368320,Diesel,1.547,20381.454306918495,0.0,0.0,1.0,0.0,0.0,0.43884892086330934,0.7166666666666667,0.003145083932853717,1.0,0,0.0,0.0,0.0,0.0,P01 rising | P02 streak 11 | P07 price percentile 1.00,"Pattern confidence is detection confidence, not validated predictive probability.",Operational minimum required to cover demand until the next observed quotation
2026-07-07,AS_IS,368320,Verde,1.443,1.1368683772161603e-13,696.647484263529,1005.2623197922724,1.0,696.647484263529,0.0,-0.295855738075858,0.6,-0.0015976209856096333,0.9814612868047979,0,1005.2623197922724,1005.2623197922724,0.0,0.0,P01 rising | P02 streak 1 | P07 price percentile 0.98,"Pattern confidence is detection confidence, not validated predictive probability.",Operational minimum required to cover demand until the next observed quotation
2026-07-07,AS_IS,368321,Diesel,1.547,0.0,477.59656273433023,738.8418825500088,1.0,477.59656273433023,0.0,0.43884892086330934,0.7166666666666667,0.003145083932853717,1.0,0,738.8418825500088,738.8418825500088,0.0,0.0,P01 rising | P02 streak 11 | P07 price percentile 1.00,"Pattern confidence is detection confidence, not validated predictive probability.",Operational minimum required to cover demand until the next observed quotation
2026-07-07,AS_IS,368321,Verde,1.443,1275.0915809344774,0.0,0.0,1.0,0.0,0.0,-0.295855738075858,0.6,-0.0015976209856096333,0.9814612868047979,0,0.0,0.0,0.0,0.0,P01 rising | P02 streak 1 | P07 price percentile 0.98,"Pattern confidence is detection confidence, not validated predictive probability.",Operational minimum required to cover demand until the next observed quotation
2026-07-07,AS_IS,368322,Diesel,1.547,1535.0276251839978,0.0,0.0,1.0,0.0,0.0,0.43884892086330934,0.7166666666666667,0.003145083932853717,1.0,0,0.0,0.0,0.0,0.0,P01 rising | P02 streak 11 | P07 price percentile 1.00,"Pattern confidence is detection confidence, not validated predictive probability.",Operational minimum required to cover demand until the next observed quotation
2026-07-07,AS_IS,368322,Verde,1.443,170.92551075467958,247.17346581389847,356.6713111694555,1.0,247.17346581389847,0.0,-0.295855738075858,0.6,-0.0015976209856096333,0.9814612868047979,0,356.6713111694555,356.6713111694555,0.0,0.0,P01 rising | P02 streak 1 | P07 price percentile 0.98,"Pattern confidence is detection confidence, not validated predictive probability.",Operational minimum required to cover demand until the next observed quotation
2026-07-08,AS_IS,368318,Diesel,1.5518599999999998,0.0,22357.0763236911,34695.05246368326,0.0,2057.0763236910993,20300.0,0.43884892086330934,0.7166666666666667,0.003145083932853717,1.0,0,34695.05246368326,34695.05246368326,0.0,0.0,P01 rising | P02 streak 12 | P07 price percentile 1.00,"Pattern confidence is detection confidence, not validated predictive probability.",Final quotation-date stock equalisation
2026-07-08,AS_IS,368318,Verde,1.44554,0.0,11144.416585815352,16109.699951459525,0.0,1144.416585815352,10000.0,-0.2491467576791809,0.5833333333333334,-0.0013080204778156998,1.0,0,16109.699951459525,16109.699951459525,0.0,0.0,P02 streak 1 | P03 stable premium | P07 price percentile 1.00,"Pattern confidence is detection confidence, not validated predictive probability.",Final quotation-date stock equalisation
2026-07-08,AS_IS,368319,Diesel,1.5518599999999998,1086.6744885398116,8910.810406704311,13828.33023774815,0.0,0.0,8910.810406704311,0.43884892086330934,0.7166666666666667,0.003145083932853717,1.0,0,13828.33023774815,13828.33023774815,0.0,0.0,P01 rising | P02 streak 12 | P07 price percentile 1.00,"Pattern confidence is detection confidence, not validated predictive probability.",Final quotation-date stock equalisation
2026-07-08,AS_IS,368319,Verde,1.44554,0.0,8440.136420493069,12200.554801279552,0.0,440.1364204930689,8000.0,-0.2491467576791809,0.5833333333333334,-0.0013080204778156998,1.0,0,12200.554801279552,12200.554801279552,0.0,0.0,P02 streak 1 | P03 stable premium | P07 price percentile 1.00,"Pattern confidence is detection confidence, not validated predictive probability.",Final quotation-date stock equalisation
2026-07-08,AS_IS,368320,Diesel,1.5518599999999998,19181.822039832343,29844.821066614135,46314.984020435804,0.0,0.0,29844.821066614135,0.43884892086330934,0.7166666666666667,0.003145083932853717,1.0,0,46314.984020435804,46314.984020435804,0.0,0.0,P01 rising | P02 streak 12 | P07 price percentile 1.00,"Pattern confidence is detection confidence, not validated predictive probability.",Final quotation-date stock equalisation
2026-07-08,AS_IS,368320,Verde,1.44554,0.0,14819.948421611012,21422.828241375584,0.0,819.9484216110122,14000.0,-0.2491467576791809,0.5833333333333334,-0.0013080204778156998,1.0,0,21422.828241375584,21422.828241375584,0.0,0.0,P02 streak 1 | P03 stable premium | P07 price percentile 1.00,"Pattern confidence is detection confidence, not validated predictive probability.",Final quotation-date stock equalisation
2026-07-08,AS_IS,368321,Diesel,1.5518599999999998,0.0,10000.0,15518.599999999999,0.0,477.94244385187017,9522.05755614813,0.43884892086330934,0.7166666666666667,0.003145083932853717,1.0,0,15518.599999999999,15518.599999999999,0.0,0.0,P01 rising | P02 streak 12 | P07 price percentile 1.00,"Pattern confidence is detection confidence, not validated predictive probability.",Final quotation-date stock equalisation
2026-07-08,AS_IS,368321,Verde,1.44554,924.1038223667894,8233.655123831832,11902.077827703866,0.0,0.0,8233.655123831832,-0.2491467576791809,0.5833333333333334,-0.0013080204778156998,1.0,0,11902.077827703866,11902.077827703866,0.0,0.0,P02 streak 1 | P03 stable premium | P07 price percentile 1.00,"Pattern confidence is detection confidence, not validated predictive probability.",Final quotation-date stock equalisation
2026-07-08,AS_IS,368322,Diesel,1.5518599999999998,974.1247231781374,13025.875276821862,20214.334807088773,0.0,0.0,13025.875276821862,0.43884892086330934,0.7166666666666667,0.003145083932853717,1.0,0,20214.334807088773,20214.334807088773,0.0,0.0,P01 rising | P02 streak 12 | P07 price percentile 1.00,"Pattern confidence is detection confidence, not validated predictive probability.",Final quotation-date stock equalisation
2026-07-08,AS_IS,368322,Verde,1.44554,0.0,10103.395307756899,14604.862053174907,0.0,503.3953077568984,9600.0,-0.2491467576791809,0.5833333333333334,-0.0013080204778156998,1.0,0,14604.862053174907,14604.862053174907,0.0,0.0,P02 streak 1 | P03 stable premium | P07 price percentile 1.00,"Pattern confidence is detection confidence, not validated predictive probability.",Final quotation-date stock equalisation
2026-06-16,WIDGET,368318,Diesel,1.493,20300.0,0.0,0.0,9.0,0.0,0.0,0.0,0.0,0.0,0.5,7,13179.161568423588,13179.161568423588,0.0,0.0,P07 price percentile 0.50,"Pattern confidence is detection confidence, not validated predictive probability.",Operational minimum selected
2026-06-16,WIDGET,368318,Verde,1.398,10000.0,0.0,0.0,8.0,0.0,0.0,0.0,0.0,0.0,0.5,8,9289.009015859598,9289.009015859598,0.0,0.0,P07 price percentile 0.50,"Pattern confidence is detection confidence, not validated predictive probability.",Operational minimum selected
2026-06-16,WIDGET,368319,Diesel,1.493,9600.0,0.0,0.0,14.0,0.0,0.0,0.0,0.0,0.0,0.5,2,0.0,0.0,0.0,0.0,P07 price percentile 0.50,"Pattern confidence is detection confidence, not validated predictive probability.",Operational minimum selected
2026-06-16,WIDGET,368319,Verde,1.398,8000.0,0.0,0.0,14.0,0.0,0.0,0.0,0.0,0.0,0.5,2,0.0,0.0,0.0,0.0,P07 price percentile 0.50,"Pattern confidence is detection confidence, not validated predictive probability.",Operational minimum selected
2026-06-16,WIDGET,368320,Diesel,1.493,47800.0,0.0,0.0,14.0,0.0,0.0,0.0,0.0,0.0,0.5,2,0.0,0.0,0.0,0.0,P07 price percentile 0.50,"Pattern confidence is detection confidence, not validated predictive probability.",Operational minimum selected
2026-06-16,WIDGET,368320,Verde,1.398,14000.0,0.0,0.0,14.0,0.0,0.0,0.0,0.0,0.0,0.5,2,0.0,0.0,0.0,0.0,P07 price percentile 0.50,"Pattern confidence is detection confidence, not validated predictive probability.",Operational minimum selected
2026-06-16,WIDGET,368321,Diesel,1.493,9600.0,0.0,0.0,14.0,0.0,0.0,0.0,0.0,0.0,0.5,2,0.0,0.0,0.0,0.0,P07 price percentile 0.50,"Pattern confidence is detection confidence, not validated predictive probability.",Operational minimum selected
2026-06-16,WIDGET,368321,Verde,1.398,8800.0,0.0,0.0,14.0,0.0,0.0,0.0,0.0,0.0,0.5,2,0.0,0.0,0.0,0.0,P07 price percentile 0.50,"Pattern confidence is detection confidence, not validated predictive probability.",Operational minimum selected
2026-06-16,WIDGET,368322,Diesel,1.493,13600.0,0.0,0.0,14.0,0.0,0.0,0.0,0.0,0.0,0.5,2,0.0,0.0,0.0,0.0,P07 price percentile 0.50,"Pattern confidence is detection confidence, not validated predictive probability.",Operational minimum selected
2026-06-16,WIDGET,368322,Verde,1.398,9600.0,0.0,0.0,14.0,0.0,0.0,0.0,0.0,0.0,0.5,2,0.0,0.0,0.0,0.0,P07 price percentile 0.50,"Pattern confidence is detection confidence, not validated predictive probability.",Operational minimum selected
2026-06-17,WIDGET,368318,Diesel,1.478,18367.31371607538,10759.988071,15903.262368938,14.0,0.0,10759.988071,0.030837004405286365,0.6000000000000001,0.0002775330396475773,0.0,8,15903.262369255246,15924.166134626661,20.90376537141492,0.0,P02 streak 1 | P07 price percentile 0.00,"Pattern confidence is detection confidence, not validated predictive probability.",Lowest robust expected-cost volume
2026-06-17,WIDGET,368318,Verde,1.384,8925.701584498891,7718.796996,10682.815042463999,14.0,0.0,7718.796996,0.030837004405286365,0.6000000000000001,0.0002590308370044055,0.0,9,10682.815042783346,10696.810887909132,13.995845125786218,0.0,P02 streak 1 | P07 price percentile 0.00,"Pattern confidence is detection confidence, not validated predictive probability.",Lowest robust expected-cost volume
2026-06-17,WIDGET,368319,Diesel,1.478,9174.864818561422,0.0,0.0,14.0,0.0,0.0,0.030837004405286365,0.6000000000000001,0.0002775330396475773,0.0,2,0.0,0.0,0.0,0.0,P02 streak 1 | P07 price percentile 0.00,"Pattern confidence is detection confidence, not validated predictive probability.",Operational minimum selected
2026-06-17,WIDGET,368319,Verde,1.384,7618.817008949127,0.0,0.0,14.0,0.0,0.0,0.030837004405286365,0.6000000000000001,0.0002590308370044055,0.0,2,0.0,0.0,0.0,0.0,P02 streak 1 | P07 price percentile 0.00,"Pattern confidence is detection confidence, not validated predictive probability.",Operational minimum selected
2026-06-17,WIDGET,368320,Diesel,1.478,46600.367732913845,0.0,0.0,14.0,0.0,0.0,0.030837004405286365,0.6000000000000001,0.0002775330396475773,0.0,2,0.0,0.0,0.0,0.0,P02 streak 1 | P07 price percentile 0.00,"Pattern confidence is detection confidence, not validated predictive probability.",Operational minimum selected
2026-06-17,WIDGET,368320,Verde,1.384,13303.352515736471,0.0,0.0,14.0,0.0,0.0,0.030837004405286365,0.6000000000000001,0.0002590308370044055,0.0,2,0.0,0.0,0.0,0.0,P02 streak 1 | P07 price percentile 0.00,"Pattern confidence is detection confidence, not validated predictive probability.",Operational minimum selected
2026-06-17,WIDGET,368321,Diesel,1.478,9122.40343726567,0.0,0.0,14.0,0.0,0.0,0.030837004405286365,0.6000000000000001,0.0002775330396475773,0.0,2,0.0,0.0,0.0,0.0,P02 streak 1 | P07 price percentile 0.00,"Pattern confidence is detection confidence, not validated predictive probability.",Operational minimum selected
2026-06-17,WIDGET,368321,Verde,1.384,8449.012241432312,0.0,0.0,14.0,0.0,0.0,0.030837004405286365,0.6000000000000001,0.0002590308370044055,0.0,2,0.0,0.0,0.0,0.0,P02 streak 1 | P07 price percentile 0.00,"Pattern confidence is detection confidence, not validated predictive probability.",Operational minimum selected
2026-06-17,WIDGET,368322,Diesel,1.478,13039.09709799414,0.0,0.0,14.0,0.0,0.0,0.030837004405286365,0.6000000000000001,0.0002775330396475773,0.0,2,0.0,0.0,0.0,0.0,P02 streak 1 | P07 price percentile 0.00,"Pattern confidence is detection confidence, not validated predictive probability.",Operational minimum selected
2026-06-17,WIDGET,368322,Verde,1.384,9181.901023431423,0.0,0.0,14.0,0.0,0.0,0.030837004405286365,0.6000000000000001,0.0002590308370044055,0.0,2,0.0,0.0,0.0,0.0,P02 streak 1 | P07 price percentile 0.00,"Pattern confidence is detection confidence, not validated predictive probability.",Operational minimum selected
2026-06-18,WIDGET,368318,Diesel,1.465,27070.22546338428,0.0,0.0,13.0,0.0,0.0,-0.3623978201634877,0.6333333333333333,-0.003213260672116257,0.0,3,2967.3473573634783,2967.3473573634783,0.0,0.0,P01 falling | P02 streak 2 | P07 price percentile 0.00,"Pattern confidence is detection confidence, not validated predictive probability.",Operational minimum selected
2026-06-18,WIDGET,368318,Verde,1.375,15500.081994683538,0.0,0.0,13.0,0.0,0.0,-0.3623978201634877,0.6333333333333333,-0.002639464123524069,0.0,3,1552.4282801643233,1552.4282801643233,0.0,0.0,P01 falling | P02 streak 2 | P07 price percentile 0.00,"Pattern confidence is detection confidence, not validated predictive probability.",Operational minimum selected
2026-06-18,WIDGET,368319,Diesel,1.465,8777.3799233173,0.0,0.0,14.0,0.0,0.0,-0.3623978201634877,0.6333333333333333,-0.003213260672116257,0.0,2,0.0,0.0,0.0,0.0,P01 falling | P02 streak 2 | P07 price percentile 0.00,"Pattern confidence is detection confidence, not validated predictive probability.",Operational minimum selected
2026-06-18,WIDGET,368319,Verde,1.375,7178.680588456058,0.0,0.0,14.0,0.0,0.0,-0.3623978201634877,0.6333333333333333,-0.002639464123524069,0.0,2,0.0,0.0,0.0,0.0,P01 falling | P02 streak 2 | P07 price percentile 0.00,"Pattern confidence is detection confidence, not validated predictive probability.",Operational minimum selected
2026-06-18,WIDGET,368320,Diesel,1.465,45373.72462646737,0.0,0.0,14.0,0.0,0.0,-0.3623978201634877,0.6333333333333333,-0.003213260672116257,0.0,2,0.0,0.0,0.0,0.0,P01 falling | P02 streak 2 | P07 price percentile 0.00,"Pattern confidence is detection confidence, not validated predictive probability.",Operational minimum selected
2026-06-18,WIDGET,368320,Verde,1.375,12483.404094125459,0.0,0.0,14.0,0.0,0.0,-0.3623978201634877,0.6333333333333333,-0.002639464123524069,0.0,2,0.0,0.0,0.0,0.0,P01 falling | P02 streak 2 | P07 price percentile 0.00,"Pattern confidence is detection confidence, not validated predictive probability.",Operational minimum selected
2026-06-18,WIDGET,368321,Diesel,1.465,8644.460993413799,0.0,0.0,14.0,0.0,0.0,-0.3623978201634877,0.6333333333333333,-0.003213260672116257,0.0,2,0.0,0.0,0.0,0.0,P01 falling | P02 streak 2 | P07 price percentile 0.00,"Pattern confidence is detection confidence, not validated predictive probability.",Operational minimum selected
2026-06-18,WIDGET,368321,Verde,1.375,8091.2532952336915,0.0,0.0,14.0,0.0,0.0,-0.3623978201634877,0.6333333333333333,-0.002639464123524069,0.0,2,0.0,0.0,0.0,0.0,P01 falling | P02 streak 2 | P07 price percentile 0.00,"Pattern confidence is detection confidence, not validated predictive probability.",Operational minimum selected
2026-06-18,WIDGET,368322,Diesel,1.465,12483.480695578608,0.0,0.0,14.0,0.0,0.0,-0.3623978201634877,0.6333333333333333,-0.003213260672116257,0.0,2,0.0,0.0,0.0,0.0,P01 falling | P02 streak 2 | P07 price percentile 0.00,"Pattern confidence is detection confidence, not validated predictive probability.",Operational minimum selected
2026-06-18,WIDGET,368322,Verde,1.375,8678.505715674524,0.0,0.0,14.0,0.0,0.0,-0.3623978201634877,0.6333333333333333,-0.002639464123524069,0.0,2,0.0,0.0,0.0,0.0,P01 falling | P02 streak 2 | P07 price percentile 0.00,"Pattern confidence is detection confidence, not validated predictive probability.",Operational minimum selected
2026-06-19,WIDGET,368318,Diesel,1.445,24715.93832759817,0.0,0.0,12.0,0.0,0.0,-0.39534883720930225,0.6666666666666666,-0.003953488372093022,0.0,4,6235.663326375917,6235.663326375917,0.0,66.0822246261805,P01 falling | P02 streak 3 | P07 price percentile 0.00,"Pattern confidence is detection confidence, not validated predictive probability.",Operational minimum selected
2026-06-19,WIDGET,368318,Verde,1.36,14192.143642072673,0.0,0.0,12.0,0.0,0.0,-0.39534883720930225,0.6666666666666666,-0.003689922480620154,0.0,4,3284.2195881336156,3284.2195881336156,0.0,56.306069391556775,P01 falling | P02 streak 3 | P07 price percentile 0.00,"Pattern confidence is detection confidence, not validated predictive probability.",Operational minimum selected
2026-06-19,WIDGET,368319,Diesel,1.445,8383.393330495626,0.0,0.0,14.0,0.0,0.0,-0.39534883720930225,0.6666666666666666,-0.003953488372093022,0.0,2,0.0,0.0,0.0,0.0,P01 falling | P02 streak 3 | P07 price percentile 0.00,"Pattern confidence is detection confidence, not validated predictive probability.",Operational minimum selected
2026-06-19,WIDGET,368319,Verde,1.36,6695.27442419071,0.0,0.0,14.0,0.0,0.0,-0.39534883720930225,0.6666666666666666,-0.003689922480620154,0.0,2,0.0,0.0,0.0,0.0,P01 falling | P02 streak 3 | P07 price percentile 0.00,"Pattern confidence is detection confidence, not validated predictive probability.",Operational minimum selected
2026-06-19,WIDGET,368320,Diesel,1.445,44034.97163767555,0.0,0.0,14.0,0.0,0.0,-0.39534883720930225,0.6666666666666666,-0.003953488372093022,0.0,2,0.0,0.0,0.0,0.0,P01 falling | P02 streak 3 | P07 price percentile 0.00,"Pattern confidence is detection confidence, not validated predictive probability.",Operational minimum selected
2026-06-19,WIDGET,368320,Verde,1.36,11609.512999233086,0.0,0.0,14.0,0.0,0.0,-0.39534883720930225,0.6666666666666666,-0.003689922480620154,0.0,2,0.0,0.0,0.0,0.0,P01 falling | P02 streak 3 | P07 price percentile 0.00,"Pattern confidence is detection confidence, not validated predictive probability.",Operational minimum selected
2026-06-19,WIDGET,368321,Diesel,1.445,8104.4129593838925,0.0,0.0,14.0,0.0,0.0,-0.39534883720930225,0.6666666666666666,-0.003953488372093022,0.0,2,0.0,0.0,0.0,0.0,P01 falling | P02 streak 3 | P07 price percentile 0.00,"Pattern confidence is detection confidence, not validated predictive probability.",Operational minimum selected
2026-06-19,WIDGET,368321,Verde,1.36,7705.76924153959,0.0,0.0,14.0,0.0,0.0,-0.39534883720930225,0.6666666666666666,-0.003689922480620154,0.0,2,0.0,0.0,0.0,0.0,P01 falling | P02 streak 3 | P07 price percentile 0.00,"Pattern confidence is detection confidence, not validated predictive probability.",Operational minimum selected
2026-06-19,WIDGET,368322,Diesel,1.445,11855.691936031775,0.0,0.0,14.0,0.0,0.0,-0.39534883720930225,0.6666666666666666,-0.003953488372093022,0.0,2,0.0,0.0,0.0,0.0,P01 falling | P02 streak 3 | P07 price percentile 0.00,"Pattern confidence is detection confidence, not validated predictive probability.",Operational minimum selected
2026-06-19,WIDGET,368322,Verde,1.36,8196.907168766365,0.0,0.0,14.0,0.0,0.0,-0.39534883720930225,0.6666666666666666,-0.003689922480620154,0.0,2,0.0,0.0,0.0,0.0,P01 falling | P02 streak 3 | P07 price percentile 0.00,"Pattern confidence is detection confidence, not validated predictive probability.",Operational minimum selected
2026-06-20,WIDGET,368318,Diesel,1.415,22467.828146092874,0.0,0.0,11.0,0.0,0.0,-0.3673036093418258,0.7000000000000001,-0.004499469214437367,0.0,5,9168.654862994272,9168.654862994272,0.0,226.55529327351724,P01 falling | P02 streak 4 | P04 multi-day quotation | P07 price percentile 0.00,"Pattern confidence is detection confidence, not validated predictive probability.",Operational minimum selected
2026-06-20,WIDGET,368318,Verde,1.353,12866.934671644143,0.0,0.0,11.0,0.0,0.0,-0.3673036093418258,0.7000000000000001,-0.0029567940552016982,0.0,5,5036.0307731091925,5036.0307731091925,0.0,99.95434103439402,P01 falling | P02 streak 4 | P04 multi-day quotation | P07 price percentile 0.00,"Pattern confidence is detection confidence, not validated predictive probability.",Operational minimum selected
2026-06-20,WIDGET,368319,Diesel,1.415,7955.332531697828,0.0,0.0,14.0,0.0,0.0,-0.3673036093418258,0.7000000000000001,-0.004499469214437367,0.0,2,0.0,0.0,0.0,0.0,P01 falling | P02 streak 4 | P04 multi-day quotation | P07 price percentile 0.00,"Pattern confidence is detection confidence, not validated predictive probability.",Operational minimum selected
2026-06-20,WIDGET,368319,Verde,1.353,6056.867549259561,0.0,0.0,13.0,0.0,0.0,-0.3673036093418258,0.7000000000000001,-0.0029567940552016982,0.0,3,674.182599328357,674.182599328357,0.0,13.381069435188692,P01 falling | P02 streak 4 | P04 multi-day quotation | P07 price percentile 0.00,"Pattern confidence is detection confidence, not validated predictive probability.",Operational minimum selected
2026-06-20,WIDGET,368320,Diesel,1.415,42480.76150404869,0.0,0.0,14.0,0.0,0.0,-0.3673036093418258,0.7000000000000001,-0.004499469214437367,0.0,2,0.0,0.0,0.0,0.0,P01 falling | P02 streak 4 | P04 multi-day quotation | P07 price percentile 0.00,"Pattern confidence is detection confidence, not validated predictive probability.",Operational minimum selected
2026-06-20,WIDGET,368320,Verde,1.353,10652.479955580331,0.0,0.0,13.0,0.0,0.0,-0.3673036093418258,0.7000000000000001,-0.0029567940552016982,0.0,3,496.04731969259166,496.04731969259166,0.0,9.845468623127317,P01 falling | P02 streak 4 | P04 multi-day quotation | P07 price percentile 0.00,"Pattern confidence is detection confidence, not validated predictive probability.",Operational minimum selected
2026-06-20,WIDGET,368321,Diesel,1.415,7536.759696539012,0.0,0.0,14.0,0.0,0.0,-0.3673036093418258,0.7000000000000001,-0.004499469214437367,0.0,2,0.0,0.0,0.0,0.0,P01 falling | P02 streak 4 | P04 multi-day quotation | P07 price percentile 0.00,"Pattern confidence is detection confidence, not validated predictive probability.",Operational minimum selected
2026-06-20,WIDGET,368321,Verde,1.353,7298.27751028308,0.0,0.0,14.0,0.0,0.0,-0.3673036093418258,0.7000000000000001,-0.0029567940552016982,0.0,2,0.0,0.0,0.0,0.0,P01 falling | P02 streak 4 | P04 multi-day quotation | P07 price percentile 0.00,"Pattern confidence is detection confidence, not validated predictive probability.",Operational minimum selected
2026-06-20,WIDGET,368322,Diesel,1.415,11208.404931964455,0.0,0.0,14.0,0.0,0.0,-0.3673036093418258,0.7000000000000001,-0.004499469214437367,0.0,2,0.0,0.0,0.0,0.0,P01 falling | P02 streak 4 | P04 multi-day quotation | P07 price percentile 0.00,"Pattern confidence is detection confidence, not validated predictive probability.",Operational minimum selected
2026-06-20,WIDGET,368322,Verde,1.353,7719.355875446529,0.0,0.0,14.0,0.0,0.0,-0.3673036093418258,0.7000000000000001,-0.0029567940552016982,0.0,2,0.0,0.0,0.0,0.0,P01 falling | P02 streak 4 | P04 multi-day quotation | P07 price percentile 0.00,"Pattern confidence is detection confidence, not validated predictive probability.",Operational minimum selected
2026-06-23,WIDGET,368318,Diesel,1.425,16496.33717735513,12630.96461,17999.12456925,14.0,0.0,12630.96461,0.22190201729106634,0.6,0.001997118155619597,0.1282051282051282,8,17999.12456925,18165.093260102905,165.96869085290382,0.0,P01 falling | P02 streak 1 | P07 price percentile 0.13,"Pattern confidence is detection confidence, not validated predictive probability.",Lowest robust expected-cost volume
2026-06-23,WIDGET,368318,Verde,1.358,9396.547705635334,7247.950875,9842.717288250002,14.0,0.0,7247.950875,0.8854625550660765,0.6000000000000001,0.004781497797356813,0.11111111111111385,8,9842.717288380629,10073.133158919773,230.41587053914373,6.2118488131091e-09,P02 streak 1 | P07 price percentile 0.11,"Pattern confidence is detection confidence, not validated predictive probability.",Lowest robust expected-cost volume
2026-06-23,WIDGET,368319,Diesel,1.425,6903.936556659463,0.0,0.0,14.0,0.0,0.0,0.22190201729106634,0.6,0.001997118155619597,0.1282051282051282,2,0.0,0.0,0.0,0.0,P01 falling | P02 streak 1 | P07 price percentile 0.13,"Pattern confidence is detection confidence, not validated predictive probability.",Operational minimum selected
2026-06-23,WIDGET,368319,Verde,1.358,4718.711549724176,1843.865351,2503.969146658,14.0,0.0,1843.865351,0.8854625550660765,0.6000000000000001,0.004781497797356813,0.11111111111111385,6,2503.969146658,2562.586519429547,58.6173727715468,0.0,P02 streak 1 | P07 price percentile 0.11,"Pattern confidence is detection confidence, not validated predictive probability.",Lowest robust expected-cost volume
2026-06-23,WIDGET,368320,Diesel,1.425,38660.48476897283,0.0,0.0,14.0,0.0,0.0,0.22190201729106634,0.6,0.001997118155619597,0.1282051282051282,2,0.0,0.0,0.0,0.0,P01 falling | P02 streak 1 | P07 price percentile 0.13,"Pattern confidence is detection confidence, not validated predictive probability.",Operational minimum selected
2026-06-23,WIDGET,368320,Verde,1.358,8487.715641576287,2536.853075,3445.04647585,14.0,0.0,2536.853075,0.8854625550660765,0.6000000000000001,0.004781497797356813,0.11111111111111385,6,3445.046476226824,3525.694264793135,80.64778856631119,1.7916136130224913e-08,P02 streak 1 | P07 price percentile 0.11,"Pattern confidence is detection confidence, not validated predictive probability.",Lowest robust expected-cost volume
2026-06-23,WIDGET,368321,Diesel,1.425,6280.688351956364,357.934944,510.0572952,14.0,0.0,357.934944,0.22190201729106634,0.6,0.001997118155619597,0.1282051282051282,3,510.0572953882629,514.760498661654,4.703203273391068,1.4588295016437769e-08,P01 falling | P02 streak 1 | P07 price percentile 0.13,"Pattern confidence is detection confidence, not validated predictive probability.",Lowest robust expected-cost volume
2026-06-23,WIDGET,368321,Verde,1.358,6291.697193644826,0.0,0.0,14.0,0.0,0.0,0.8854625550660765,0.6000000000000001,0.004781497797356813,0.11111111111111385,2,0.0,0.0,0.0,0.0,P02 streak 1 | P07 price percentile 0.11,"Pattern confidence is detection confidence, not validated predictive probability.",Operational minimum selected
2026-06-23,WIDGET,368322,Diesel,1.425,9578.342541728,0.0,0.0,14.0,0.0,0.0,0.22190201729106634,0.6,0.001997118155619597,0.1282051282051282,2,0.0,0.0,0.0,0.0,P01 falling | P02 streak 1 | P07 price percentile 0.13,"Pattern confidence is detection confidence, not validated predictive probability.",Operational minimum selected
2026-06-23,WIDGET,368322,Verde,1.358,6456.9751702515605,0.0,0.0,14.0,0.0,0.0,0.8854625550660765,0.6000000000000001,0.004781497797356813,0.11111111111111385,2,0.0,0.0,0.0,0.0,P02 streak 1 | P07 price percentile 0.11,"Pattern confidence is detection confidence, not validated predictive probability.",Operational minimum selected
2026-06-24,WIDGET,368318,Diesel,1.432,27194.61550343051,1932.686284,2767.606758688,14.0,0.0,1932.686284,0.8610354223433253,0.6333333333333333,0.007634514078110817,0.21794871794871654,3,2767.606758688,2916.8905365411397,149.28377785313978,0.0,P01 rising | P02 streak 2 | P07 price percentile 0.22,"Pattern confidence is detection confidence, not validated predictive probability.",Lowest robust expected-cost volume
2026-06-24,WIDGET,368318,Verde,1.368,15570.200165134227,1074.298416,1469.6402330880003,14.0,0.0,1074.298416,0.7874659400544938,0.6333333333333333,0.004737920072661204,0.33333333333333665,3,1469.6402330880003,1519.933986097908,50.29375300990773,0.0,P01 rising | P02 streak 2 | P07 price percentile 0.33,"Pattern confidence is detection confidence, not validated predictive probability.",Lowest robust expected-cost volume
2026-06-24,WIDGET,368319,Diesel,1.432,6478.801375220884,0.0,0.0,14.0,0.0,0.0,0.8610354223433253,0.6333333333333333,0.007634514078110817,0.21794871794871654,2,0.0,0.0,0.0,0.0,P01 rising | P02 streak 2 | P07 price percentile 0.22,"Pattern confidence is detection confidence, not validated predictive probability.",Operational minimum selected
2026-06-24,WIDGET,368319,Verde,1.368,6181.393909673303,381.182991,521.458331688,14.0,0.0,381.182991,0.7874659400544938,0.6333333333333333,0.004737920072661204,0.33333333333333665,3,521.458331688,539.3035811539431,17.845249465943084,0.0,P01 rising | P02 streak 2 | P07 price percentile 0.33,"Pattern confidence is detection confidence, not validated predictive probability.",Lowest robust expected-cost volume
2026-06-24,WIDGET,368320,Diesel,1.432,37460.85250188668,0.0,0.0,14.0,0.0,0.0,0.8610354223433253,0.6333333333333333,0.007634514078110817,0.21794871794871654,2,0.0,0.0,0.0,0.0,P01 rising | P02 streak 2 | P07 price percentile 0.22,"Pattern confidence is detection confidence, not validated predictive probability.",Operational minimum selected
2026-06-24,WIDGET,368320,Verde,1.368,10327.921232312758,696.647485,953.01375948,14.0,0.0,696.647485,0.7874659400544938,0.6333333333333333,0.004737920072661204,0.33333333333333665,3,953.01375948,985.627617711141,32.61385823114108,0.0,P01 rising | P02 streak 2 | P07 price percentile 0.33,"Pattern confidence is detection confidence, not validated predictive probability.",Lowest robust expected-cost volume
2026-06-24,WIDGET,368321,Diesel,1.432,6161.026733222034,477.596563,683.918278216,14.0,0.0,477.596563,0.8610354223433253,0.6333333333333333,0.007634514078110817,0.21794871794871654,3,683.9182782160001,720.8085999991767,36.89032178317666,-1.1368683772161603e-13,P01 rising | P02 streak 2 | P07 price percentile 0.22,"Pattern confidence is detection confidence, not validated predictive probability.",Lowest robust expected-cost volume
2026-06-24,WIDGET,368321,Verde,1.368,5940.709435077139,0.0,0.0,14.0,0.0,0.0,0.7874659400544938,0.6333333333333333,0.004737920072661204,0.33333333333333665,2,0.0,0.0,0.0,0.0,P01 rising | P02 streak 2 | P07 price percentile 0.33,"Pattern confidence is detection confidence, not validated predictive probability.",Operational minimum selected
2026-06-24,WIDGET,368322,Diesel,1.432,9017.439639722139,0.0,0.0,14.0,0.0,0.0,0.8610354223433253,0.6333333333333333,0.007634514078110817,0.21794871794871654,2,0.0,0.0,0.0,0.0,P01 rising | P02 streak 2 | P07 price percentile 0.22,"Pattern confidence is detection confidence, not validated predictive probability.",Operational minimum selected
2026-06-24,WIDGET,368322,Verde,1.368,6038.876193682982,247.173466,338.13330148800003,14.0,0.0,247.173466,0.7874659400544938,0.6333333333333333,0.004737920072661204,0.33333333333333665,3,338.13330148800003,349.7048359175352,11.571534429535177,0.0,P01 rising | P02 streak 2 | P07 price percentile 0.33,"Pattern confidence is detection confidence, not validated predictive probability.",Lowest robust expected-cost volume
2026-06-25,WIDGET,368318,Diesel,1.44,27070.225463739407,2057.076324,2962.18990656,14.0,0.0,2057.076324,0.8062015503875977,0.6666666666666666,0.006987080103359179,0.3205128205128191,3,2962.18990656,3124.4306119256407,162.24070536564068,0.0,P01 rising | P02 streak 3 | P07 price percentile 0.32,"Pattern confidence is detection confidence, not validated predictive probability.",Lowest robust expected-cost volume
2026-06-25,WIDGET,368318,Verde,1.374,15500.081995318875,1144.416585,1572.42838779,14.0,0.0,1144.416585,0.7178294573643389,0.6666666666666666,0.004306976744186033,0.4666666666666703,3,1572.4283883730006,1625.5165430341926,53.08815466119199,3.528225533955265e-08,P01 rising | P02 streak 3 | P07 price percentile 0.47,"Pattern confidence is detection confidence, not validated predictive probability.",Lowest robust expected-cost volume
2026-06-25,WIDGET,368319,Diesel,1.44,6081.316479976762,0.0,0.0,14.0,0.0,0.0,0.8062015503875977,0.6666666666666666,0.006987080103359179,0.3205128205128191,2,0.0,0.0,0.0,0.0,P01 rising | P02 streak 3 | P07 price percentile 0.32,"Pattern confidence is detection confidence, not validated predictive probability.",Operational minimum selected
2026-06-25,WIDGET,368319,Verde,1.374,6122.440480180234,440.13642,604.74744108,14.0,0.0,440.13642,0.7178294573643389,0.6666666666666666,0.004306976744186033,0.4666666666666703,3,604.7474416075537,625.1648583448184,20.417416737264716,3.192678832419915e-08,P01 rising | P02 streak 3 | P07 price percentile 0.47,"Pattern confidence is detection confidence, not validated predictive probability.",Lowest robust expected-cost volume
2026-06-25,WIDGET,368320,Diesel,1.44,36234.2093954402,0.0,0.0,14.0,0.0,0.0,0.8062015503875977,0.6666666666666666,0.006987080103359179,0.3205128205128191,2,0.0,0.0,0.0,0.0,P01 rising | P02 streak 3 | P07 price percentile 0.32,"Pattern confidence is detection confidence, not validated predictive probability.",Operational minimum selected
2026-06-25,WIDGET,368320,Verde,1.374,10204.620295701745,819.948421,1126.6091304540003,14.0,0.0,819.948421,0.7178294573643389,0.6666666666666666,0.004306976744186033,0.4666666666666703,3,1126.609130660919,1164.6455844827135,38.03645382179457,1.2522377801360562e-08,P01 rising | P02 streak 3 | P07 price percentile 0.47,"Pattern confidence is detection confidence, not validated predictive probability.",Lowest robust expected-cost volume
2026-06-25,WIDGET,368321,Diesel,1.44,6160.680852370164,477.942444,688.23711936,14.0,0.0,477.942444,0.8062015503875977,0.6666666666666666,0.006987080103359179,0.3205128205128191,3,688.23711936,725.9322295397244,37.69511017972445,0.0,P01 rising | P02 streak 3 | P07 price percentile 0.32,"Pattern confidence is detection confidence, not validated predictive probability.",Lowest robust expected-cost volume
2026-06-25,WIDGET,368321,Verde,1.374,5582.950488878518,0.0,0.0,14.0,0.0,0.0,0.7178294573643389,0.6666666666666666,0.004306976744186033,0.4666666666666703,2,0.0,0.0,0.0,0.0,P01 rising | P02 streak 3 | P07 price percentile 0.47,"Pattern confidence is detection confidence, not validated predictive probability.",Operational minimum selected
2026-06-25,WIDGET,368322,Diesel,1.44,8461.823237306608,0.0,0.0,14.0,0.0,0.0,0.8062015503875977,0.6666666666666666,0.006987080103359179,0.3205128205128191,2,0.0,0.0,0.0,0.0,P01 rising | P02 streak 3 | P07 price percentile 0.32,"Pattern confidence is detection confidence, not validated predictive probability.",Operational minimum selected
2026-06-25,WIDGET,368322,Verde,1.374,5782.654351926084,503.395308,691.665153192,14.0,0.0,503.395308,0.7178294573643389,0.6666666666666666,0.004306976744186033,0.4666666666666703,3,691.665153192,715.0170755771032,23.351922385103194,0.0,P01 rising | P02 streak 3 | P07 price percentile 0.47,"Pattern confidence is detection confidence, not validated predictive probability.",Lowest robust expected-cost volume
2026-06-26,WIDGET,368318,Diesel,1.447,26773.0146519533,0.0,0.0,13.0,0.0,0.0,0.7641277641277642,0.7000000000000001,0.00534889434889435,0.41025641025641024,2,0.0,0.0,0.0,0.0,P01 rising | P02 streak 4 | P07 price percentile 0.41,"Pattern confidence is detection confidence, not validated predictive probability.",Operational minimum selected
2026-06-26,WIDGET,368318,Verde,1.369,15336.56022770801,0.0,0.0,13.0,0.0,0.0,-0.33568281938326083,0.6000000000000001,-0.0014098678414096958,0.35555555555555646,2,5.631913149399213e-07,5.631913149399213e-07,0.0,3.017446258127154e-08,P02 streak 1 | P07 price percentile 0.36,"Pattern confidence is detection confidence, not validated predictive probability.",Operational minimum selected
2026-06-26,WIDGET,368319,Diesel,1.447,5687.32988715509,0.0,0.0,13.0,0.0,0.0,0.7641277641277642,0.7000000000000001,0.00534889434889435,0.41025641025641024,2,0.0,0.0,0.0,0.0,P01 rising | P02 streak 4 | P07 price percentile 0.41,"Pattern confidence is detection confidence, not validated predictive probability.",Operational minimum selected
2026-06-26,WIDGET,368319,Verde,1.369,6079.170735914886,0.0,0.0,13.0,0.0,0.0,-0.33568281938326083,0.6000000000000001,-0.0014098678414096958,0.35555555555555646,2,5.096261300484166e-07,5.096261300484166e-07,0.0,2.7304566287966723e-08,P02 streak 1 | P07 price percentile 0.36,"Pattern confidence is detection confidence, not validated predictive probability.",Operational minimum selected
2026-06-26,WIDGET,368320,Diesel,1.447,34895.45640664839,0.0,0.0,13.0,0.0,0.0,0.7641277641277642,0.7000000000000001,0.00534889434889435,0.41025641025641024,2,0.0,0.0,0.0,0.0,P01 rising | P02 streak 4 | P07 price percentile 0.41,"Pattern confidence is detection confidence, not validated predictive probability.",Operational minimum selected
2026-06-26,WIDGET,368320,Verde,1.369,10150.677621809373,0.0,0.0,13.0,0.0,0.0,-0.33568281938326083,0.6000000000000001,-0.0014098678414096958,0.35555555555555646,2,1.9988700521426406e-07,1.9988700521426406e-07,0.0,1.0709474381656018e-08,P02 streak 1 | P07 price percentile 0.36,"Pattern confidence is detection confidence, not validated predictive probability.",Operational minimum selected
2026-06-26,WIDGET,368321,Diesel,1.447,6098.575262340258,0.0,0.0,13.0,0.0,0.0,0.7641277641277642,0.7000000000000001,0.00534889434889435,0.41025641025641024,2,0.0,0.0,0.0,0.0,P01 rising | P02 streak 4 | P07 price percentile 0.41,"Pattern confidence is detection confidence, not validated predictive probability.",Operational minimum selected
2026-06-26,WIDGET,368321,Verde,1.369,5197.466435184417,0.0,0.0,13.0,0.0,0.0,-0.33568281938326083,0.6000000000000001,-0.0014098678414096958,0.35555555555555646,2,0.0,0.0,0.0,0.0,P02 streak 1 | P07 price percentile 0.36,"Pattern confidence is detection confidence, not validated predictive probability.",Operational minimum selected
2026-06-26,WIDGET,368322,Diesel,1.447,7834.034477759774,0.0,0.0,13.0,0.0,0.0,0.7641277641277642,0.7000000000000001,0.00534889434889435,0.41025641025641024,2,0.0,0.0,0.0,0.0,P01 rising | P02 streak 4 | P07 price percentile 0.41,"Pattern confidence is detection confidence, not validated predictive probability.",Operational minimum selected
2026-06-26,WIDGET,368322,Verde,1.369,5804.451113017925,0.0,0.0,13.0,0.0,0.0,-0.33568281938326083,0.6000000000000001,-0.0014098678414096958,0.35555555555555646,2,0.0,0.0,0.0,0.0,P02 streak 1 | P07 price percentile 0.36,"Pattern confidence is detection confidence, not validated predictive probability.",Operational minimum selected
2026-06-27,WIDGET,368318,Diesel,1.46,24524.904470448004,0.0,0.0,12.0,0.0,0.0,0.586278586278587,0.7166666666666667,0.004201663201663207,0.5769230769230755,2,0.0,0.0,0.0,0.0,P01 rising | P02 streak 5 | P04 multi-day quotation | P07 price percentile 0.58,"Pattern confidence is detection confidence, not validated predictive probability.",Operational minimum selected
2026-06-27,WIDGET,368318,Verde,1.38,14011.35125727948,0.0,0.0,12.0,0.0,0.0,0.5026763990267645,0.6,0.002111240875912411,0.599999999999999,2,5.765501634495241e-07,5.765501634495241e-07,0.0,3.250788868172095e-08,P01 rising | P02 streak 1 | P04 multi-day quotation | P07 price percentile 0.60,"Pattern confidence is detection confidence, not validated predictive probability.",Operational minimum selected
2026-06-27,WIDGET,368319,Diesel,1.46,5259.269088357291,0.0,0.0,12.0,0.0,0.0,0.586278586278587,0.7166666666666667,0.004201663201663207,0.5769230769230755,2,0.0,0.0,0.0,0.0,P01 rising | P02 streak 5 | P04 multi-day quotation | P07 price percentile 0.58,"Pattern confidence is detection confidence, not validated predictive probability.",Operational minimum selected
2026-06-27,WIDGET,368319,Verde,1.38,5440.763860983738,0.0,0.0,12.0,0.0,0.0,0.5026763990267645,0.6,0.002111240875912411,0.599999999999999,2,5.217131395409152e-07,5.217131395409152e-07,0.0,2.941598795587198e-08,P01 rising | P02 streak 1 | P04 multi-day quotation | P07 price percentile 0.60,"Pattern confidence is detection confidence, not validated predictive probability.",Operational minimum selected
2026-06-27,WIDGET,368320,Diesel,1.46,33341.24627302153,0.0,0.0,12.0,0.0,0.0,0.586278586278587,0.7166666666666667,0.004201663201663207,0.5769230769230755,2,0.0,0.0,0.0,0.0,P01 rising | P02 streak 5 | P04 multi-day quotation | P07 price percentile 0.58,"Pattern confidence is detection confidence, not validated predictive probability.",Operational minimum selected
2026-06-27,WIDGET,368320,Verde,1.38,9193.644578156618,0.0,0.0,12.0,0.0,0.0,0.5026763990267645,0.6,0.002111240875912411,0.599999999999999,2,2.0463341756670287e-07,2.0463341756670287e-07,0.0,1.1537938553374242e-08,P01 rising | P02 streak 1 | P04 multi-day quotation | P07 price percentile 0.60,"Pattern confidence is detection confidence, not validated predictive probability.",Operational minimum selected
2026-06-27,WIDGET,368321,Diesel,1.46,5530.921999495377,0.0,0.0,12.0,0.0,0.0,0.586278586278587,0.7166666666666667,0.004201663201663207,0.5769230769230755,2,0.0,0.0,0.0,0.0,P01 rising | P02 streak 5 | P04 multi-day quotation | P07 price percentile 0.58,"Pattern confidence is detection confidence, not validated predictive probability.",Operational minimum selected
2026-06-27,WIDGET,368321,Verde,1.38,4789.974703927906,0.0,0.0,12.0,0.0,0.0,0.5026763990267645,0.6,0.002111240875912411,0.599999999999999,2,0.0,0.0,0.0,0.0,P01 rising | P02 streak 1 | P04 multi-day quotation | P07 price percentile 0.60,"Pattern confidence is detection confidence, not validated predictive probability.",Operational minimum selected
2026-06-27,WIDGET,368322,Diesel,1.46,7186.747473692452,0.0,0.0,12.0,0.0,0.0,0.586278586278587,0.7166666666666667,0.004201663201663207,0.5769230769230755,2,0.0,0.0,0.0,0.0,P01 rising | P02 streak 5 | P04 multi-day quotation | P07 price percentile 0.58,"Pattern confidence is detection confidence, not validated predictive probability.",Operational minimum selected
2026-06-27,WIDGET,368322,Verde,1.38,5326.899819698089,0.0,0.0,12.0,0.0,0.0,0.5026763990267645,0.6,0.002111240875912411,0.599999999999999,2,0.0,0.0,0.0,0.0,P01 rising | P02 streak 1 | P04 multi-day quotation | P07 price percentile 0.60,"Pattern confidence is detection confidence, not validated predictive probability.",Operational minimum selected
2026-06-30,WIDGET,368318,Diesel,1.47,18553.41350171026,0.0,0.0,9.0,0.0,0.0,0.6043165467625907,0.7166666666666667,0.0043309352517985665,0.7051282051282037,2,0.0,0.0,0.0,0.0,P01 rising | P02 streak 6 | P07 price percentile 0.71,"Pattern confidence is detection confidence, not validated predictive probability.",Operational minimum selected
2026-06-30,WIDGET,368318,Verde,1.389,10540.964291270671,0.0,0.0,9.0,0.0,0.0,0.489918256130789,0.6333333333333333,0.0021719709355131644,0.8000000000000019,2,5.732999590478798e-07,5.732999590478798e-07,0.0,1.9486262817736107e-08,P01 rising | P02 streak 2 | P07 price percentile 0.80,"Pattern confidence is detection confidence, not validated predictive probability.",Operational minimum selected
2026-06-30,WIDGET,368319,Diesel,1.47,4207.873113318927,0.0,0.0,9.0,0.0,0.0,0.6043165467625907,0.7166666666666667,0.0043309352517985665,0.7051282051282037,2,0.0,0.0,0.0,0.0,P01 rising | P02 streak 6 | P07 price percentile 0.71,"Pattern confidence is detection confidence, not validated predictive probability.",Operational minimum selected
2026-06-30,WIDGET,368319,Verde,1.389,4102.607861448352,0.0,0.0,9.0,0.0,0.0,0.489918256130789,0.6333333333333333,0.0021719709355131644,0.8000000000000019,2,5.187720696218882e-07,5.187720696218882e-07,0.0,1.763287914400269e-08,P01 rising | P02 streak 2 | P07 price percentile 0.80,"Pattern confidence is detection confidence, not validated predictive probability.",Operational minimum selected
2026-06-30,WIDGET,368320,Diesel,1.47,29520.969537945664,0.0,0.0,9.0,0.0,0.0,0.6043165467625907,0.7166666666666667,0.0043309352517985665,0.7051282051282037,2,0.0,0.0,0.0,0.0,P01 rising | P02 streak 6 | P07 price percentile 0.71,"Pattern confidence is detection confidence, not validated predictive probability.",Operational minimum selected
2026-06-30,WIDGET,368320,Verde,1.389,7028.880264152574,0.0,0.0,9.0,0.0,0.0,0.489918256130789,0.6333333333333333,0.0021719709355131644,0.8000000000000019,2,2.0347856081882094e-07,2.0347856081882094e-07,0.0,6.916164306858272e-09,P01 rising | P02 streak 2 | P07 price percentile 0.80,"Pattern confidence is detection confidence, not validated predictive probability.",Operational minimum selected
2026-06-30,WIDGET,368321,Diesel,1.47,4274.85065491273,0.0,0.0,9.0,0.0,0.0,0.6043165467625907,0.7166666666666667,0.0043309352517985665,0.7051282051282037,2,0.0,0.0,0.0,0.0,P01 rising | P02 streak 6 | P07 price percentile 0.71,"Pattern confidence is detection confidence, not validated predictive probability.",Operational minimum selected
2026-06-30,WIDGET,368321,Verde,1.389,3783.394387289652,0.0,0.0,9.0,0.0,0.0,0.489918256130789,0.6333333333333333,0.0021719709355131644,0.8000000000000019,2,0.0,0.0,0.0,0.0,P01 rising | P02 streak 2 | P07 price percentile 0.80,"Pattern confidence is detection confidence, not validated predictive probability.",Operational minimum selected
2026-06-30,WIDGET,368322,Diesel,1.47,5556.685083455998,0.0,0.0,9.0,0.0,0.0,0.6043165467625907,0.7166666666666667,0.0043309352517985665,0.7051282051282037,2,0.0,0.0,0.0,0.0,P01 rising | P02 streak 6 | P07 price percentile 0.71,"Pattern confidence is detection confidence, not validated predictive probability.",Operational minimum selected
2026-06-30,WIDGET,368322,Verde,1.389,4064.5191145031204,0.0,0.0,9.0,0.0,0.0,0.489918256130789,0.6333333333333333,0.0021719709355131644,0.8000000000000019,2,0.0,0.0,0.0,0.0,P01 rising | P02 streak 2 | P07 price percentile 0.80,"Pattern confidence is detection confidence, not validated predictive probability.",Operational minimum selected
2026-07-01,WIDGET,368318,Diesel,1.48,16620.72721778564,0.0,0.0,8.0,0.0,0.0,0.5323741007194253,0.7166666666666667,0.003815347721822548,0.8333333333333319,2,0.0,0.0,0.0,0.0,P01 rising | P02 streak 7 | P07 price percentile 0.83,"Pattern confidence is detection confidence, not validated predictive probability.",Operational minimum selected
2026-07-01,WIDGET,368318,Verde,1.399,9466.665875769562,0.0,0.0,8.0,0.0,0.0,0.39534883720930225,0.6666666666666666,0.002372093023255813,1.0,2,5.738497622122279e-07,5.738497622122279e-07,0.0,1.1821050429716602e-08,P01 rising | P02 streak 3 | P07 price percentile 1.00,"Pattern confidence is detection confidence, not validated predictive probability.",Operational minimum selected
2026-07-01,WIDGET,368319,Diesel,1.48,3782.737931880348,0.0,0.0,8.0,0.0,0.0,0.5323741007194253,0.7166666666666667,0.003815347721822548,0.8333333333333319,2,0.0,0.0,0.0,0.0,P01 rising | P02 streak 7 | P07 price percentile 0.83,"Pattern confidence is detection confidence, not validated predictive probability.",Operational minimum selected
2026-07-01,WIDGET,368319,Verde,1.399,3721.4248703974795,0.0,0.0,8.0,0.0,0.0,0.39534883720930225,0.6666666666666666,0.002372093023255813,1.0,2,5.19268943954494e-07,5.19268943954494e-07,0.0,1.0696709796320644e-08,P01 rising | P02 streak 3 | P07 price percentile 1.00,"Pattern confidence is detection confidence, not validated predictive probability.",Operational minimum selected
2026-07-01,WIDGET,368320,Diesel,1.48,28321.337270859513,0.0,0.0,8.0,0.0,0.0,0.5323741007194253,0.7166666666666667,0.003815347721822548,0.8333333333333319,2,0.0,0.0,0.0,0.0,P01 rising | P02 streak 7 | P07 price percentile 0.83,"Pattern confidence is detection confidence, not validated predictive probability.",Operational minimum selected
2026-07-01,WIDGET,368320,Verde,1.399,6332.232779889045,0.0,0.0,8.0,0.0,0.0,0.39534883720930225,0.6666666666666666,0.002372093023255813,1.0,2,2.03673699776795e-07,2.03673699776795e-07,0.0,4.195587825961392e-09,P01 rising | P02 streak 3 | P07 price percentile 1.00,"Pattern confidence is detection confidence, not validated predictive probability.",Operational minimum selected
2026-07-01,WIDGET,368321,Diesel,1.48,3797.2540921783993,0.0,0.0,8.0,0.0,0.0,0.5323741007194253,0.7166666666666667,0.003815347721822548,0.8333333333333319,2,0.0,0.0,0.0,0.0,P01 rising | P02 streak 7 | P07 price percentile 0.83,"Pattern confidence is detection confidence, not validated predictive probability.",Operational minimum selected
2026-07-01,WIDGET,368321,Verde,1.399,3432.406628721964,0.0,0.0,8.0,0.0,0.0,0.39534883720930225,0.6666666666666666,0.002372093023255813,1.0,2,0.0,0.0,0.0,0.0,P01 rising | P02 streak 3 | P07 price percentile 1.00,"Pattern confidence is detection confidence, not validated predictive probability.",Operational minimum selected
2026-07-01,WIDGET,368322,Diesel,1.48,4995.782181450138,0.0,0.0,8.0,0.0,0.0,0.5323741007194253,0.7166666666666667,0.003815347721822548,0.8333333333333319,2,0.0,0.0,0.0,0.0,P01 rising | P02 streak 7 | P07 price percentile 0.83,"Pattern confidence is detection confidence, not validated predictive probability.",Operational minimum selected
2026-07-01,WIDGET,368322,Verde,1.399,3646.4201379345423,0.0,0.0,8.0,0.0,0.0,0.39534883720930225,0.6666666666666666,0.002372093023255813,1.0,2,0.0,0.0,0.0,0.0,P01 rising | P02 streak 3 | P07 price percentile 1.00,"Pattern confidence is detection confidence, not validated predictive probability.",Operational minimum selected
2026-07-02,WIDGET,368318,Diesel,1.49,14563.65089409454,0.0,0.0,7.0,0.0,0.0,0.4604316546762598,0.7166666666666667,0.0032997601918465284,0.9615384615384601,2,0.0,0.0,0.0,0.0,P01 rising | P02 streak 8 | P07 price percentile 0.96,"Pattern confidence is detection confidence, not validated predictive probability.",Operational minimum selected
2026-07-02,WIDGET,368318,Verde,1.408,8322.24928995421,0.0,0.0,7.0,0.0,0.0,0.425061425061425,0.7000000000000001,0.0026778869778869775,1.0,2,5.777138634318476e-07,5.777138634318476e-07,0.0,7.78629606429605e-09,P01 rising | P02 streak 4 | P07 price percentile 1.00,"Pattern confidence is detection confidence, not validated predictive probability.",Operational minimum selected
2026-07-02,WIDGET,368319,Diesel,1.49,3385.2530366362257,0.0,0.0,7.0,0.0,0.0,0.4604316546762598,0.7166666666666667,0.0032997601918465284,0.9615384615384601,2,0.0,0.0,0.0,0.0,P01 rising | P02 streak 8 | P07 price percentile 0.96,"Pattern confidence is detection confidence, not validated predictive probability.",Operational minimum selected
2026-07-02,WIDGET,368319,Verde,1.408,3281.2884499044108,0.0,0.0,7.0,0.0,0.0,0.425061425061425,0.7000000000000001,0.0026778869778869775,1.0,2,5.227655172595172e-07,5.227655172595172e-07,0.0,7.045714751257043e-09,P01 rising | P02 streak 4 | P07 price percentile 1.00,"Pattern confidence is detection confidence, not validated predictive probability.",Operational minimum selected
2026-07-02,WIDGET,368320,Diesel,1.49,27094.69416441303,0.0,0.0,7.0,0.0,0.0,0.4604316546762598,0.7166666666666667,0.0032997601918465284,0.9615384615384601,2,0.0,0.0,0.0,0.0,P01 rising | P02 streak 8 | P07 price percentile 0.96,"Pattern confidence is detection confidence, not validated predictive probability.",Operational minimum selected
2026-07-02,WIDGET,368320,Verde,1.408,5512.284358278032,0.0,0.0,7.0,0.0,0.0,0.425061425061425,0.7000000000000001,0.0026778869778869775,1.0,2,2.0504516639321036e-07,2.0504516639321036e-07,0.0,2.7635521200864023e-09,P01 rising | P02 streak 4 | P07 price percentile 1.00,"Pattern confidence is detection confidence, not validated predictive probability.",Operational minimum selected
2026-07-02,WIDGET,368321,Diesel,1.49,3319.3116483265294,0.0,0.0,7.0,0.0,0.0,0.4604316546762598,0.7166666666666667,0.0032997601918465284,0.9615384615384601,2,0.0,0.0,0.0,0.0,P01 rising | P02 streak 8 | P07 price percentile 0.96,"Pattern confidence is detection confidence, not validated predictive probability.",Operational minimum selected
2026-07-02,WIDGET,368321,Verde,1.408,3074.6476825233426,0.0,0.0,7.0,0.0,0.0,0.425061425061425,0.7000000000000001,0.0026778869778869775,1.0,2,0.0,0.0,0.0,0.0,P01 rising | P02 streak 4 | P07 price percentile 1.00,"Pattern confidence is detection confidence, not validated predictive probability.",Operational minimum selected
2026-07-02,WIDGET,368322,Diesel,1.49,4440.165779034606,0.0,0.0,7.0,0.0,0.0,0.4604316546762598,0.7166666666666667,0.0032997601918465284,0.9615384615384601,2,0.0,0.0,0.0,0.0,P01 rising | P02 streak 8 | P07 price percentile 0.96,"Pattern confidence is detection confidence, not validated predictive probability.",Operational minimum selected
2026-07-02,WIDGET,368322,Verde,1.408,3143.0248301776437,0.0,0.0,7.0,0.0,0.0,0.425061425061425,0.7000000000000001,0.0026778869778869775,1.0,2,0.0,0.0,0.0,0.0,P01 rising | P02 streak 4 | P07 price percentile 1.00,"Pattern confidence is detection confidence, not validated predictive probability.",Operational minimum selected
2026-07-03,WIDGET,368318,Diesel,1.498,12209.363758308433,0.0,0.0,6.0,0.0,0.0,0.43884892086330934,0.7166666666666667,0.003145083932853717,1.0,2,0.0,0.0,0.0,0.0,P01 rising | P02 streak 9 | P07 price percentile 1.00,"Pattern confidence is detection confidence, not validated predictive probability.",Operational minimum selected
2026-07-03,WIDGET,368318,Verde,1.41,7014.310937343345,0.0,0.0,6.0,0.0,0.0,0.43884892086330934,0.7166666666666667,0.002830575539568345,1.0,2,5.803650304183687e-07,5.803650304183687e-07,0.0,5.060887215222451e-09,P01 rising | P02 streak 5 | P07 price percentile 1.00,"Pattern confidence is detection confidence, not validated predictive probability.",Operational minimum selected
2026-07-03,WIDGET,368319,Diesel,1.498,2991.266443814553,0.0,0.0,6.0,0.0,0.0,0.43884892086330934,0.7166666666666667,0.003145083932853717,1.0,2,0.0,0.0,0.0,0.0,P01 rising | P02 streak 9 | P07 price percentile 1.00,"Pattern confidence is detection confidence, not validated predictive probability.",Operational minimum selected
2026-07-03,WIDGET,368319,Verde,1.41,2797.8822856390625,0.0,0.0,6.0,0.0,0.0,0.43884892086330934,0.7166666666666667,0.002830575539568345,1.0,2,5.251645226647485e-07,5.251645226647485e-07,0.0,4.579528881549845e-09,P01 rising | P02 streak 5 | P07 price percentile 1.00,"Pattern confidence is detection confidence, not validated predictive probability.",Operational minimum selected
2026-07-03,WIDGET,368320,Diesel,1.498,25755.941175621218,0.0,0.0,6.0,0.0,0.0,0.43884892086330934,0.7166666666666667,0.003145083932853717,1.0,2,0.0,0.0,0.0,0.0,P01 rising | P02 streak 9 | P07 price percentile 1.00,"Pattern confidence is detection confidence, not validated predictive probability.",Operational minimum selected
2026-07-03,WIDGET,368320,Verde,1.41,4638.39326338566,0.0,0.0,6.0,0.0,0.0,0.43884892086330934,0.7166666666666667,0.002830575539568345,1.0,2,2.0598484618210724e-07,2.0598484618210724e-07,0.0,1.796224823920029e-09,P01 rising | P02 streak 5 | P07 price percentile 1.00,"Pattern confidence is detection confidence, not validated predictive probability.",Operational minimum selected
2026-07-03,WIDGET,368321,Diesel,1.498,2779.263614296623,0.0,0.0,6.0,0.0,0.0,0.43884892086330934,0.7166666666666667,0.003145083932853717,1.0,2,0.0,0.0,0.0,0.0,P01 rising | P02 streak 9 | P07 price percentile 1.00,"Pattern confidence is detection confidence, not validated predictive probability.",Operational minimum selected
2026-07-03,WIDGET,368321,Verde,1.41,2689.163628829242,0.0,0.0,6.0,0.0,0.0,0.43884892086330934,0.7166666666666667,0.002830575539568345,1.0,2,0.0,0.0,0.0,0.0,P01 rising | P02 streak 5 | P07 price percentile 1.00,"Pattern confidence is detection confidence, not validated predictive probability.",Operational minimum selected
2026-07-03,WIDGET,368322,Diesel,1.498,3812.3770194877725,0.0,0.0,6.0,0.0,0.0,0.43884892086330934,0.7166666666666667,0.003145083932853717,1.0,2,0.0,0.0,0.0,0.0,P01 rising | P02 streak 9 | P07 price percentile 1.00,"Pattern confidence is detection confidence, not validated predictive probability.",Operational minimum selected
2026-07-03,WIDGET,368322,Verde,1.41,2661.426283269485,0.0,0.0,6.0,0.0,0.0,0.43884892086330934,0.7166666666666667,0.002830575539568345,1.0,2,0.0,0.0,0.0,0.0,P01 rising | P02 streak 5 | P07 price percentile 1.00,"Pattern confidence is detection confidence, not validated predictive probability.",Operational minimum selected
2026-07-04,WIDGET,368318,Diesel,1.5058099999999999,9961.253576803136,0.0,0.0,5.0,0.0,0.0,0.6372093023255813,0.775,0.004938372093023255,1.0,2,0.0,0.0,0.0,0.0,P01 rising | P02 streak 10 | P06 regulatory update | P07 price percentile 1.00,"Pattern confidence is detection confidence, not validated predictive probability.",Operational minimum selected
2026-07-04,WIDGET,368318,Verde,1.4447,5689.101966914815,0.0,0.0,5.0,0.0,0.0,0.6372093023255813,0.775,0.004444534883720929,1.0,2,5.966362591833638e-07,5.966362591833638e-07,0.0,5.390275860008713e-09,P01 rising | P02 streak 6 | P06 regulatory update | P07 price percentile 1.00,"Pattern confidence is detection confidence, not validated predictive probability.",Operational minimum selected
2026-07-04,WIDGET,368319,Diesel,1.5058099999999999,2563.2056450167547,0.0,0.0,5.0,0.0,0.0,0.6372093023255813,0.775,0.004938372093023255,1.0,2,0.0,0.0,0.0,0.0,P01 rising | P02 streak 10 | P06 regulatory update | P07 price percentile 1.00,"Pattern confidence is detection confidence, not validated predictive probability.",Operational minimum selected
2026-07-04,WIDGET,368319,Verde,1.4447,2159.475410707914,0.0,0.0,5.0,0.0,0.0,0.6372093023255813,0.775,0.004444534883720929,1.0,2,5.398881390779871e-07,5.398881390779871e-07,0.0,4.877588243061782e-09,P01 rising | P02 streak 6 | P06 regulatory update | P07 price percentile 1.00,"Pattern confidence is detection confidence, not validated predictive probability.",Operational minimum selected
2026-07-04,WIDGET,368320,Diesel,1.5058099999999999,24201.731041994357,0.0,0.0,5.0,0.0,0.0,0.6372093023255813,0.775,0.004938372093023255,1.0,2,0.0,0.0,0.0,0.0,P01 rising | P02 streak 10 | P06 regulatory update | P07 price percentile 1.00,"Pattern confidence is detection confidence, not validated predictive probability.",Operational minimum selected
2026-07-04,WIDGET,368320,Verde,1.4447,3681.360219732906,0.0,0.0,5.0,0.0,0.0,0.6372093023255813,0.775,0.004444534883720929,1.0,2,2.1176053908744128e-07,2.1176053908744128e-07,0.0,1.9131383726289275e-09,P01 rising | P02 streak 6 | P06 regulatory update | P07 price percentile 1.00,"Pattern confidence is detection confidence, not validated predictive probability.",Operational minimum selected
2026-07-04,WIDGET,368321,Diesel,1.5058099999999999,2211.6103514517426,0.0,0.0,5.0,0.0,0.0,0.6372093023255813,0.775,0.004938372093023255,1.0,2,0.0,0.0,0.0,0.0,P01 rising | P02 streak 10 | P06 regulatory update | P07 price percentile 1.00,"Pattern confidence is detection confidence, not validated predictive probability.",Operational minimum selected
2026-07-04,WIDGET,368321,Verde,1.4447,2281.6718975727317,0.0,0.0,5.0,0.0,0.0,0.6372093023255813,0.775,0.004444534883720929,1.0,2,0.0,0.0,0.0,0.0,P01 rising | P02 streak 6 | P06 regulatory update | P07 price percentile 1.00,"Pattern confidence is detection confidence, not validated predictive probability.",Operational minimum selected
2026-07-04,WIDGET,368322,Diesel,1.5058099999999999,3165.0900154204514,0.0,0.0,5.0,0.0,0.0,0.6372093023255813,0.775,0.004938372093023255,1.0,2,0.0,0.0,0.0,0.0,P01 rising | P02 streak 10 | P06 regulatory update | P07 price percentile 1.00,"Pattern confidence is detection confidence, not validated predictive probability.",Operational minimum selected
2026-07-04,WIDGET,368322,Verde,1.4447,2183.874989949649,0.0,0.0,5.0,0.0,0.0,0.6372093023255813,0.775,0.004444534883720929,1.0,2,0.0,0.0,0.0,0.0,P01 rising | P02 streak 6 | P06 regulatory update | P07 price percentile 1.00,"Pattern confidence is detection confidence, not validated predictive probability.",Operational minimum selected
2026-07-07,WIDGET,368318,Diesel,1.547,3989.762608065391,0.0,0.0,2.0,0.0,0.0,0.43884892086330934,0.7166666666666667,0.003145083932853717,1.0,2,0.0,0.0,0.0,0.0,P01 rising | P02 streak 11 | P07 price percentile 1.00,"Pattern confidence is detection confidence, not validated predictive probability.",Operational minimum selected
2026-07-07,WIDGET,368318,Verde,1.443,2218.715000906008,0.0,0.0,2.0,0.0,0.0,-0.295855738075858,0.6,-0.0015976209856096333,0.9814612868047979,2,5.909449721408472e-07,5.909449721408472e-07,0.0,2.477497897416458e-09,P01 rising | P02 streak 1 | P07 price percentile 0.98,"Pattern confidence is detection confidence, not validated predictive probability.",Operational minimum selected
2026-07-07,WIDGET,368319,Diesel,1.547,1511.8096699783905,0.0,0.0,2.0,0.0,0.0,0.43884892086330934,0.7166666666666667,0.003145083932853717,1.0,2,0.0,0.0,0.0,0.0,P01 rising | P02 streak 11 | P07 price percentile 1.00,"Pattern confidence is detection confidence, not validated predictive probability.",Operational minimum selected
2026-07-07,WIDGET,368319,Verde,1.443,821.3194111725279,0.0,0.0,2.0,0.0,0.0,-0.295855738075858,0.6,-0.0015976209856096333,0.9814612868047979,2,5.34737904772126e-07,5.34737904772126e-07,0.0,2.2418534672396235e-09,P01 rising | P02 streak 1 | P07 price percentile 0.98,"Pattern confidence is detection confidence, not validated predictive probability.",Operational minimum selected
2026-07-07,WIDGET,368320,Diesel,1.547,20381.454306918495,0.0,0.0,2.0,0.0,0.0,0.43884892086330934,0.7166666666666667,0.003145083932853717,1.0,2,0.0,0.0,0.0,0.0,P01 rising | P02 streak 11 | P07 price percentile 1.00,"Pattern confidence is detection confidence, not validated predictive probability.",Operational minimum selected
2026-07-07,WIDGET,368320,Verde,1.443,1516.5959057288624,0.0,0.0,2.0,0.0,0.0,-0.295855738075858,0.6,-0.0015976209856096333,0.9814612868047979,2,2.0973935016710517e-07,2.0973935016710517e-07,0.0,8.793184197202105e-10,P01 rising | P02 streak 1 | P07 price percentile 0.98,"Pattern confidence is detection confidence, not validated predictive probability.",Operational minimum selected
2026-07-07,WIDGET,368321,Diesel,1.547,955.5390068690941,0.0,0.0,2.0,0.0,0.0,0.43884892086330934,0.7166666666666667,0.003145083932853717,1.0,2,0.0,0.0,0.0,0.0,P01 rising | P02 streak 11 | P07 price percentile 1.00,"Pattern confidence is detection confidence, not validated predictive probability.",Operational minimum selected
2026-07-07,WIDGET,368321,Verde,1.443,1275.0915809344774,0.0,0.0,2.0,0.0,0.0,-0.295855738075858,0.6,-0.0015976209856096333,0.9814612868047979,2,0.0,0.0,0.0,0.0,P01 rising | P02 streak 1 | P07 price percentile 0.98,"Pattern confidence is detection confidence, not validated predictive probability.",Operational minimum selected
2026-07-07,WIDGET,368322,Diesel,1.547,1535.0276251839978,0.0,0.0,2.0,0.0,0.0,0.43884892086330934,0.7166666666666667,0.003145083932853717,1.0,2,0.0,0.0,0.0,0.0,P01 rising | P02 streak 11 | P07 price percentile 1.00,"Pattern confidence is detection confidence, not validated predictive probability.",Operational minimum selected
2026-07-07,WIDGET,368322,Verde,1.443,921.4942847546797,0.0,0.0,2.0,0.0,0.0,-0.295855738075858,0.6,-0.0015976209856096333,0.9814612868047979,2,0.0,0.0,0.0,0.0,P01 rising | P02 streak 1 | P07 price percentile 0.98,"Pattern confidence is detection confidence, not validated predictive probability.",Operational minimum selected
2026-07-08,WIDGET,368318,Diesel,1.5518599999999998,2057.0763241407694,20299.99999955033,31502.75799930217,0.0,0.0,20299.99999955033,0.43884892086330934,0.7166666666666667,0.003145083932853717,1.0,0,31502.75799930217,31502.75799930217,0.0,0.0,P01 rising | P02 streak 12 | P07 price percentile 1.00,"Pattern confidence is detection confidence, not validated predictive probability.",Final quotation-date stock equalisation
2026-07-08,WIDGET,368318,Verde,1.44554,1144.4165854048983,10000.000000410453,14455.400000593327,0.0,4.1045359466806985e-07,10000.0,-0.2491467576791809,0.5833333333333334,-0.0013080204778156998,1.0,0,14455.400000593327,14455.400000593327,0.0,0.0,P02 streak 1 | P03 stable premium | P07 price percentile 1.00,"Pattern confidence is detection confidence, not validated predictive probability.",Final quotation-date stock equalisation
2026-07-08,WIDGET,368319,Diesel,1.5518599999999998,1086.6744885398116,8910.810406704311,13828.33023774815,0.0,0.0,8910.810406704311,0.43884892086330934,0.7166666666666667,0.003145083932853717,1.0,0,13828.33023774815,13828.33023774815,0.0,0.0,P01 rising | P02 streak 12 | P07 price percentile 1.00,"Pattern confidence is detection confidence, not validated predictive probability.",Final quotation-date stock equalisation
2026-07-08,WIDGET,368319,Verde,1.44554,440.13642012165514,8000.000000371414,11564.320000536894,0.0,3.7141376196814235e-07,8000.0,-0.2491467576791809,0.5833333333333334,-0.0013080204778156998,1.0,0,11564.320000536894,11564.320000536894,0.0,0.0,P02 streak 1 | P03 stable premium | P07 price percentile 1.00,"Pattern confidence is detection confidence, not validated predictive probability.",Final quotation-date stock equalisation
2026-07-08,WIDGET,368320,Diesel,1.5518599999999998,19181.822039832343,29844.821066614135,46314.984020435804,0.0,0.0,29844.821066614135,0.43884892086330934,0.7166666666666667,0.003145083932853717,1.0,0,46314.984020435804,46314.984020435804,0.0,0.0,P01 rising | P02 streak 12 | P07 price percentile 1.00,"Pattern confidence is detection confidence, not validated predictive probability.",Final quotation-date stock equalisation
2026-07-08,WIDGET,368320,Verde,1.44554,819.9484214653332,14000.00000014568,20237.560000210586,0.0,1.456789959775051e-07,14000.0,-0.2491467576791809,0.5833333333333334,-0.0013080204778156998,1.0,0,20237.560000210586,20237.560000210586,0.0,0.0,P02 streak 1 | P03 stable premium | P07 price percentile 1.00,"Pattern confidence is detection confidence, not validated predictive probability.",Final quotation-date stock equalisation
2026-07-08,WIDGET,368321,Diesel,1.5518599999999998,477.9424441347639,9522.057555865236,14776.900238645023,0.0,0.0,9522.057555865236,0.43884892086330934,0.7166666666666667,0.003145083932853717,1.0,0,14776.900238645023,14776.900238645023,0.0,0.0,P01 rising | P02 streak 12 | P07 price percentile 1.00,"Pattern confidence is detection confidence, not validated predictive probability.",Final quotation-date stock equalisation
2026-07-08,WIDGET,368321,Verde,1.44554,924.1038223667894,8233.655123831832,11902.077827703866,0.0,0.0,8233.655123831832,-0.2491467576791809,0.5833333333333334,-0.0013080204778156998,1.0,0,11902.077827703866,11902.077827703866,0.0,0.0,P02 streak 1 | P03 stable premium | P07 price percentile 1.00,"Pattern confidence is detection confidence, not validated predictive probability.",Final quotation-date stock equalisation
2026-07-08,WIDGET,368322,Diesel,1.5518599999999998,974.1247231781374,13025.875276821862,20214.334807088773,0.0,0.0,13025.875276821862,0.43884892086330934,0.7166666666666667,0.003145083932853717,1.0,0,20214.334807088773,20214.334807088773,0.0,0.0,P01 rising | P02 streak 12 | P07 price percentile 1.00,"Pattern confidence is detection confidence, not validated predictive probability.",Final quotation-date stock equalisation
2026-07-08,WIDGET,368322,Verde,1.44554,503.39530818610166,9599.999999570797,13877.18399937957,0.0,0.0,9599.999999570797,-0.2491467576791809,0.5833333333333334,-0.0013080204778156998,1.0,0,13877.18399937957,13877.18399937957,0.0,0.0,P02 streak 1 | P03 stable premium | P07 price percentile 1.00,"Pattern confidence is detection confidence, not validated predictive probability.",Final quotation-date stock equalisation
