date,distributor_id,product,as_is_purchase_litres,as_is_purchase_spend_eur,as_is_selected_cover_days,as_is_reason,operational_purchase_litres,operational_purchase_spend_eur,operational_selected_cover_days,operational_reason,combined_purchase_litres,combined_purchase_spend_eur,combined_selected_cover_days,combined_operational_required_litres,combined_discretionary_litres,combined_internal_signal_score,combined_external_signal_score,combined_signal_score,combined_signal_confidence,combined_expected_advantage_eur,combined_patterns_used,combined_external_drivers,combined_external_themes,combined_caveats,combined_reason,combined_minus_operational_litres,external_changed_operational_decision,combined_action,short_reason
2026-06-16,368318,Diesel,0.0,0.0,1.0,Operational minimum required to cover demand until the next observed quotation,0.0,0.0,9.0,Operational minimum selected,0.0,0.0,9.0,0.0,0.0,0.0,0.11282347583944763,0.11282347583944764,0.148303681732798,0.0,P07 price percentile 0.50,Crude | Currency,,"Pattern confidence is detection confidence, not validated predictive probability.",Operational minimum: objective improvement is below action threshold,0.0,False,NO PURCHASE,"External intelligence did not materially change the operational recommendation. Main external drivers: Crude, Currency."
2026-06-16,368318,Verde,0.0,0.0,1.0,Operational minimum required to cover demand until the next observed quotation,0.0,0.0,8.0,Operational minimum selected,0.0,0.0,8.0,0.0,0.0,0.0,-0.027448390863003644,-0.02744839086300364,0.18322719961224215,0.0,P07 price percentile 0.50,Crude | Currency,,"Pattern confidence is detection confidence, not validated predictive probability.",Operational minimum: objective improvement is below action threshold,0.0,False,NO PURCHASE,"External intelligence did not materially change the operational recommendation. Main external drivers: Crude, Currency."
2026-06-16,368319,Diesel,0.0,0.0,1.0,Operational minimum required to cover demand until the next observed quotation,0.0,0.0,14.0,Operational minimum selected,0.0,0.0,14.0,0.0,0.0,0.0,0.11282347583944763,0.11282347583944764,0.148303681732798,0.0,P07 price percentile 0.50,Crude | Currency,,"Pattern confidence is detection confidence, not validated predictive probability.",Operational minimum: objective improvement is below action threshold,0.0,False,NO PURCHASE,"External intelligence did not materially change the operational recommendation. Main external drivers: Crude, Currency."
2026-06-16,368319,Verde,0.0,0.0,1.0,Operational minimum required to cover demand until the next observed quotation,0.0,0.0,14.0,Operational minimum selected,0.0,0.0,14.0,0.0,0.0,0.0,-0.027448390863003644,-0.02744839086300364,0.18322719961224215,0.0,P07 price percentile 0.50,Crude | Currency,,"Pattern confidence is detection confidence, not validated predictive probability.",Operational minimum: objective improvement is below action threshold,0.0,False,NO PURCHASE,"External intelligence did not materially change the operational recommendation. Main external drivers: Crude, Currency."
2026-06-16,368320,Diesel,0.0,0.0,1.0,Operational minimum required to cover demand until the next observed quotation,0.0,0.0,14.0,Operational minimum selected,0.0,0.0,14.0,0.0,0.0,0.0,0.11282347583944763,0.11282347583944764,0.148303681732798,0.0,P07 price percentile 0.50,Crude | Currency,,"Pattern confidence is detection confidence, not validated predictive probability.",Operational minimum: objective improvement is below action threshold,0.0,False,NO PURCHASE,"External intelligence did not materially change the operational recommendation. Main external drivers: Crude, Currency."
2026-06-16,368320,Verde,0.0,0.0,1.0,Operational minimum required to cover demand until the next observed quotation,0.0,0.0,14.0,Operational minimum selected,0.0,0.0,14.0,0.0,0.0,0.0,-0.027448390863003644,-0.02744839086300364,0.18322719961224215,0.0,P07 price percentile 0.50,Crude | Currency,,"Pattern confidence is detection confidence, not validated predictive probability.",Operational minimum: objective improvement is below action threshold,0.0,False,NO PURCHASE,"External intelligence did not materially change the operational recommendation. Main external drivers: Crude, Currency."
2026-06-16,368321,Diesel,0.0,0.0,1.0,Operational minimum required to cover demand until the next observed quotation,0.0,0.0,14.0,Operational minimum selected,0.0,0.0,14.0,0.0,0.0,0.0,0.11282347583944763,0.11282347583944764,0.148303681732798,0.0,P07 price percentile 0.50,Crude | Currency,,"Pattern confidence is detection confidence, not validated predictive probability.",Operational minimum: objective improvement is below action threshold,0.0,False,NO PURCHASE,"External intelligence did not materially change the operational recommendation. Main external drivers: Crude, Currency."
2026-06-16,368321,Verde,0.0,0.0,1.0,Operational minimum required to cover demand until the next observed quotation,0.0,0.0,14.0,Operational minimum selected,0.0,0.0,14.0,0.0,0.0,0.0,-0.027448390863003644,-0.02744839086300364,0.18322719961224215,0.0,P07 price percentile 0.50,Crude | Currency,,"Pattern confidence is detection confidence, not validated predictive probability.",Operational minimum: objective improvement is below action threshold,0.0,False,NO PURCHASE,"External intelligence did not materially change the operational recommendation. Main external drivers: Crude, Currency."
2026-06-16,368322,Diesel,0.0,0.0,1.0,Operational minimum required to cover demand until the next observed quotation,0.0,0.0,14.0,Operational minimum selected,0.0,0.0,14.0,0.0,0.0,0.0,0.11282347583944763,0.11282347583944764,0.148303681732798,0.0,P07 price percentile 0.50,Crude | Currency,,"Pattern confidence is detection confidence, not validated predictive probability.",Operational minimum: objective improvement is below action threshold,0.0,False,NO PURCHASE,"External intelligence did not materially change the operational recommendation. Main external drivers: Crude, Currency."
2026-06-16,368322,Verde,0.0,0.0,1.0,Operational minimum required to cover demand until the next observed quotation,0.0,0.0,14.0,Operational minimum selected,0.0,0.0,14.0,0.0,0.0,0.0,-0.027448390863003644,-0.02744839086300364,0.18322719961224215,0.0,P07 price percentile 0.50,Crude | Currency,,"Pattern confidence is detection confidence, not validated predictive probability.",Operational minimum: objective improvement is below action threshold,0.0,False,NO PURCHASE,"External intelligence did not materially change the operational recommendation. Main external drivers: Crude, Currency."
2026-06-17,368318,Diesel,0.0,0.0,1.0,Operational minimum required to cover demand until the next observed quotation,10759.988071,15903.262368938,14.0,Lowest robust expected-cost volume,0.0,0.0,8.0,0.0,0.0,0.030837004405286365,-0.6893848072957088,-0.29802358670920737,0.6011313946029379,0.0,P02 streak 1 | P07 price percentile 0.00,Crude | Currency | Geopolitics,HORMUZ_RECOVERY,"Pattern confidence is detection confidence, not validated predictive probability. | Internal and external evidence disagree; discretionary volume is penalised.",Operational minimum: objective improvement is below action threshold,-10759.988071,True,POSTPONE PURCHASE,"Postpone the operational purchase of 10,760 L because buying now did not produce sufficient expected economic advantage. Main external drivers: Crude, Currency, Geopolitics."
2026-06-17,368318,Verde,0.0,0.0,1.0,Operational minimum required to cover demand until the next observed quotation,7718.796996,10682.815042463999,14.0,Lowest robust expected-cost volume,0.0,0.0,7.0,0.0,0.0,0.030837004405286365,-0.6999824357479127,-0.3202423459698513,0.6289259741468662,0.0,P02 streak 1 | P07 price percentile 0.00,Crude | Currency | Geopolitics,HORMUZ_RECOVERY,"Pattern confidence is detection confidence, not validated predictive probability. | Internal and external evidence disagree; discretionary volume is penalised.",Operational minimum: objective improvement is below action threshold,-7718.796996,True,POSTPONE PURCHASE,"Postpone the operational purchase of 7,719 L because buying now did not produce sufficient expected economic advantage. Main external drivers: Crude, Currency, Geopolitics."
2026-06-17,368319,Diesel,0.0,0.0,1.0,Operational minimum required to cover demand until the next observed quotation,0.0,0.0,14.0,Operational minimum selected,0.0,0.0,14.0,0.0,0.0,0.030837004405286365,-0.6893848072957088,-0.29802358670920737,0.6011313946029379,0.0,P02 streak 1 | P07 price percentile 0.00,Crude | Currency | Geopolitics,HORMUZ_RECOVERY,"Pattern confidence is detection confidence, not validated predictive probability. | Internal and external evidence disagree; discretionary volume is penalised.",Operational minimum: objective improvement is below action threshold,0.0,False,NO PURCHASE,"External intelligence did not materially change the operational recommendation. Main external drivers: Crude, Currency, Geopolitics."
2026-06-17,368319,Verde,0.0,0.0,1.0,Operational minimum required to cover demand until the next observed quotation,0.0,0.0,14.0,Operational minimum selected,0.0,0.0,14.0,0.0,0.0,0.030837004405286365,-0.6999824357479127,-0.3202423459698513,0.6289259741468662,0.0,P02 streak 1 | P07 price percentile 0.00,Crude | Currency | Geopolitics,HORMUZ_RECOVERY,"Pattern confidence is detection confidence, not validated predictive probability. | Internal and external evidence disagree; discretionary volume is penalised.",Operational minimum: objective improvement is below action threshold,0.0,False,NO PURCHASE,"External intelligence did not materially change the operational recommendation. Main external drivers: Crude, Currency, Geopolitics."
2026-06-17,368320,Diesel,0.0,0.0,1.0,Operational minimum required to cover demand until the next observed quotation,0.0,0.0,14.0,Operational minimum selected,0.0,0.0,14.0,0.0,0.0,0.030837004405286365,-0.6893848072957088,-0.29802358670920737,0.6011313946029379,0.0,P02 streak 1 | P07 price percentile 0.00,Crude | Currency | Geopolitics,HORMUZ_RECOVERY,"Pattern confidence is detection confidence, not validated predictive probability. | Internal and external evidence disagree; discretionary volume is penalised.",Operational minimum: objective improvement is below action threshold,0.0,False,NO PURCHASE,"External intelligence did not materially change the operational recommendation. Main external drivers: Crude, Currency, Geopolitics."
2026-06-17,368320,Verde,0.0,0.0,1.0,Operational minimum required to cover demand until the next observed quotation,0.0,0.0,14.0,Operational minimum selected,0.0,0.0,14.0,0.0,0.0,0.030837004405286365,-0.6999824357479127,-0.3202423459698513,0.6289259741468662,0.0,P02 streak 1 | P07 price percentile 0.00,Crude | Currency | Geopolitics,HORMUZ_RECOVERY,"Pattern confidence is detection confidence, not validated predictive probability. | Internal and external evidence disagree; discretionary volume is penalised.",Operational minimum: objective improvement is below action threshold,0.0,False,NO PURCHASE,"External intelligence did not materially change the operational recommendation. Main external drivers: Crude, Currency, Geopolitics."
2026-06-17,368321,Diesel,0.0,0.0,1.0,Operational minimum required to cover demand until the next observed quotation,0.0,0.0,14.0,Operational minimum selected,0.0,0.0,14.0,0.0,0.0,0.030837004405286365,-0.6893848072957088,-0.29802358670920737,0.6011313946029379,0.0,P02 streak 1 | P07 price percentile 0.00,Crude | Currency | Geopolitics,HORMUZ_RECOVERY,"Pattern confidence is detection confidence, not validated predictive probability. | Internal and external evidence disagree; discretionary volume is penalised.",Operational minimum: objective improvement is below action threshold,0.0,False,NO PURCHASE,"External intelligence did not materially change the operational recommendation. Main external drivers: Crude, Currency, Geopolitics."
2026-06-17,368321,Verde,0.0,0.0,1.0,Operational minimum required to cover demand until the next observed quotation,0.0,0.0,14.0,Operational minimum selected,0.0,0.0,14.0,0.0,0.0,0.030837004405286365,-0.6999824357479127,-0.3202423459698513,0.6289259741468662,0.0,P02 streak 1 | P07 price percentile 0.00,Crude | Currency | Geopolitics,HORMUZ_RECOVERY,"Pattern confidence is detection confidence, not validated predictive probability. | Internal and external evidence disagree; discretionary volume is penalised.",Operational minimum: objective improvement is below action threshold,0.0,False,NO PURCHASE,"External intelligence did not materially change the operational recommendation. Main external drivers: Crude, Currency, Geopolitics."
2026-06-17,368322,Diesel,0.0,0.0,1.0,Operational minimum required to cover demand until the next observed quotation,0.0,0.0,14.0,Operational minimum selected,0.0,0.0,14.0,0.0,0.0,0.030837004405286365,-0.6893848072957088,-0.29802358670920737,0.6011313946029379,0.0,P02 streak 1 | P07 price percentile 0.00,Crude | Currency | Geopolitics,HORMUZ_RECOVERY,"Pattern confidence is detection confidence, not validated predictive probability. | Internal and external evidence disagree; discretionary volume is penalised.",Operational minimum: objective improvement is below action threshold,0.0,False,NO PURCHASE,"External intelligence did not materially change the operational recommendation. Main external drivers: Crude, Currency, Geopolitics."
2026-06-17,368322,Verde,0.0,0.0,1.0,Operational minimum required to cover demand until the next observed quotation,0.0,0.0,14.0,Operational minimum selected,0.0,0.0,14.0,0.0,0.0,0.030837004405286365,-0.6999824357479127,-0.3202423459698513,0.6289259741468662,0.0,P02 streak 1 | P07 price percentile 0.00,Crude | Currency | Geopolitics,HORMUZ_RECOVERY,"Pattern confidence is detection confidence, not validated predictive probability. | Internal and external evidence disagree; discretionary volume is penalised.",Operational minimum: objective improvement is below action threshold,0.0,False,NO PURCHASE,"External intelligence did not materially change the operational recommendation. Main external drivers: Crude, Currency, Geopolitics."
2026-06-18,368318,Diesel,0.0,0.0,1.0,Operational minimum required to cover demand until the next observed quotation,0.0,0.0,13.0,Operational minimum selected,0.0,0.0,7.0,0.0,0.0,-0.3623978201634877,-0.6903581331063069,-0.5027497574109501,0.6451652022434302,0.0,P01 falling | P02 streak 2 | P07 price percentile 0.00,Crude | Currency | Geopolitics,HORMUZ_RECOVERY,"Pattern confidence is detection confidence, not validated predictive probability.",Operational minimum: objective improvement is below action threshold,0.0,False,NO PURCHASE,"External intelligence did not materially change the operational recommendation. Main external drivers: Crude, Currency, Geopolitics."
2026-06-18,368318,Verde,0.0,0.0,1.0,Operational minimum required to cover demand until the next observed quotation,0.0,0.0,13.0,Operational minimum selected,0.0,0.0,6.0,0.0,0.0,-0.3623978201634877,-0.7057842459557951,-0.5187162205036191,0.6756485640812065,0.0,P01 falling | P02 streak 2 | P07 price percentile 0.00,Crude | Currency | Geopolitics,HORMUZ_RECOVERY,"Pattern confidence is detection confidence, not validated predictive probability.",Operational minimum: objective improvement is below action threshold,0.0,False,NO PURCHASE,"External intelligence did not materially change the operational recommendation. Main external drivers: Crude, Currency, Geopolitics."
2026-06-18,368319,Diesel,0.0,0.0,1.0,Operational minimum required to cover demand until the next observed quotation,0.0,0.0,14.0,Operational minimum selected,0.0,0.0,14.0,0.0,0.0,-0.3623978201634877,-0.6903581331063069,-0.5027497574109501,0.6451652022434302,0.0,P01 falling | P02 streak 2 | P07 price percentile 0.00,Crude | Currency | Geopolitics,HORMUZ_RECOVERY,"Pattern confidence is detection confidence, not validated predictive probability.",Operational minimum: objective improvement is below action threshold,0.0,False,NO PURCHASE,"External intelligence did not materially change the operational recommendation. Main external drivers: Crude, Currency, Geopolitics."
2026-06-18,368319,Verde,0.0,0.0,1.0,Operational minimum required to cover demand until the next observed quotation,0.0,0.0,14.0,Operational minimum selected,0.0,0.0,14.0,0.0,0.0,-0.3623978201634877,-0.7057842459557951,-0.5187162205036191,0.6756485640812065,0.0,P01 falling | P02 streak 2 | P07 price percentile 0.00,Crude | Currency | Geopolitics,HORMUZ_RECOVERY,"Pattern confidence is detection confidence, not validated predictive probability.",Operational minimum: objective improvement is below action threshold,0.0,False,NO PURCHASE,"External intelligence did not materially change the operational recommendation. Main external drivers: Crude, Currency, Geopolitics."
2026-06-18,368320,Diesel,0.0,0.0,1.0,Operational minimum required to cover demand until the next observed quotation,0.0,0.0,14.0,Operational minimum selected,0.0,0.0,14.0,0.0,0.0,-0.3623978201634877,-0.6903581331063069,-0.5027497574109501,0.6451652022434302,0.0,P01 falling | P02 streak 2 | P07 price percentile 0.00,Crude | Currency | Geopolitics,HORMUZ_RECOVERY,"Pattern confidence is detection confidence, not validated predictive probability.",Operational minimum: objective improvement is below action threshold,0.0,False,NO PURCHASE,"External intelligence did not materially change the operational recommendation. Main external drivers: Crude, Currency, Geopolitics."
2026-06-18,368320,Verde,0.0,0.0,1.0,Operational minimum required to cover demand until the next observed quotation,0.0,0.0,14.0,Operational minimum selected,0.0,0.0,14.0,0.0,0.0,-0.3623978201634877,-0.7057842459557951,-0.5187162205036191,0.6756485640812065,0.0,P01 falling | P02 streak 2 | P07 price percentile 0.00,Crude | Currency | Geopolitics,HORMUZ_RECOVERY,"Pattern confidence is detection confidence, not validated predictive probability.",Operational minimum: objective improvement is below action threshold,0.0,False,NO PURCHASE,"External intelligence did not materially change the operational recommendation. Main external drivers: Crude, Currency, Geopolitics."
2026-06-18,368321,Diesel,0.0,0.0,1.0,Operational minimum required to cover demand until the next observed quotation,0.0,0.0,14.0,Operational minimum selected,0.0,0.0,14.0,0.0,0.0,-0.3623978201634877,-0.6903581331063069,-0.5027497574109501,0.6451652022434302,0.0,P01 falling | P02 streak 2 | P07 price percentile 0.00,Crude | Currency | Geopolitics,HORMUZ_RECOVERY,"Pattern confidence is detection confidence, not validated predictive probability.",Operational minimum: objective improvement is below action threshold,0.0,False,NO PURCHASE,"External intelligence did not materially change the operational recommendation. Main external drivers: Crude, Currency, Geopolitics."
2026-06-18,368321,Verde,0.0,0.0,1.0,Operational minimum required to cover demand until the next observed quotation,0.0,0.0,14.0,Operational minimum selected,0.0,0.0,14.0,0.0,0.0,-0.3623978201634877,-0.7057842459557951,-0.5187162205036191,0.6756485640812065,0.0,P01 falling | P02 streak 2 | P07 price percentile 0.00,Crude | Currency | Geopolitics,HORMUZ_RECOVERY,"Pattern confidence is detection confidence, not validated predictive probability.",Operational minimum: objective improvement is below action threshold,0.0,False,NO PURCHASE,"External intelligence did not materially change the operational recommendation. Main external drivers: Crude, Currency, Geopolitics."
2026-06-18,368322,Diesel,0.0,0.0,1.0,Operational minimum required to cover demand until the next observed quotation,0.0,0.0,14.0,Operational minimum selected,0.0,0.0,14.0,0.0,0.0,-0.3623978201634877,-0.6903581331063069,-0.5027497574109501,0.6451652022434302,0.0,P01 falling | P02 streak 2 | P07 price percentile 0.00,Crude | Currency | Geopolitics,HORMUZ_RECOVERY,"Pattern confidence is detection confidence, not validated predictive probability.",Operational minimum: objective improvement is below action threshold,0.0,False,NO PURCHASE,"External intelligence did not materially change the operational recommendation. Main external drivers: Crude, Currency, Geopolitics."
2026-06-18,368322,Verde,0.0,0.0,1.0,Operational minimum required to cover demand until the next observed quotation,0.0,0.0,14.0,Operational minimum selected,0.0,0.0,14.0,0.0,0.0,-0.3623978201634877,-0.7057842459557951,-0.5187162205036191,0.6756485640812065,0.0,P01 falling | P02 streak 2 | P07 price percentile 0.00,Crude | Currency | Geopolitics,HORMUZ_RECOVERY,"Pattern confidence is detection confidence, not validated predictive probability.",Operational minimum: objective improvement is below action threshold,0.0,False,NO PURCHASE,"External intelligence did not materially change the operational recommendation. Main external drivers: Crude, Currency, Geopolitics."
2026-06-19,368318,Diesel,0.0,0.0,1.0,Operational minimum required to cover demand until the next observed quotation,0.0,0.0,12.0,Operational minimum selected,0.0,0.0,6.0,0.0,0.0,-0.39534883720930225,-0.9350422489687662,-0.6100694698883513,0.6484707609712395,0.0,P01 falling | P02 streak 3 | P07 price percentile 0.00,Crude | Currency | Geopolitics,HORMUZ_RECOVERY,"Pattern confidence is detection confidence, not validated predictive probability.",Operational minimum: objective improvement is below action threshold,0.0,False,NO PURCHASE,"External intelligence did not materially change the operational recommendation. Main external drivers: Crude, Currency, Geopolitics."
2026-06-19,368318,Verde,0.0,0.0,1.0,Operational minimum required to cover demand until the next observed quotation,0.0,0.0,12.0,Operational minimum selected,0.0,0.0,5.0,0.0,0.0,-0.39534883720930225,-0.918183284715107,-0.6197469897454269,0.6819030115819811,0.0,P01 falling | P02 streak 3 | P07 price percentile 0.00,Crude | Currency | Geopolitics,HORMUZ_RECOVERY,"Pattern confidence is detection confidence, not validated predictive probability.",Operational minimum: objective improvement is below action threshold,0.0,False,NO PURCHASE,"External intelligence did not materially change the operational recommendation. Main external drivers: Crude, Currency, Geopolitics."
2026-06-19,368319,Diesel,0.0,0.0,1.0,Operational minimum required to cover demand until the next observed quotation,0.0,0.0,14.0,Operational minimum selected,0.0,0.0,14.0,0.0,0.0,-0.39534883720930225,-0.9350422489687662,-0.6100694698883513,0.6484707609712395,0.0,P01 falling | P02 streak 3 | P07 price percentile 0.00,Crude | Currency | Geopolitics,HORMUZ_RECOVERY,"Pattern confidence is detection confidence, not validated predictive probability.",Operational minimum: objective improvement is below action threshold,0.0,False,NO PURCHASE,"External intelligence did not materially change the operational recommendation. Main external drivers: Crude, Currency, Geopolitics."
2026-06-19,368319,Verde,0.0,0.0,1.0,Operational minimum required to cover demand until the next observed quotation,0.0,0.0,14.0,Operational minimum selected,0.0,0.0,14.0,0.0,0.0,-0.39534883720930225,-0.918183284715107,-0.6197469897454269,0.6819030115819811,0.0,P01 falling | P02 streak 3 | P07 price percentile 0.00,Crude | Currency | Geopolitics,HORMUZ_RECOVERY,"Pattern confidence is detection confidence, not validated predictive probability.",Operational minimum: objective improvement is below action threshold,0.0,False,NO PURCHASE,"External intelligence did not materially change the operational recommendation. Main external drivers: Crude, Currency, Geopolitics."
2026-06-19,368320,Diesel,0.0,0.0,1.0,Operational minimum required to cover demand until the next observed quotation,0.0,0.0,14.0,Operational minimum selected,0.0,0.0,14.0,0.0,0.0,-0.39534883720930225,-0.9350422489687662,-0.6100694698883513,0.6484707609712395,0.0,P01 falling | P02 streak 3 | P07 price percentile 0.00,Crude | Currency | Geopolitics,HORMUZ_RECOVERY,"Pattern confidence is detection confidence, not validated predictive probability.",Operational minimum: objective improvement is below action threshold,0.0,False,NO PURCHASE,"External intelligence did not materially change the operational recommendation. Main external drivers: Crude, Currency, Geopolitics."
2026-06-19,368320,Verde,0.0,0.0,1.0,Operational minimum required to cover demand until the next observed quotation,0.0,0.0,14.0,Operational minimum selected,0.0,0.0,14.0,0.0,0.0,-0.39534883720930225,-0.918183284715107,-0.6197469897454269,0.6819030115819811,0.0,P01 falling | P02 streak 3 | P07 price percentile 0.00,Crude | Currency | Geopolitics,HORMUZ_RECOVERY,"Pattern confidence is detection confidence, not validated predictive probability.",Operational minimum: objective improvement is below action threshold,0.0,False,NO PURCHASE,"External intelligence did not materially change the operational recommendation. Main external drivers: Crude, Currency, Geopolitics."
2026-06-19,368321,Diesel,0.0,0.0,1.0,Operational minimum required to cover demand until the next observed quotation,0.0,0.0,14.0,Operational minimum selected,0.0,0.0,14.0,0.0,0.0,-0.39534883720930225,-0.9350422489687662,-0.6100694698883513,0.6484707609712395,0.0,P01 falling | P02 streak 3 | P07 price percentile 0.00,Crude | Currency | Geopolitics,HORMUZ_RECOVERY,"Pattern confidence is detection confidence, not validated predictive probability.",Operational minimum: objective improvement is below action threshold,0.0,False,NO PURCHASE,"External intelligence did not materially change the operational recommendation. Main external drivers: Crude, Currency, Geopolitics."
2026-06-19,368321,Verde,0.0,0.0,1.0,Operational minimum required to cover demand until the next observed quotation,0.0,0.0,14.0,Operational minimum selected,0.0,0.0,14.0,0.0,0.0,-0.39534883720930225,-0.918183284715107,-0.6197469897454269,0.6819030115819811,0.0,P01 falling | P02 streak 3 | P07 price percentile 0.00,Crude | Currency | Geopolitics,HORMUZ_RECOVERY,"Pattern confidence is detection confidence, not validated predictive probability.",Operational minimum: objective improvement is below action threshold,0.0,False,NO PURCHASE,"External intelligence did not materially change the operational recommendation. Main external drivers: Crude, Currency, Geopolitics."
2026-06-19,368322,Diesel,0.0,0.0,1.0,Operational minimum required to cover demand until the next observed quotation,0.0,0.0,14.0,Operational minimum selected,0.0,0.0,14.0,0.0,0.0,-0.39534883720930225,-0.9350422489687662,-0.6100694698883513,0.6484707609712395,0.0,P01 falling | P02 streak 3 | P07 price percentile 0.00,Crude | Currency | Geopolitics,HORMUZ_RECOVERY,"Pattern confidence is detection confidence, not validated predictive probability.",Operational minimum: objective improvement is below action threshold,0.0,False,NO PURCHASE,"External intelligence did not materially change the operational recommendation. Main external drivers: Crude, Currency, Geopolitics."
2026-06-19,368322,Verde,0.0,0.0,1.0,Operational minimum required to cover demand until the next observed quotation,0.0,0.0,14.0,Operational minimum selected,0.0,0.0,14.0,0.0,0.0,-0.39534883720930225,-0.918183284715107,-0.6197469897454269,0.6819030115819811,0.0,P01 falling | P02 streak 3 | P07 price percentile 0.00,Crude | Currency | Geopolitics,HORMUZ_RECOVERY,"Pattern confidence is detection confidence, not validated predictive probability.",Operational minimum: objective improvement is below action threshold,0.0,False,NO PURCHASE,"External intelligence did not materially change the operational recommendation. Main external drivers: Crude, Currency, Geopolitics."
2026-06-20,368318,Diesel,0.0,0.0,3.0,Operational minimum required to cover demand until the next observed quotation,0.0,0.0,11.0,Operational minimum selected,0.0,0.0,5.0,0.0,0.0,-0.3673036093418258,-0.8171703117258161,-0.5507594853854677,0.686849137250613,0.0,P01 falling | P02 streak 4 | P04 multi-day quotation | P07 price percentile 0.00,Crude | Currency | Geopolitics | Supply and demand,HORMUZ_RECOVERY,"Pattern confidence is detection confidence, not validated predictive probability.",Operational minimum: objective improvement is below action threshold,0.0,False,NO PURCHASE,"External intelligence did not materially change the operational recommendation. Main external drivers: Crude, Currency, Geopolitics, Supply and demand."
2026-06-20,368318,Verde,0.0,0.0,3.0,Operational minimum required to cover demand until the next observed quotation,0.0,0.0,11.0,Operational minimum selected,0.0,0.0,4.0,0.0,0.0,-0.3673036093418258,-0.8127016578978277,-0.5604808836371872,0.7166039724427183,0.0,P01 falling | P02 streak 4 | P04 multi-day quotation | P07 price percentile 0.00,Crude | Currency | Geopolitics | Supply and demand,HORMUZ_RECOVERY,"Pattern confidence is detection confidence, not validated predictive probability.",Operational minimum: objective improvement is below action threshold,0.0,False,NO PURCHASE,"External intelligence did not materially change the operational recommendation. Main external drivers: Crude, Currency, Geopolitics, Supply and demand."
2026-06-20,368319,Diesel,0.0,0.0,3.0,Operational minimum required to cover demand until the next observed quotation,0.0,0.0,14.0,Operational minimum selected,0.0,0.0,14.0,0.0,0.0,-0.3673036093418258,-0.8171703117258161,-0.5507594853854677,0.686849137250613,0.0,P01 falling | P02 streak 4 | P04 multi-day quotation | P07 price percentile 0.00,Crude | Currency | Geopolitics | Supply and demand,HORMUZ_RECOVERY,"Pattern confidence is detection confidence, not validated predictive probability.",Operational minimum: objective improvement is below action threshold,0.0,False,NO PURCHASE,"External intelligence did not materially change the operational recommendation. Main external drivers: Crude, Currency, Geopolitics, Supply and demand."
2026-06-20,368319,Verde,0.0,0.0,3.0,Operational minimum required to cover demand until the next observed quotation,0.0,0.0,13.0,Operational minimum selected,0.0,0.0,13.0,0.0,0.0,-0.3673036093418258,-0.8127016578978277,-0.5604808836371872,0.7166039724427183,0.0,P01 falling | P02 streak 4 | P04 multi-day quotation | P07 price percentile 0.00,Crude | Currency | Geopolitics | Supply and demand,HORMUZ_RECOVERY,"Pattern confidence is detection confidence, not validated predictive probability.",Operational minimum: objective improvement is below action threshold,0.0,False,NO PURCHASE,"External intelligence did not materially change the operational recommendation. Main external drivers: Crude, Currency, Geopolitics, Supply and demand."
2026-06-20,368320,Diesel,0.0,0.0,3.0,Operational minimum required to cover demand until the next observed quotation,0.0,0.0,14.0,Operational minimum selected,0.0,0.0,14.0,0.0,0.0,-0.3673036093418258,-0.8171703117258161,-0.5507594853854677,0.686849137250613,0.0,P01 falling | P02 streak 4 | P04 multi-day quotation | P07 price percentile 0.00,Crude | Currency | Geopolitics | Supply and demand,HORMUZ_RECOVERY,"Pattern confidence is detection confidence, not validated predictive probability.",Operational minimum: objective improvement is below action threshold,0.0,False,NO PURCHASE,"External intelligence did not materially change the operational recommendation. Main external drivers: Crude, Currency, Geopolitics, Supply and demand."
2026-06-20,368320,Verde,0.0,0.0,3.0,Operational minimum required to cover demand until the next observed quotation,0.0,0.0,13.0,Operational minimum selected,0.0,0.0,13.0,0.0,0.0,-0.3673036093418258,-0.8127016578978277,-0.5604808836371872,0.7166039724427183,0.0,P01 falling | P02 streak 4 | P04 multi-day quotation | P07 price percentile 0.00,Crude | Currency | Geopolitics | Supply and demand,HORMUZ_RECOVERY,"Pattern confidence is detection confidence, not validated predictive probability.",Operational minimum: objective improvement is below action threshold,0.0,False,NO PURCHASE,"External intelligence did not materially change the operational recommendation. Main external drivers: Crude, Currency, Geopolitics, Supply and demand."
2026-06-20,368321,Diesel,0.0,0.0,3.0,Operational minimum required to cover demand until the next observed quotation,0.0,0.0,14.0,Operational minimum selected,0.0,0.0,14.0,0.0,0.0,-0.3673036093418258,-0.8171703117258161,-0.5507594853854677,0.686849137250613,0.0,P01 falling | P02 streak 4 | P04 multi-day quotation | P07 price percentile 0.00,Crude | Currency | Geopolitics | Supply and demand,HORMUZ_RECOVERY,"Pattern confidence is detection confidence, not validated predictive probability.",Operational minimum: objective improvement is below action threshold,0.0,False,NO PURCHASE,"External intelligence did not materially change the operational recommendation. Main external drivers: Crude, Currency, Geopolitics, Supply and demand."
2026-06-20,368321,Verde,0.0,0.0,3.0,Operational minimum required to cover demand until the next observed quotation,0.0,0.0,14.0,Operational minimum selected,0.0,0.0,14.0,0.0,0.0,-0.3673036093418258,-0.8127016578978277,-0.5604808836371872,0.7166039724427183,0.0,P01 falling | P02 streak 4 | P04 multi-day quotation | P07 price percentile 0.00,Crude | Currency | Geopolitics | Supply and demand,HORMUZ_RECOVERY,"Pattern confidence is detection confidence, not validated predictive probability.",Operational minimum: objective improvement is below action threshold,0.0,False,NO PURCHASE,"External intelligence did not materially change the operational recommendation. Main external drivers: Crude, Currency, Geopolitics, Supply and demand."
2026-06-20,368322,Diesel,0.0,0.0,3.0,Operational minimum required to cover demand until the next observed quotation,0.0,0.0,14.0,Operational minimum selected,0.0,0.0,14.0,0.0,0.0,-0.3673036093418258,-0.8171703117258161,-0.5507594853854677,0.686849137250613,0.0,P01 falling | P02 streak 4 | P04 multi-day quotation | P07 price percentile 0.00,Crude | Currency | Geopolitics | Supply and demand,HORMUZ_RECOVERY,"Pattern confidence is detection confidence, not validated predictive probability.",Operational minimum: objective improvement is below action threshold,0.0,False,NO PURCHASE,"External intelligence did not materially change the operational recommendation. Main external drivers: Crude, Currency, Geopolitics, Supply and demand."
2026-06-20,368322,Verde,0.0,0.0,3.0,Operational minimum required to cover demand until the next observed quotation,0.0,0.0,14.0,Operational minimum selected,0.0,0.0,14.0,0.0,0.0,-0.3673036093418258,-0.8127016578978277,-0.5604808836371872,0.7166039724427183,0.0,P01 falling | P02 streak 4 | P04 multi-day quotation | P07 price percentile 0.00,Crude | Currency | Geopolitics | Supply and demand,HORMUZ_RECOVERY,"Pattern confidence is detection confidence, not validated predictive probability.",Operational minimum: objective improvement is below action threshold,0.0,False,NO PURCHASE,"External intelligence did not materially change the operational recommendation. Main external drivers: Crude, Currency, Geopolitics, Supply and demand."
2026-06-23,368318,Diesel,0.0,0.0,1.0,Operational minimum required to cover demand until the next observed quotation,12630.96461,17999.12456925,14.0,Lowest robust expected-cost volume,23390.952681,33332.107570424996,14.0,0.0,23390.952681,0.22190201729106634,-0.2808101515165389,0.06603019707853247,0.43392327827458477,205.54938442070124,P01 falling | P02 streak 1 | P07 price percentile 0.13,Crude | Currency,,"Pattern confidence is detection confidence, not validated predictive probability. | Internal and external evidence disagree; discretionary volume is penalised.",Combined internal/external robust objective supports advance purchase,10759.988070999998,True,BUY MORE,"Buy 10,760 L more because the combined internal and external scenario favoured advancing a future purchase. Modelled expected advantage: €205.55. Main external drivers: Crude, Currency."
2026-06-23,368318,Verde,0.0,0.0,1.0,Operational minimum required to cover demand until the next observed quotation,7247.950875,9842.717288250002,14.0,Lowest robust expected-cost volume,14966.747871,20324.843608818002,14.0,0.0,14966.747871,0.8854625550660765,-0.22237535985369242,0.4899534337093434,0.4687521276415037,253.006558828165,P02 streak 1 | P07 price percentile 0.11,Crude | Currency,,"Pattern confidence is detection confidence, not validated predictive probability. | Internal and external evidence disagree; discretionary volume is penalised.",Combined internal/external robust objective supports advance purchase,7718.796995999999,True,BUY MORE,"Buy 7,719 L more because the combined internal and external scenario favoured advancing a future purchase. Modelled expected advantage: €253.01. Main external drivers: Crude, Currency."
2026-06-23,368319,Diesel,0.0,0.0,1.0,Operational minimum required to cover demand until the next observed quotation,0.0,0.0,14.0,Operational minimum selected,0.0,0.0,14.0,0.0,0.0,0.22190201729106634,-0.2808101515165389,0.06603019707853247,0.43392327827458477,0.0,P01 falling | P02 streak 1 | P07 price percentile 0.13,Crude | Currency,,"Pattern confidence is detection confidence, not validated predictive probability. | Internal and external evidence disagree; discretionary volume is penalised.",Operational minimum: objective improvement is below action threshold,0.0,False,NO PURCHASE,"External intelligence did not materially change the operational recommendation. Main external drivers: Crude, Currency."
2026-06-23,368319,Verde,0.0,0.0,1.0,Operational minimum required to cover demand until the next observed quotation,1843.865351,2503.969146658,14.0,Lowest robust expected-cost volume,1843.865351,2503.969146658,14.0,0.0,1843.865351,0.8854625550660765,-0.22237535985369242,0.4899534337093434,0.4687521276415037,61.314301914479074,P02 streak 1 | P07 price percentile 0.11,Crude | Currency,,"Pattern confidence is detection confidence, not validated predictive probability. | Internal and external evidence disagree; discretionary volume is penalised.",Combined internal/external robust objective supports advance purchase,0.0,False,NO CHANGE,"External intelligence did not materially change the operational recommendation. Main external drivers: Crude, Currency."
2026-06-23,368320,Diesel,0.0,0.0,1.0,Operational minimum required to cover demand until the next observed quotation,0.0,0.0,14.0,Operational minimum selected,0.0,0.0,14.0,0.0,0.0,0.22190201729106634,-0.2808101515165389,0.06603019707853247,0.43392327827458477,0.0,P01 falling | P02 streak 1 | P07 price percentile 0.13,Crude | Currency,,"Pattern confidence is detection confidence, not validated predictive probability. | Internal and external evidence disagree; discretionary volume is penalised.",Operational minimum: objective improvement is below action threshold,0.0,False,NO PURCHASE,"External intelligence did not materially change the operational recommendation. Main external drivers: Crude, Currency."
2026-06-23,368320,Verde,0.0,0.0,1.0,Operational minimum required to cover demand until the next observed quotation,2536.853075,3445.04647585,14.0,Lowest robust expected-cost volume,2536.853075,3445.04647585,14.0,0.0,2536.853075,0.8854625550660765,-0.22237535985369242,0.4899534337093434,0.4687521276415037,87.77006949181214,P02 streak 1 | P07 price percentile 0.11,Crude | Currency,,"Pattern confidence is detection confidence, not validated predictive probability. | Internal and external evidence disagree; discretionary volume is penalised.",Combined internal/external robust objective supports advance purchase,0.0,False,NO CHANGE,"External intelligence did not materially change the operational recommendation. Main external drivers: Crude, Currency."
2026-06-23,368321,Diesel,0.0,0.0,1.0,Operational minimum required to cover demand until the next observed quotation,357.934944,510.0572952,14.0,Lowest robust expected-cost volume,357.934944,510.0572952,14.0,0.0,357.934944,0.22190201729106634,-0.2808101515165389,0.06603019707853247,0.43392327827458477,6.3495168971003295,P01 falling | P02 streak 1 | P07 price percentile 0.13,Crude | Currency,,"Pattern confidence is detection confidence, not validated predictive probability. | Internal and external evidence disagree; discretionary volume is penalised.",Combined internal/external robust objective supports advance purchase,0.0,False,NO CHANGE,"External intelligence did not materially change the operational recommendation. Main external drivers: Crude, Currency."
2026-06-23,368321,Verde,0.0,0.0,1.0,Operational minimum required to cover demand until the next observed quotation,0.0,0.0,14.0,Operational minimum selected,0.0,0.0,14.0,0.0,0.0,0.8854625550660765,-0.22237535985369242,0.4899534337093434,0.4687521276415037,0.0,P02 streak 1 | P07 price percentile 0.11,Crude | Currency,,"Pattern confidence is detection confidence, not validated predictive probability. | Internal and external evidence disagree; discretionary volume is penalised.",Operational minimum: objective improvement is below action threshold,0.0,False,NO PURCHASE,"External intelligence did not materially change the operational recommendation. Main external drivers: Crude, Currency."
2026-06-23,368322,Diesel,0.0,0.0,1.0,Operational minimum required to cover demand until the next observed quotation,0.0,0.0,14.0,Operational minimum selected,0.0,0.0,14.0,0.0,0.0,0.22190201729106634,-0.2808101515165389,0.06603019707853247,0.43392327827458477,0.0,P01 falling | P02 streak 1 | P07 price percentile 0.13,Crude | Currency,,"Pattern confidence is detection confidence, not validated predictive probability. | Internal and external evidence disagree; discretionary volume is penalised.",Operational minimum: objective improvement is below action threshold,0.0,False,NO PURCHASE,"External intelligence did not materially change the operational recommendation. Main external drivers: Crude, Currency."
2026-06-23,368322,Verde,0.0,0.0,1.0,Operational minimum required to cover demand until the next observed quotation,0.0,0.0,14.0,Operational minimum selected,0.0,0.0,14.0,0.0,0.0,0.8854625550660765,-0.22237535985369242,0.4899534337093434,0.4687521276415037,0.0,P02 streak 1 | P07 price percentile 0.11,Crude | Currency,,"Pattern confidence is detection confidence, not validated predictive probability. | Internal and external evidence disagree; discretionary volume is penalised.",Operational minimum: objective improvement is below action threshold,0.0,False,NO PURCHASE,"External intelligence did not materially change the operational recommendation. Main external drivers: Crude, Currency."
2026-06-24,368318,Diesel,0.0,0.0,1.0,Operational minimum required to cover demand until the next observed quotation,1932.686284,2767.606758688,14.0,Lowest robust expected-cost volume,1932.686284,2767.606758688,14.0,0.0,1932.686284,0.8610354223433253,-0.9147853620134793,0.09989855379939788,0.43741879367691416,195.36594105052245,P01 rising | P02 streak 2 | P07 price percentile 0.22,Crude | Currency | Supply,IRAN_SUPPLY_ACCESS,"Pattern confidence is detection confidence, not validated predictive probability. | Internal and external evidence disagree; discretionary volume is penalised.",Combined internal/external robust objective supports advance purchase,0.0,False,NO CHANGE,"External intelligence did not materially change the operational recommendation. Main external drivers: Crude, Currency, Supply."
2026-06-24,368318,Verde,540.9642916811251,740.0391510197792,1.0,Operational minimum required to cover demand until the next observed quotation,1074.298416,1469.6402330880003,14.0,Lowest robust expected-cost volume,1074.298416,1469.6402330880003,14.0,0.0,1074.298416,0.7874659400544938,-0.9179486038449856,0.0102638555670022,0.4825033200816319,61.52236570867876,P01 rising | P02 streak 2 | P07 price percentile 0.33,Crude | Currency | Supply,IRAN_SUPPLY_ACCESS,"Pattern confidence is detection confidence, not validated predictive probability. | Internal and external evidence disagree; discretionary volume is penalised.",Combined internal/external robust objective supports advance purchase,0.0,False,NO CHANGE,"External intelligence did not materially change the operational recommendation. Main external drivers: Crude, Currency, Supply."
2026-06-24,368319,Diesel,0.0,0.0,1.0,Operational minimum required to cover demand until the next observed quotation,0.0,0.0,14.0,Operational minimum selected,0.0,0.0,14.0,0.0,0.0,0.8610354223433253,-0.9147853620134793,0.09989855379939788,0.43741879367691416,0.0,P01 rising | P02 streak 2 | P07 price percentile 0.22,Crude | Currency | Supply,IRAN_SUPPLY_ACCESS,"Pattern confidence is detection confidence, not validated predictive probability. | Internal and external evidence disagree; discretionary volume is penalised.",Operational minimum: objective improvement is below action threshold,0.0,False,NO PURCHASE,"External intelligence did not materially change the operational recommendation. Main external drivers: Crude, Currency, Supply."
2026-06-24,368319,Verde,0.0,0.0,1.0,Operational minimum required to cover demand until the next observed quotation,381.182991,521.458331688,14.0,Lowest robust expected-cost volume,381.182991,521.458331688,14.0,0.0,381.182991,0.7874659400544938,-0.9179486038449856,0.0102638555670022,0.4825033200816319,21.925057034033557,P01 rising | P02 streak 2 | P07 price percentile 0.33,Crude | Currency | Supply,IRAN_SUPPLY_ACCESS,"Pattern confidence is detection confidence, not validated predictive probability. | Internal and external evidence disagree; discretionary volume is penalised.",Combined internal/external robust objective supports advance purchase,0.0,False,NO CHANGE,"External intelligence did not materially change the operational recommendation. Main external drivers: Crude, Currency, Supply."
2026-06-24,368320,Diesel,0.0,0.0,1.0,Operational minimum required to cover demand until the next observed quotation,0.0,0.0,14.0,Operational minimum selected,0.0,0.0,14.0,0.0,0.0,0.8610354223433253,-0.9147853620134793,0.09989855379939788,0.43741879367691416,0.0,P01 rising | P02 streak 2 | P07 price percentile 0.22,Crude | Currency | Supply,IRAN_SUPPLY_ACCESS,"Pattern confidence is detection confidence, not validated predictive probability. | Internal and external evidence disagree; discretionary volume is penalised.",Operational minimum: objective improvement is below action threshold,0.0,False,NO PURCHASE,"External intelligence did not materially change the operational recommendation. Main external drivers: Crude, Currency, Supply."
2026-06-24,368320,Verde,0.0,0.0,1.0,Operational minimum required to cover demand until the next observed quotation,696.647485,953.01375948,14.0,Lowest robust expected-cost volume,696.647485,953.01375948,14.0,0.0,696.647485,0.7874659400544938,-0.9179486038449856,0.0102638555670022,0.4825033200816319,39.931877809341586,P01 rising | P02 streak 2 | P07 price percentile 0.33,Crude | Currency | Supply,IRAN_SUPPLY_ACCESS,"Pattern confidence is detection confidence, not validated predictive probability. | Internal and external evidence disagree; discretionary volume is penalised.",Combined internal/external robust objective supports advance purchase,0.0,False,NO CHANGE,"External intelligence did not materially change the operational recommendation. Main external drivers: Crude, Currency, Supply."
2026-06-24,368321,Diesel,0.0,0.0,1.0,Operational minimum required to cover demand until the next observed quotation,477.596563,683.918278216,14.0,Lowest robust expected-cost volume,477.596563,683.918278216,14.0,0.0,477.596563,0.8610354223433253,-0.9147853620134793,0.09989855379939788,0.43741879367691416,48.09464179263421,P01 rising | P02 streak 2 | P07 price percentile 0.22,Crude | Currency | Supply,IRAN_SUPPLY_ACCESS,"Pattern confidence is detection confidence, not validated predictive probability. | Internal and external evidence disagree; discretionary volume is penalised.",Combined internal/external robust objective supports advance purchase,0.0,False,NO CHANGE,"External intelligence did not materially change the operational recommendation. Main external drivers: Crude, Currency, Supply."
2026-06-24,368321,Verde,0.0,0.0,1.0,Operational minimum required to cover demand until the next observed quotation,0.0,0.0,14.0,Operational minimum selected,0.0,0.0,14.0,0.0,0.0,0.7874659400544938,-0.9179486038449856,0.0102638555670022,0.4825033200816319,0.0,P01 rising | P02 streak 2 | P07 price percentile 0.33,Crude | Currency | Supply,IRAN_SUPPLY_ACCESS,"Pattern confidence is detection confidence, not validated predictive probability. | Internal and external evidence disagree; discretionary volume is penalised.",Operational minimum: objective improvement is below action threshold,0.0,False,NO PURCHASE,"External intelligence did not materially change the operational recommendation. Main external drivers: Crude, Currency, Supply."
2026-06-24,368322,Diesel,0.0,0.0,1.0,Operational minimum required to cover demand until the next observed quotation,0.0,0.0,14.0,Operational minimum selected,0.0,0.0,14.0,0.0,0.0,0.8610354223433253,-0.9147853620134793,0.09989855379939788,0.43741879367691416,0.0,P01 rising | P02 streak 2 | P07 price percentile 0.22,Crude | Currency | Supply,IRAN_SUPPLY_ACCESS,"Pattern confidence is detection confidence, not validated predictive probability. | Internal and external evidence disagree; discretionary volume is penalised.",Operational minimum: objective improvement is below action threshold,0.0,False,NO PURCHASE,"External intelligence did not materially change the operational recommendation. Main external drivers: Crude, Currency, Supply."
2026-06-24,368322,Verde,0.0,0.0,1.0,Operational minimum required to cover demand until the next observed quotation,247.173466,338.13330148800003,14.0,Lowest robust expected-cost volume,247.173466,338.13330148800003,14.0,0.0,247.173466,0.7874659400544938,-0.9179486038449856,0.0102638555670022,0.4825033200816319,14.397233145193866,P01 rising | P02 streak 2 | P07 price percentile 0.33,Crude | Currency | Supply,IRAN_SUPPLY_ACCESS,"Pattern confidence is detection confidence, not validated predictive probability. | Internal and external evidence disagree; discretionary volume is penalised.",Combined internal/external robust objective supports advance purchase,0.0,False,NO CHANGE,"External intelligence did not materially change the operational recommendation. Main external drivers: Crude, Currency, Supply."
2026-06-25,368318,Diesel,607.7006370466993,875.0889173472469,1.0,Operational minimum required to cover demand until the next observed quotation,2057.076324,2962.18990656,14.0,Lowest robust expected-cost volume,2057.076324,2962.18990656,14.0,0.0,2057.076324,0.8062015503875977,-0.7147401144508059,0.035020322234802705,0.6008610435178003,201.62008571133947,P01 rising | P02 streak 3 | P07 price percentile 0.32,Crude | Currency | Logistics | Refined product | Supply,HORMUZ_RECOVERY | IRAN_SUPPLY_ACCESS,"Pattern confidence is detection confidence, not validated predictive probability. | Internal and external evidence disagree; discretionary volume is penalised.",Combined internal/external robust objective supports advance purchase,0.0,False,NO CHANGE,"External intelligence did not materially change the operational recommendation. Main external drivers: Crude, Currency, Logistics, Refined product, Supply."
2026-06-25,368318,Verde,1307.9383526108647,1797.1072964873283,1.0,Operational minimum required to cover demand until the next observed quotation,1144.416585,1572.42838779,14.0,Lowest robust expected-cost volume,1144.416585,1572.42838779,14.0,0.0,1144.416585,0.7178294573643389,-0.8610511442010164,-0.04819587397900186,0.5686431676902838,64.82381012108499,P01 rising | P02 streak 3 | P07 price percentile 0.47,Crude | Currency | Logistics | Supply,HORMUZ_RECOVERY | IRAN_SUPPLY_ACCESS,"Pattern confidence is detection confidence, not validated predictive probability. | Internal and external evidence disagree; discretionary volume is penalised.",Combined internal/external robust objective supports advance purchase,0.0,False,NO CHANGE,"External intelligence did not materially change the operational recommendation. Main external drivers: Crude, Currency, Logistics, Supply."
2026-06-25,368319,Diesel,0.0,0.0,1.0,Operational minimum required to cover demand until the next observed quotation,0.0,0.0,14.0,Operational minimum selected,0.0,0.0,14.0,0.0,0.0,0.8062015503875977,-0.7147401144508059,0.035020322234802705,0.6008610435178003,0.0,P01 rising | P02 streak 3 | P07 price percentile 0.32,Crude | Currency | Logistics | Refined product | Supply,HORMUZ_RECOVERY | IRAN_SUPPLY_ACCESS,"Pattern confidence is detection confidence, not validated predictive probability. | Internal and external evidence disagree; discretionary volume is penalised.",Operational minimum: objective improvement is below action threshold,0.0,False,NO PURCHASE,"External intelligence did not materially change the operational recommendation. Main external drivers: Crude, Currency, Logistics, Refined product, Supply."
2026-06-25,368319,Verde,0.0,0.0,1.0,Operational minimum required to cover demand until the next observed quotation,440.13642,604.74744108,14.0,Lowest robust expected-cost volume,440.13642,604.74744108,14.0,0.0,440.13642,0.7178294573643389,-0.8610511442010164,-0.04819587397900186,0.5686431676902838,24.9595341385359,P01 rising | P02 streak 3 | P07 price percentile 0.47,Crude | Currency | Logistics | Supply,HORMUZ_RECOVERY | IRAN_SUPPLY_ACCESS,"Pattern confidence is detection confidence, not validated predictive probability. | Internal and external evidence disagree; discretionary volume is penalised.",Combined internal/external robust objective supports advance purchase,0.0,False,NO CHANGE,"External intelligence did not materially change the operational recommendation. Main external drivers: Crude, Currency, Logistics, Supply."
2026-06-25,368320,Diesel,0.0,0.0,1.0,Operational minimum required to cover demand until the next observed quotation,0.0,0.0,14.0,Operational minimum selected,0.0,0.0,14.0,0.0,0.0,0.8062015503875977,-0.7147401144508059,0.035020322234802705,0.6008610435178003,0.0,P01 rising | P02 streak 3 | P07 price percentile 0.32,Crude | Currency | Logistics | Refined product | Supply,HORMUZ_RECOVERY | IRAN_SUPPLY_ACCESS,"Pattern confidence is detection confidence, not validated predictive probability. | Internal and external evidence disagree; discretionary volume is penalised.",Operational minimum: objective improvement is below action threshold,0.0,False,NO PURCHASE,"External intelligence did not materially change the operational recommendation. Main external drivers: Crude, Currency, Logistics, Refined product, Supply."
2026-06-25,368320,Verde,0.0,0.0,1.0,Operational minimum required to cover demand until the next observed quotation,819.948421,1126.6091304540003,14.0,Lowest robust expected-cost volume,819.948421,1126.6091304540003,14.0,0.0,819.948421,0.7178294573643389,-0.8610511442010164,-0.04819587397900186,0.5686431676902838,46.26724050124653,P01 rising | P02 streak 3 | P07 price percentile 0.47,Crude | Currency | Logistics | Supply,HORMUZ_RECOVERY | IRAN_SUPPLY_ACCESS,"Pattern confidence is detection confidence, not validated predictive probability. | Internal and external evidence disagree; discretionary volume is penalised.",Combined internal/external robust objective supports advance purchase,0.0,False,NO CHANGE,"External intelligence did not materially change the operational recommendation. Main external drivers: Crude, Currency, Logistics, Supply."
2026-06-25,368321,Diesel,0.0,0.0,1.0,Operational minimum required to cover demand until the next observed quotation,477.942444,688.23711936,14.0,Lowest robust expected-cost volume,477.942444,688.23711936,14.0,0.0,477.942444,0.8062015503875977,-0.7147401144508059,0.035020322234802705,0.6008610435178003,46.80080079939853,P01 rising | P02 streak 3 | P07 price percentile 0.32,Crude | Currency | Logistics | Refined product | Supply,HORMUZ_RECOVERY | IRAN_SUPPLY_ACCESS,"Pattern confidence is detection confidence, not validated predictive probability. | Internal and external evidence disagree; discretionary volume is penalised.",Combined internal/external robust objective supports advance purchase,0.0,False,NO CHANGE,"External intelligence did not materially change the operational recommendation. Main external drivers: Crude, Currency, Logistics, Refined product, Supply."
2026-06-25,368321,Verde,0.0,0.0,1.0,Operational minimum required to cover demand until the next observed quotation,0.0,0.0,14.0,Operational minimum selected,0.0,0.0,14.0,0.0,0.0,0.7178294573643389,-0.8610511442010164,-0.04819587397900186,0.5686431676902838,0.0,P01 rising | P02 streak 3 | P07 price percentile 0.47,Crude | Currency | Logistics | Supply,HORMUZ_RECOVERY | IRAN_SUPPLY_ACCESS,"Pattern confidence is detection confidence, not validated predictive probability. | Internal and external evidence disagree; discretionary volume is penalised.",Operational minimum: objective improvement is below action threshold,0.0,False,NO PURCHASE,"External intelligence did not materially change the operational recommendation. Main external drivers: Crude, Currency, Logistics, Supply."
2026-06-25,368322,Diesel,0.0,0.0,1.0,Operational minimum required to cover demand until the next observed quotation,0.0,0.0,14.0,Operational minimum selected,0.0,0.0,14.0,0.0,0.0,0.8062015503875977,-0.7147401144508059,0.035020322234802705,0.6008610435178003,0.0,P01 rising | P02 streak 3 | P07 price percentile 0.32,Crude | Currency | Logistics | Refined product | Supply,HORMUZ_RECOVERY | IRAN_SUPPLY_ACCESS,"Pattern confidence is detection confidence, not validated predictive probability. | Internal and external evidence disagree; discretionary volume is penalised.",Operational minimum: objective improvement is below action threshold,0.0,False,NO PURCHASE,"External intelligence did not materially change the operational recommendation. Main external drivers: Crude, Currency, Logistics, Refined product, Supply."
2026-06-25,368322,Verde,0.0,0.0,1.0,Operational minimum required to cover demand until the next observed quotation,503.395308,691.665153192,14.0,Lowest robust expected-cost volume,503.395308,691.665153192,14.0,0.0,503.395308,0.7178294573643389,-0.8610511442010164,-0.04819587397900186,0.5686431676902838,28.294376201968817,P01 rising | P02 streak 3 | P07 price percentile 0.47,Crude | Currency | Logistics | Supply,HORMUZ_RECOVERY | IRAN_SUPPLY_ACCESS,"Pattern confidence is detection confidence, not validated predictive probability. | Internal and external evidence disagree; discretionary volume is penalised.",Combined internal/external robust objective supports advance purchase,0.0,False,NO CHANGE,"External intelligence did not materially change the operational recommendation. Main external drivers: Crude, Currency, Logistics, Supply."
2026-06-26,368318,Diesel,2248.1101815052966,3253.0154326381644,1.0,Operational minimum required to cover demand until the next observed quotation,0.0,0.0,13.0,Operational minimum selected,0.0,0.0,13.0,0.0,0.0,0.7641277641277642,-0.29349188619157035,0.25057589585617235,0.6897075729181187,0.0,P01 rising | P02 streak 4 | P07 price percentile 0.41,Crude | Currency | Logistics | Refined product | Supply,HORMUZ_RECOVERY | IRAN_SUPPLY_ACCESS,"Pattern confidence is detection confidence, not validated predictive probability. | Internal and external evidence disagree; discretionary volume is penalised.",Operational minimum: objective improvement is below action threshold,0.0,False,NO PURCHASE,"External intelligence did not materially change the operational recommendation. Main external drivers: Crude, Currency, Logistics, Refined product, Supply."
2026-06-26,368318,Verde,1325.20897042853,1814.2110805166574,1.0,Operational minimum required to cover demand until the next observed quotation,0.0,0.0,13.0,Operational minimum selected,0.0,0.0,13.0,0.0,0.0,-0.33568281938326083,-0.8925324734836192,-0.612345068390985,0.6894164125577751,0.0,P02 streak 1 | P07 price percentile 0.36,Crude | Currency | Logistics | Supply,HORMUZ_RECOVERY | IRAN_SUPPLY_ACCESS,"Pattern confidence is detection confidence, not validated predictive probability.",Operational minimum: objective improvement is below action threshold,0.0,False,NO PURCHASE,"External intelligence did not materially change the operational recommendation. Main external drivers: Crude, Currency, Logistics, Supply."
2026-06-26,368319,Diesel,0.0,0.0,1.0,Operational minimum required to cover demand until the next observed quotation,0.0,0.0,13.0,Operational minimum selected,0.0,0.0,13.0,0.0,0.0,0.7641277641277642,-0.29349188619157035,0.25057589585617235,0.6897075729181187,0.0,P01 rising | P02 streak 4 | P07 price percentile 0.41,Crude | Currency | Logistics | Refined product | Supply,HORMUZ_RECOVERY | IRAN_SUPPLY_ACCESS,"Pattern confidence is detection confidence, not validated predictive probability. | Internal and external evidence disagree; discretionary volume is penalised.",Operational minimum: objective improvement is below action threshold,0.0,False,NO PURCHASE,"External intelligence did not materially change the operational recommendation. Main external drivers: Crude, Currency, Logistics, Refined product, Supply."
2026-06-26,368319,Verde,0.0,0.0,1.0,Operational minimum required to cover demand until the next observed quotation,0.0,0.0,13.0,Operational minimum selected,0.0,0.0,13.0,0.0,0.0,-0.33568281938326083,-0.8925324734836192,-0.612345068390985,0.6894164125577751,0.0,P02 streak 1 | P07 price percentile 0.36,Crude | Currency | Logistics | Supply,HORMUZ_RECOVERY | IRAN_SUPPLY_ACCESS,"Pattern confidence is detection confidence, not validated predictive probability.",Operational minimum: objective improvement is below action threshold,0.0,False,NO PURCHASE,"External intelligence did not materially change the operational recommendation. Main external drivers: Crude, Currency, Logistics, Supply."
2026-06-26,368320,Diesel,0.0,0.0,1.0,Operational minimum required to cover demand until the next observed quotation,0.0,0.0,13.0,Operational minimum selected,0.0,0.0,13.0,0.0,0.0,0.7641277641277642,-0.29349188619157035,0.25057589585617235,0.6897075729181187,0.0,P01 rising | P02 streak 4 | P07 price percentile 0.41,Crude | Currency | Logistics | Refined product | Supply,HORMUZ_RECOVERY | IRAN_SUPPLY_ACCESS,"Pattern confidence is detection confidence, not validated predictive probability. | Internal and external evidence disagree; discretionary volume is penalised.",Operational minimum: objective improvement is below action threshold,0.0,False,NO PURCHASE,"External intelligence did not materially change the operational recommendation. Main external drivers: Crude, Currency, Logistics, Refined product, Supply."
2026-06-26,368320,Verde,0.0,0.0,1.0,Operational minimum required to cover demand until the next observed quotation,0.0,0.0,13.0,Operational minimum selected,0.0,0.0,13.0,0.0,0.0,-0.33568281938326083,-0.8925324734836192,-0.612345068390985,0.6894164125577751,0.0,P02 streak 1 | P07 price percentile 0.36,Crude | Currency | Logistics | Supply,HORMUZ_RECOVERY | IRAN_SUPPLY_ACCESS,"Pattern confidence is detection confidence, not validated predictive probability.",Operational minimum: objective improvement is below action threshold,0.0,False,NO PURCHASE,"External intelligence did not materially change the operational recommendation. Main external drivers: Crude, Currency, Logistics, Supply."
2026-06-26,368321,Diesel,0.0,0.0,1.0,Operational minimum required to cover demand until the next observed quotation,0.0,0.0,13.0,Operational minimum selected,0.0,0.0,13.0,0.0,0.0,0.7641277641277642,-0.29349188619157035,0.25057589585617235,0.6897075729181187,0.0,P01 rising | P02 streak 4 | P07 price percentile 0.41,Crude | Currency | Logistics | Refined product | Supply,HORMUZ_RECOVERY | IRAN_SUPPLY_ACCESS,"Pattern confidence is detection confidence, not validated predictive probability. | Internal and external evidence disagree; discretionary volume is penalised.",Operational minimum: objective improvement is below action threshold,0.0,False,NO PURCHASE,"External intelligence did not materially change the operational recommendation. Main external drivers: Crude, Currency, Logistics, Refined product, Supply."
2026-06-26,368321,Verde,0.0,0.0,1.0,Operational minimum required to cover demand until the next observed quotation,0.0,0.0,13.0,Operational minimum selected,0.0,0.0,13.0,0.0,0.0,-0.33568281938326083,-0.8925324734836192,-0.612345068390985,0.6894164125577751,0.0,P02 streak 1 | P07 price percentile 0.36,Crude | Currency | Logistics | Supply,HORMUZ_RECOVERY | IRAN_SUPPLY_ACCESS,"Pattern confidence is detection confidence, not validated predictive probability.",Operational minimum: objective improvement is below action threshold,0.0,False,NO PURCHASE,"External intelligence did not materially change the operational recommendation. Main external drivers: Crude, Currency, Logistics, Supply."
2026-06-26,368322,Diesel,0.0,0.0,1.0,Operational minimum required to cover demand until the next observed quotation,0.0,0.0,13.0,Operational minimum selected,0.0,0.0,13.0,0.0,0.0,0.7641277641277642,-0.29349188619157035,0.25057589585617235,0.6897075729181187,0.0,P01 rising | P02 streak 4 | P07 price percentile 0.41,Crude | Currency | Logistics | Refined product | Supply,HORMUZ_RECOVERY | IRAN_SUPPLY_ACCESS,"Pattern confidence is detection confidence, not validated predictive probability. | Internal and external evidence disagree; discretionary volume is penalised.",Operational minimum: objective improvement is below action threshold,0.0,False,NO PURCHASE,"External intelligence did not materially change the operational recommendation. Main external drivers: Crude, Currency, Logistics, Refined product, Supply."
2026-06-26,368322,Verde,0.0,0.0,1.0,Operational minimum required to cover demand until the next observed quotation,0.0,0.0,13.0,Operational minimum selected,0.0,0.0,13.0,0.0,0.0,-0.33568281938326083,-0.8925324734836192,-0.612345068390985,0.6894164125577751,0.0,P02 streak 1 | P07 price percentile 0.36,Crude | Currency | Logistics | Supply,HORMUZ_RECOVERY | IRAN_SUPPLY_ACCESS,"Pattern confidence is detection confidence, not validated predictive probability.",Operational minimum: objective improvement is below action threshold,0.0,False,NO PURCHASE,"External intelligence did not materially change the operational recommendation. Main external drivers: Crude, Currency, Logistics, Supply."
2026-06-27,368318,Diesel,5971.490968737746,8718.376814357109,3.0,Operational minimum required to cover demand until the next observed quotation,0.0,0.0,12.0,Operational minimum selected,0.0,0.0,12.0,0.0,0.0,0.586278586278587,-0.31443410161623353,0.17547806102642347,0.6617959797460291,0.0,P01 rising | P02 streak 5 | P04 multi-day quotation | P07 price percentile 0.58,Crude | Currency | Logistics | Refined product,HORMUZ_RECOVERY,"Pattern confidence is detection confidence, not validated predictive probability. | Internal and external evidence disagree; discretionary volume is penalised.",Operational minimum: objective improvement is below action threshold,0.0,False,NO PURCHASE,"External intelligence did not materially change the operational recommendation. Main external drivers: Crude, Currency, Logistics, Refined product."
2026-06-27,368318,Verde,3470.3869660088076,4789.134013092154,3.0,Operational minimum required to cover demand until the next observed quotation,0.0,0.0,12.0,Operational minimum selected,0.0,0.0,12.0,0.0,0.0,0.5026763990267645,-0.2151117349756272,0.17403351166323858,0.5656709012629195,0.0,P01 rising | P02 streak 1 | P04 multi-day quotation | P07 price percentile 0.60,Crude | Currency | Logistics,HORMUZ_RECOVERY,"Pattern confidence is detection confidence, not validated predictive probability. | Internal and external evidence disagree; discretionary volume is penalised.",Operational minimum: objective improvement is below action threshold,0.0,False,NO PURCHASE,"External intelligence did not materially change the operational recommendation. Main external drivers: Crude, Currency, Logistics."
2026-06-27,368319,Diesel,0.0,0.0,3.0,Operational minimum required to cover demand until the next observed quotation,0.0,0.0,12.0,Operational minimum selected,0.0,0.0,12.0,0.0,0.0,0.586278586278587,-0.31443410161623353,0.17547806102642347,0.6617959797460291,0.0,P01 rising | P02 streak 5 | P04 multi-day quotation | P07 price percentile 0.58,Crude | Currency | Logistics | Refined product,HORMUZ_RECOVERY,"Pattern confidence is detection confidence, not validated predictive probability. | Internal and external evidence disagree; discretionary volume is penalised.",Operational minimum: objective improvement is below action threshold,0.0,False,NO PURCHASE,"External intelligence did not materially change the operational recommendation. Main external drivers: Crude, Currency, Logistics, Refined product."
2026-06-27,368319,Verde,0.0,0.0,3.0,Operational minimum required to cover demand until the next observed quotation,0.0,0.0,12.0,Operational minimum selected,0.0,0.0,12.0,0.0,0.0,0.5026763990267645,-0.2151117349756272,0.17403351166323858,0.5656709012629195,0.0,P01 rising | P02 streak 1 | P04 multi-day quotation | P07 price percentile 0.60,Crude | Currency | Logistics,HORMUZ_RECOVERY,"Pattern confidence is detection confidence, not validated predictive probability. | Internal and external evidence disagree; discretionary volume is penalised.",Operational minimum: objective improvement is below action threshold,0.0,False,NO PURCHASE,"External intelligence did not materially change the operational recommendation. Main external drivers: Crude, Currency, Logistics."
2026-06-27,368320,Diesel,0.0,0.0,3.0,Operational minimum required to cover demand until the next observed quotation,0.0,0.0,12.0,Operational minimum selected,0.0,0.0,12.0,0.0,0.0,0.586278586278587,-0.31443410161623353,0.17547806102642347,0.6617959797460291,0.0,P01 rising | P02 streak 5 | P04 multi-day quotation | P07 price percentile 0.58,Crude | Currency | Logistics | Refined product,HORMUZ_RECOVERY,"Pattern confidence is detection confidence, not validated predictive probability. | Internal and external evidence disagree; discretionary volume is penalised.",Operational minimum: objective improvement is below action threshold,0.0,False,NO PURCHASE,"External intelligence did not materially change the operational recommendation. Main external drivers: Crude, Currency, Logistics, Refined product."
2026-06-27,368320,Verde,0.0,0.0,3.0,Operational minimum required to cover demand until the next observed quotation,0.0,0.0,12.0,Operational minimum selected,0.0,0.0,12.0,0.0,0.0,0.5026763990267645,-0.2151117349756272,0.17403351166323858,0.5656709012629195,0.0,P01 rising | P02 streak 1 | P04 multi-day quotation | P07 price percentile 0.60,Crude | Currency | Logistics,HORMUZ_RECOVERY,"Pattern confidence is detection confidence, not validated predictive probability. | Internal and external evidence disagree; discretionary volume is penalised.",Operational minimum: objective improvement is below action threshold,0.0,False,NO PURCHASE,"External intelligence did not materially change the operational recommendation. Main external drivers: Crude, Currency, Logistics."
2026-06-27,368321,Diesel,0.0,0.0,3.0,Operational minimum required to cover demand until the next observed quotation,0.0,0.0,12.0,Operational minimum selected,0.0,0.0,12.0,0.0,0.0,0.586278586278587,-0.31443410161623353,0.17547806102642347,0.6617959797460291,0.0,P01 rising | P02 streak 5 | P04 multi-day quotation | P07 price percentile 0.58,Crude | Currency | Logistics | Refined product,HORMUZ_RECOVERY,"Pattern confidence is detection confidence, not validated predictive probability. | Internal and external evidence disagree; discretionary volume is penalised.",Operational minimum: objective improvement is below action threshold,0.0,False,NO PURCHASE,"External intelligence did not materially change the operational recommendation. Main external drivers: Crude, Currency, Logistics, Refined product."
2026-06-27,368321,Verde,0.0,0.0,3.0,Operational minimum required to cover demand until the next observed quotation,0.0,0.0,12.0,Operational minimum selected,0.0,0.0,12.0,0.0,0.0,0.5026763990267645,-0.2151117349756272,0.17403351166323858,0.5656709012629195,0.0,P01 rising | P02 streak 1 | P04 multi-day quotation | P07 price percentile 0.60,Crude | Currency | Logistics,HORMUZ_RECOVERY,"Pattern confidence is detection confidence, not validated predictive probability. | Internal and external evidence disagree; discretionary volume is penalised.",Operational minimum: objective improvement is below action threshold,0.0,False,NO PURCHASE,"External intelligence did not materially change the operational recommendation. Main external drivers: Crude, Currency, Logistics."
2026-06-27,368322,Diesel,0.0,0.0,3.0,Operational minimum required to cover demand until the next observed quotation,0.0,0.0,12.0,Operational minimum selected,0.0,0.0,12.0,0.0,0.0,0.586278586278587,-0.31443410161623353,0.17547806102642347,0.6617959797460291,0.0,P01 rising | P02 streak 5 | P04 multi-day quotation | P07 price percentile 0.58,Crude | Currency | Logistics | Refined product,HORMUZ_RECOVERY,"Pattern confidence is detection confidence, not validated predictive probability. | Internal and external evidence disagree; discretionary volume is penalised.",Operational minimum: objective improvement is below action threshold,0.0,False,NO PURCHASE,"External intelligence did not materially change the operational recommendation. Main external drivers: Crude, Currency, Logistics, Refined product."
2026-06-27,368322,Verde,0.0,0.0,3.0,Operational minimum required to cover demand until the next observed quotation,0.0,0.0,12.0,Operational minimum selected,0.0,0.0,12.0,0.0,0.0,0.5026763990267645,-0.2151117349756272,0.17403351166323858,0.5656709012629195,0.0,P01 rising | P02 streak 1 | P04 multi-day quotation | P07 price percentile 0.60,Crude | Currency | Logistics,HORMUZ_RECOVERY,"Pattern confidence is detection confidence, not validated predictive probability. | Internal and external evidence disagree; discretionary volume is penalised.",Operational minimum: objective improvement is below action threshold,0.0,False,NO PURCHASE,"External intelligence did not materially change the operational recommendation. Main external drivers: Crude, Currency, Logistics."
2026-06-30,368318,Diesel,1932.6862839246212,2841.0488373691933,1.0,Operational minimum required to cover demand until the next observed quotation,0.0,0.0,9.0,Operational minimum selected,0.0,0.0,9.0,0.0,0.0,0.6043165467625907,0.201800311384165,0.43945372003844,0.687784521546282,0.0,P01 rising | P02 streak 6 | P07 price percentile 0.71,Crude | Currency | Refined product,,"Pattern confidence is detection confidence, not validated predictive probability.",Operational minimum: objective improvement is below action threshold,0.0,False,NO PURCHASE,"External intelligence did not materially change the operational recommendation. Main external drivers: Crude, Currency, Refined product."
2026-06-30,368318,Verde,1074.2984155011095,1492.2004991310412,1.0,Operational minimum required to cover demand until the next observed quotation,0.0,0.0,9.0,Operational minimum selected,0.0,0.0,9.0,0.0,0.0,0.489918256130789,-0.3123913184974031,0.21336473593882974,0.46908226924609486,0.0,P01 rising | P02 streak 2 | P07 price percentile 0.80,Crude | Currency,,"Pattern confidence is detection confidence, not validated predictive probability. | Internal and external evidence disagree; discretionary volume is penalised.",Operational minimum: objective improvement is below action threshold,0.0,False,NO PURCHASE,"External intelligence did not materially change the operational recommendation. Main external drivers: Crude, Currency."
2026-06-30,368319,Diesel,0.0,0.0,1.0,Operational minimum required to cover demand until the next observed quotation,0.0,0.0,9.0,Operational minimum selected,0.0,0.0,9.0,0.0,0.0,0.6043165467625907,0.201800311384165,0.43945372003844,0.687784521546282,0.0,P01 rising | P02 streak 6 | P07 price percentile 0.71,Crude | Currency | Refined product,,"Pattern confidence is detection confidence, not validated predictive probability.",Operational minimum: objective improvement is below action threshold,0.0,False,NO PURCHASE,"External intelligence did not materially change the operational recommendation. Main external drivers: Crude, Currency, Refined product."
2026-06-30,368319,Verde,0.0,0.0,1.0,Operational minimum required to cover demand until the next observed quotation,0.0,0.0,9.0,Operational minimum selected,0.0,0.0,9.0,0.0,0.0,0.489918256130789,-0.3123913184974031,0.21336473593882974,0.46908226924609486,0.0,P01 rising | P02 streak 2 | P07 price percentile 0.80,Crude | Currency,,"Pattern confidence is detection confidence, not validated predictive probability. | Internal and external evidence disagree; discretionary volume is penalised.",Operational minimum: objective improvement is below action threshold,0.0,False,NO PURCHASE,"External intelligence did not materially change the operational recommendation. Main external drivers: Crude, Currency."
2026-06-30,368320,Diesel,0.0,0.0,1.0,Operational minimum required to cover demand until the next observed quotation,0.0,0.0,9.0,Operational minimum selected,0.0,0.0,9.0,0.0,0.0,0.6043165467625907,0.201800311384165,0.43945372003844,0.687784521546282,0.0,P01 rising | P02 streak 6 | P07 price percentile 0.71,Crude | Currency | Refined product,,"Pattern confidence is detection confidence, not validated predictive probability.",Operational minimum: objective improvement is below action threshold,0.0,False,NO PURCHASE,"External intelligence did not materially change the operational recommendation. Main external drivers: Crude, Currency, Refined product."
2026-06-30,368320,Verde,0.0,0.0,1.0,Operational minimum required to cover demand until the next observed quotation,0.0,0.0,9.0,Operational minimum selected,0.0,0.0,9.0,0.0,0.0,0.489918256130789,-0.3123913184974031,0.21336473593882974,0.46908226924609486,0.0,P01 rising | P02 streak 2 | P07 price percentile 0.80,Crude | Currency,,"Pattern confidence is detection confidence, not validated predictive probability. | Internal and external evidence disagree; discretionary volume is penalised.",Operational minimum: objective improvement is below action threshold,0.0,False,NO PURCHASE,"External intelligence did not materially change the operational recommendation. Main external drivers: Crude, Currency."
2026-06-30,368321,Diesel,0.0,0.0,1.0,Operational minimum required to cover demand until the next observed quotation,0.0,0.0,9.0,Operational minimum selected,0.0,0.0,9.0,0.0,0.0,0.6043165467625907,0.201800311384165,0.43945372003844,0.687784521546282,0.0,P01 rising | P02 streak 6 | P07 price percentile 0.71,Crude | Currency | Refined product,,"Pattern confidence is detection confidence, not validated predictive probability.",Operational minimum: objective improvement is below action threshold,0.0,False,NO PURCHASE,"External intelligence did not materially change the operational recommendation. Main external drivers: Crude, Currency, Refined product."
2026-06-30,368321,Verde,0.0,0.0,1.0,Operational minimum required to cover demand until the next observed quotation,0.0,0.0,9.0,Operational minimum selected,0.0,0.0,9.0,0.0,0.0,0.489918256130789,-0.3123913184974031,0.21336473593882974,0.46908226924609486,0.0,P01 rising | P02 streak 2 | P07 price percentile 0.80,Crude | Currency,,"Pattern confidence is detection confidence, not validated predictive probability. | Internal and external evidence disagree; discretionary volume is penalised.",Operational minimum: objective improvement is below action threshold,0.0,False,NO PURCHASE,"External intelligence did not materially change the operational recommendation. Main external drivers: Crude, Currency."
2026-06-30,368322,Diesel,0.0,0.0,1.0,Operational minimum required to cover demand until the next observed quotation,0.0,0.0,9.0,Operational minimum selected,0.0,0.0,9.0,0.0,0.0,0.6043165467625907,0.201800311384165,0.43945372003844,0.687784521546282,0.0,P01 rising | P02 streak 6 | P07 price percentile 0.71,Crude | Currency | Refined product,,"Pattern confidence is detection confidence, not validated predictive probability.",Operational minimum: objective improvement is below action threshold,0.0,False,NO PURCHASE,"External intelligence did not materially change the operational recommendation. Main external drivers: Crude, Currency, Refined product."
2026-06-30,368322,Verde,0.0,0.0,1.0,Operational minimum required to cover demand until the next observed quotation,0.0,0.0,9.0,Operational minimum selected,0.0,0.0,9.0,0.0,0.0,0.489918256130789,-0.3123913184974031,0.21336473593882974,0.46908226924609486,0.0,P01 rising | P02 streak 2 | P07 price percentile 0.80,Crude | Currency,,"Pattern confidence is detection confidence, not validated predictive probability. | Internal and external evidence disagree; discretionary volume is penalised.",Operational minimum: objective improvement is below action threshold,0.0,False,NO PURCHASE,"External intelligence did not materially change the operational recommendation. Main external drivers: Crude, Currency."
2026-07-01,368318,Diesel,2057.0763236910993,3044.472959062827,1.0,Operational minimum required to cover demand until the next observed quotation,0.0,0.0,8.0,Operational minimum selected,0.0,0.0,8.0,0.0,0.0,0.5323741007194253,0.3057504506406746,0.4363859921325168,0.7143666665421512,0.0,P01 rising | P02 streak 7 | P07 price percentile 0.83,Crude | Currency | Refined product,,"Pattern confidence is detection confidence, not validated predictive probability.",Operational minimum: objective improvement is below action threshold,0.0,False,NO PURCHASE,"External intelligence did not materially change the operational recommendation. Main external drivers: Crude, Currency, Refined product."
2026-07-01,368318,Verde,1144.416585815352,1601.0388035556773,1.0,Operational minimum required to cover demand until the next observed quotation,0.0,0.0,8.0,Operational minimum selected,0.0,0.0,8.0,0.0,0.0,0.39534883720930225,0.15591857845789248,0.3055454963515807,0.6023251549781514,0.0,P01 rising | P02 streak 3 | P07 price percentile 1.00,Crude | Currency,,"Pattern confidence is detection confidence, not validated predictive probability.",Operational minimum: objective improvement is below action threshold,0.0,False,NO PURCHASE,"External intelligence did not materially change the operational recommendation. Main external drivers: Crude, Currency."
2026-07-01,368319,Diesel,0.0,0.0,1.0,Operational minimum required to cover demand until the next observed quotation,0.0,0.0,8.0,Operational minimum selected,0.0,0.0,8.0,0.0,0.0,0.5323741007194253,0.3057504506406746,0.4363859921325168,0.7143666665421512,0.0,P01 rising | P02 streak 7 | P07 price percentile 0.83,Crude | Currency | Refined product,,"Pattern confidence is detection confidence, not validated predictive probability.",Operational minimum: objective improvement is below action threshold,0.0,False,NO PURCHASE,"External intelligence did not materially change the operational recommendation. Main external drivers: Crude, Currency, Refined product."
2026-07-01,368319,Verde,0.0,0.0,1.0,Operational minimum required to cover demand until the next observed quotation,0.0,0.0,8.0,Operational minimum selected,0.0,0.0,8.0,0.0,0.0,0.39534883720930225,0.15591857845789248,0.3055454963515807,0.6023251549781514,0.0,P01 rising | P02 streak 3 | P07 price percentile 1.00,Crude | Currency,,"Pattern confidence is detection confidence, not validated predictive probability.",Operational minimum: objective improvement is below action threshold,0.0,False,NO PURCHASE,"External intelligence did not materially change the operational recommendation. Main external drivers: Crude, Currency."
2026-07-01,368320,Diesel,0.0,0.0,1.0,Operational minimum required to cover demand until the next observed quotation,0.0,0.0,8.0,Operational minimum selected,0.0,0.0,8.0,0.0,0.0,0.5323741007194253,0.3057504506406746,0.4363859921325168,0.7143666665421512,0.0,P01 rising | P02 streak 7 | P07 price percentile 0.83,Crude | Currency | Refined product,,"Pattern confidence is detection confidence, not validated predictive probability.",Operational minimum: objective improvement is below action threshold,0.0,False,NO PURCHASE,"External intelligence did not materially change the operational recommendation. Main external drivers: Crude, Currency, Refined product."
2026-07-01,368320,Verde,0.0,0.0,1.0,Operational minimum required to cover demand until the next observed quotation,0.0,0.0,8.0,Operational minimum selected,0.0,0.0,8.0,0.0,0.0,0.39534883720930225,0.15591857845789248,0.3055454963515807,0.6023251549781514,0.0,P01 rising | P02 streak 3 | P07 price percentile 1.00,Crude | Currency,,"Pattern confidence is detection confidence, not validated predictive probability.",Operational minimum: objective improvement is below action threshold,0.0,False,NO PURCHASE,"External intelligence did not materially change the operational recommendation. Main external drivers: Crude, Currency."
2026-07-01,368321,Diesel,0.0,0.0,1.0,Operational minimum required to cover demand until the next observed quotation,0.0,0.0,8.0,Operational minimum selected,0.0,0.0,8.0,0.0,0.0,0.5323741007194253,0.3057504506406746,0.4363859921325168,0.7143666665421512,0.0,P01 rising | P02 streak 7 | P07 price percentile 0.83,Crude | Currency | Refined product,,"Pattern confidence is detection confidence, not validated predictive probability.",Operational minimum: objective improvement is below action threshold,0.0,False,NO PURCHASE,"External intelligence did not materially change the operational recommendation. Main external drivers: Crude, Currency, Refined product."
2026-07-01,368321,Verde,0.0,0.0,1.0,Operational minimum required to cover demand until the next observed quotation,0.0,0.0,8.0,Operational minimum selected,0.0,0.0,8.0,0.0,0.0,0.39534883720930225,0.15591857845789248,0.3055454963515807,0.6023251549781514,0.0,P01 rising | P02 streak 3 | P07 price percentile 1.00,Crude | Currency,,"Pattern confidence is detection confidence, not validated predictive probability.",Operational minimum: objective improvement is below action threshold,0.0,False,NO PURCHASE,"External intelligence did not materially change the operational recommendation. Main external drivers: Crude, Currency."
2026-07-01,368322,Diesel,0.0,0.0,1.0,Operational minimum required to cover demand until the next observed quotation,0.0,0.0,8.0,Operational minimum selected,0.0,0.0,8.0,0.0,0.0,0.5323741007194253,0.3057504506406746,0.4363859921325168,0.7143666665421512,0.0,P01 rising | P02 streak 7 | P07 price percentile 0.83,Crude | Currency | Refined product,,"Pattern confidence is detection confidence, not validated predictive probability.",Operational minimum: objective improvement is below action threshold,0.0,False,NO PURCHASE,"External intelligence did not materially change the operational recommendation. Main external drivers: Crude, Currency, Refined product."
2026-07-01,368322,Verde,0.0,0.0,1.0,Operational minimum required to cover demand until the next observed quotation,0.0,0.0,8.0,Operational minimum selected,0.0,0.0,8.0,0.0,0.0,0.39534883720930225,0.15591857845789248,0.3055454963515807,0.6023251549781514,0.0,P01 rising | P02 streak 3 | P07 price percentile 1.00,Crude | Currency,,"Pattern confidence is detection confidence, not validated predictive probability.",Operational minimum: objective improvement is below action threshold,0.0,False,NO PURCHASE,"External intelligence did not materially change the operational recommendation. Main external drivers: Crude, Currency."
2026-07-02,368318,Diesel,2354.2871357861077,3507.8878323213003,1.0,Operational minimum required to cover demand until the next observed quotation,0.0,0.0,7.0,Operational minimum selected,0.0,0.0,7.0,0.0,0.0,0.4604316546762598,-0.1689637900906372,0.1938465993415817,0.6499988634599563,0.0,P01 rising | P02 streak 8 | P07 price percentile 0.96,Crude | Currency | Refined product,,"Pattern confidence is detection confidence, not validated predictive probability. | Internal and external evidence disagree; discretionary volume is penalised.",Operational minimum: objective improvement is below action threshold,0.0,False,NO PURCHASE,"External intelligence did not materially change the operational recommendation. Main external drivers: Crude, Currency, Refined product."
2026-07-02,368318,Verde,1307.9383526108647,1841.5772004760975,1.0,Operational minimum required to cover demand until the next observed quotation,0.0,0.0,7.0,Operational minimum selected,0.0,0.0,7.0,0.0,0.0,0.425061425061425,-0.36118432648685744,0.1390987813637758,0.532829765168324,0.0,P01 rising | P02 streak 4 | P07 price percentile 1.00,Crude | Currency,,"Pattern confidence is detection confidence, not validated predictive probability. | Internal and external evidence disagree; discretionary volume is penalised.",Operational minimum: objective improvement is below action threshold,0.0,False,NO PURCHASE,"External intelligence did not materially change the operational recommendation. Main external drivers: Crude, Currency."
2026-07-02,368319,Diesel,0.0,0.0,1.0,Operational minimum required to cover demand until the next observed quotation,0.0,0.0,7.0,Operational minimum selected,0.0,0.0,7.0,0.0,0.0,0.4604316546762598,-0.1689637900906372,0.1938465993415817,0.6499988634599563,0.0,P01 rising | P02 streak 8 | P07 price percentile 0.96,Crude | Currency | Refined product,,"Pattern confidence is detection confidence, not validated predictive probability. | Internal and external evidence disagree; discretionary volume is penalised.",Operational minimum: objective improvement is below action threshold,0.0,False,NO PURCHASE,"External intelligence did not materially change the operational recommendation. Main external drivers: Crude, Currency, Refined product."
2026-07-02,368319,Verde,0.0,0.0,1.0,Operational minimum required to cover demand until the next observed quotation,0.0,0.0,7.0,Operational minimum selected,0.0,0.0,7.0,0.0,0.0,0.425061425061425,-0.36118432648685744,0.1390987813637758,0.532829765168324,0.0,P01 rising | P02 streak 4 | P07 price percentile 1.00,Crude | Currency,,"Pattern confidence is detection confidence, not validated predictive probability. | Internal and external evidence disagree; discretionary volume is penalised.",Operational minimum: objective improvement is below action threshold,0.0,False,NO PURCHASE,"External intelligence did not materially change the operational recommendation. Main external drivers: Crude, Currency."
2026-07-02,368320,Diesel,0.0,0.0,1.0,Operational minimum required to cover demand until the next observed quotation,0.0,0.0,7.0,Operational minimum selected,0.0,0.0,7.0,0.0,0.0,0.4604316546762598,-0.1689637900906372,0.1938465993415817,0.6499988634599563,0.0,P01 rising | P02 streak 8 | P07 price percentile 0.96,Crude | Currency | Refined product,,"Pattern confidence is detection confidence, not validated predictive probability. | Internal and external evidence disagree; discretionary volume is penalised.",Operational minimum: objective improvement is below action threshold,0.0,False,NO PURCHASE,"External intelligence did not materially change the operational recommendation. Main external drivers: Crude, Currency, Refined product."
2026-07-02,368320,Verde,0.0,0.0,1.0,Operational minimum required to cover demand until the next observed quotation,0.0,0.0,7.0,Operational minimum selected,0.0,0.0,7.0,0.0,0.0,0.425061425061425,-0.36118432648685744,0.1390987813637758,0.532829765168324,0.0,P01 rising | P02 streak 4 | P07 price percentile 1.00,Crude | Currency,,"Pattern confidence is detection confidence, not validated predictive probability. | Internal and external evidence disagree; discretionary volume is penalised.",Operational minimum: objective improvement is below action threshold,0.0,False,NO PURCHASE,"External intelligence did not materially change the operational recommendation. Main external drivers: Crude, Currency."
2026-07-02,368321,Diesel,0.0,0.0,1.0,Operational minimum required to cover demand until the next observed quotation,0.0,0.0,7.0,Operational minimum selected,0.0,0.0,7.0,0.0,0.0,0.4604316546762598,-0.1689637900906372,0.1938465993415817,0.6499988634599563,0.0,P01 rising | P02 streak 8 | P07 price percentile 0.96,Crude | Currency | Refined product,,"Pattern confidence is detection confidence, not validated predictive probability. | Internal and external evidence disagree; discretionary volume is penalised.",Operational minimum: objective improvement is below action threshold,0.0,False,NO PURCHASE,"External intelligence did not materially change the operational recommendation. Main external drivers: Crude, Currency, Refined product."
2026-07-02,368321,Verde,0.0,0.0,1.0,Operational minimum required to cover demand until the next observed quotation,0.0,0.0,7.0,Operational minimum selected,0.0,0.0,7.0,0.0,0.0,0.425061425061425,-0.36118432648685744,0.1390987813637758,0.532829765168324,0.0,P01 rising | P02 streak 4 | P07 price percentile 1.00,Crude | Currency,,"Pattern confidence is detection confidence, not validated predictive probability. | Internal and external evidence disagree; discretionary volume is penalised.",Operational minimum: objective improvement is below action threshold,0.0,False,NO PURCHASE,"External intelligence did not materially change the operational recommendation. Main external drivers: Crude, Currency."
2026-07-02,368322,Diesel,0.0,0.0,1.0,Operational minimum required to cover demand until the next observed quotation,0.0,0.0,7.0,Operational minimum selected,0.0,0.0,7.0,0.0,0.0,0.4604316546762598,-0.1689637900906372,0.1938465993415817,0.6499988634599563,0.0,P01 rising | P02 streak 8 | P07 price percentile 0.96,Crude | Currency | Refined product,,"Pattern confidence is detection confidence, not validated predictive probability. | Internal and external evidence disagree; discretionary volume is penalised.",Operational minimum: objective improvement is below action threshold,0.0,False,NO PURCHASE,"External intelligence did not materially change the operational recommendation. Main external drivers: Crude, Currency, Refined product."
2026-07-02,368322,Verde,0.0,0.0,1.0,Operational minimum required to cover demand until the next observed quotation,0.0,0.0,7.0,Operational minimum selected,0.0,0.0,7.0,0.0,0.0,0.425061425061425,-0.36118432648685744,0.1390987813637758,0.532829765168324,0.0,P01 rising | P02 streak 4 | P07 price percentile 1.00,Crude | Currency,,"Pattern confidence is detection confidence, not validated predictive probability. | Internal and external evidence disagree; discretionary volume is penalised.",Operational minimum: objective improvement is below action threshold,0.0,False,NO PURCHASE,"External intelligence did not materially change the operational recommendation. Main external drivers: Crude, Currency."
2026-07-03,368318,Diesel,2248.1101815052966,3367.6690518949345,1.0,Operational minimum required to cover demand until the next observed quotation,0.0,0.0,6.0,Operational minimum selected,0.0,0.0,6.0,0.0,0.0,0.43884892086330934,-0.3376268829810251,0.08120619113316228,0.6632213057090224,0.0,P01 rising | P02 streak 9 | P07 price percentile 1.00,Crude | Currency | Refined product | Supply,GULF_SUPPLY_RECOVERY,"Pattern confidence is detection confidence, not validated predictive probability. | Internal and external evidence disagree; discretionary volume is penalised.",Operational minimum: objective improvement is below action threshold,0.0,False,NO PURCHASE,"External intelligence did not materially change the operational recommendation. Main external drivers: Crude, Currency, Refined product, Supply."
2026-07-03,368318,Verde,1325.20897042853,1868.5446483042272,1.0,Operational minimum required to cover demand until the next observed quotation,0.0,0.0,6.0,Operational minimum selected,0.0,0.0,6.0,0.0,0.0,0.43884892086330934,-0.41892317199464396,0.07715673540328309,0.5977692071484195,0.0,P01 rising | P02 streak 5 | P07 price percentile 1.00,Crude | Currency | Supply,GULF_SUPPLY_RECOVERY,"Pattern confidence is detection confidence, not validated predictive probability. | Internal and external evidence disagree; discretionary volume is penalised.",Operational minimum: objective improvement is below action threshold,0.0,False,NO PURCHASE,"External intelligence did not materially change the operational recommendation. Main external drivers: Crude, Currency, Supply."
2026-07-03,368319,Diesel,0.0,0.0,1.0,Operational minimum required to cover demand until the next observed quotation,0.0,0.0,6.0,Operational minimum selected,0.0,0.0,6.0,0.0,0.0,0.43884892086330934,-0.3376268829810251,0.08120619113316228,0.6632213057090224,0.0,P01 rising | P02 streak 9 | P07 price percentile 1.00,Crude | Currency | Refined product | Supply,GULF_SUPPLY_RECOVERY,"Pattern confidence is detection confidence, not validated predictive probability. | Internal and external evidence disagree; discretionary volume is penalised.",Operational minimum: objective improvement is below action threshold,0.0,False,NO PURCHASE,"External intelligence did not materially change the operational recommendation. Main external drivers: Crude, Currency, Refined product, Supply."
2026-07-03,368319,Verde,505.7093512920869,713.0501853218425,1.0,Operational minimum required to cover demand until the next observed quotation,0.0,0.0,6.0,Operational minimum selected,0.0,0.0,6.0,0.0,0.0,0.43884892086330934,-0.41892317199464396,0.07715673540328309,0.5977692071484195,0.0,P01 rising | P02 streak 5 | P07 price percentile 1.00,Crude | Currency | Supply,GULF_SUPPLY_RECOVERY,"Pattern confidence is detection confidence, not validated predictive probability. | Internal and external evidence disagree; discretionary volume is penalised.",Operational minimum: objective improvement is below action threshold,0.0,False,NO PURCHASE,"External intelligence did not materially change the operational recommendation. Main external drivers: Crude, Currency, Supply."
2026-07-03,368320,Diesel,0.0,0.0,1.0,Operational minimum required to cover demand until the next observed quotation,0.0,0.0,6.0,Operational minimum selected,0.0,0.0,6.0,0.0,0.0,0.43884892086330934,-0.3376268829810251,0.08120619113316228,0.6632213057090224,0.0,P01 rising | P02 streak 9 | P07 price percentile 1.00,Crude | Currency | Refined product | Supply,GULF_SUPPLY_RECOVERY,"Pattern confidence is detection confidence, not validated predictive probability. | Internal and external evidence disagree; discretionary volume is penalised.",Operational minimum: objective improvement is below action threshold,0.0,False,NO PURCHASE,"External intelligence did not materially change the operational recommendation. Main external drivers: Crude, Currency, Refined product, Supply."
2026-07-03,368320,Verde,372.0887612670921,524.6451533865998,1.0,Operational minimum required to cover demand until the next observed quotation,0.0,0.0,6.0,Operational minimum selected,0.0,0.0,6.0,0.0,0.0,0.43884892086330934,-0.41892317199464396,0.07715673540328309,0.5977692071484195,0.0,P01 rising | P02 streak 5 | P07 price percentile 1.00,Crude | Currency | Supply,GULF_SUPPLY_RECOVERY,"Pattern confidence is detection confidence, not validated predictive probability. | Internal and external evidence disagree; discretionary volume is penalised.",Operational minimum: objective improvement is below action threshold,0.0,False,NO PURCHASE,"External intelligence did not materially change the operational recommendation. Main external drivers: Crude, Currency, Supply."
2026-07-03,368321,Diesel,0.0,0.0,1.0,Operational minimum required to cover demand until the next observed quotation,0.0,0.0,6.0,Operational minimum selected,0.0,0.0,6.0,0.0,0.0,0.43884892086330934,-0.3376268829810251,0.08120619113316228,0.6632213057090224,0.0,P01 rising | P02 streak 9 | P07 price percentile 1.00,Crude | Currency | Refined product | Supply,GULF_SUPPLY_RECOVERY,"Pattern confidence is detection confidence, not validated predictive probability. | Internal and external evidence disagree; discretionary volume is penalised.",Operational minimum: objective improvement is below action threshold,0.0,False,NO PURCHASE,"External intelligence did not materially change the operational recommendation. Main external drivers: Crude, Currency, Refined product, Supply."
2026-07-03,368321,Verde,0.0,0.0,1.0,Operational minimum required to cover demand until the next observed quotation,0.0,0.0,6.0,Operational minimum selected,0.0,0.0,6.0,0.0,0.0,0.43884892086330934,-0.41892317199464396,0.07715673540328309,0.5977692071484195,0.0,P01 rising | P02 streak 5 | P07 price percentile 1.00,Crude | Currency | Supply,GULF_SUPPLY_RECOVERY,"Pattern confidence is detection confidence, not validated predictive probability. | Internal and external evidence disagree; discretionary volume is penalised.",Operational minimum: objective improvement is below action threshold,0.0,False,NO PURCHASE,"External intelligence did not materially change the operational recommendation. Main external drivers: Crude, Currency, Supply."
2026-07-03,368322,Diesel,0.0,0.0,1.0,Operational minimum required to cover demand until the next observed quotation,0.0,0.0,6.0,Operational minimum selected,0.0,0.0,6.0,0.0,0.0,0.43884892086330934,-0.3376268829810251,0.08120619113316228,0.6632213057090224,0.0,P01 rising | P02 streak 9 | P07 price percentile 1.00,Crude | Currency | Refined product | Supply,GULF_SUPPLY_RECOVERY,"Pattern confidence is detection confidence, not validated predictive probability. | Internal and external evidence disagree; discretionary volume is penalised.",Operational minimum: objective improvement is below action threshold,0.0,False,NO PURCHASE,"External intelligence did not materially change the operational recommendation. Main external drivers: Crude, Currency, Refined product, Supply."
2026-07-03,368322,Verde,0.0,0.0,1.0,Operational minimum required to cover demand until the next observed quotation,0.0,0.0,6.0,Operational minimum selected,0.0,0.0,6.0,0.0,0.0,0.43884892086330934,-0.41892317199464396,0.07715673540328309,0.5977692071484195,0.0,P01 rising | P02 streak 5 | P07 price percentile 1.00,Crude | Currency | Supply,GULF_SUPPLY_RECOVERY,"Pattern confidence is detection confidence, not validated predictive probability. | Internal and external evidence disagree; discretionary volume is penalised.",Operational minimum: objective improvement is below action threshold,0.0,False,NO PURCHASE,"External intelligence did not materially change the operational recommendation. Main external drivers: Crude, Currency, Supply."
2026-07-04,368318,Diesel,5971.490968737746,8991.930815634983,3.0,Operational minimum required to cover demand until the next observed quotation,0.0,0.0,5.0,Operational minimum selected,0.0,0.0,5.0,0.0,0.0,0.6372093023255813,-0.23869951658734787,0.2366970897652964,0.7376172680896069,0.0,P01 rising | P02 streak 10 | P06 regulatory update | P07 price percentile 1.00,Crude | Currency | Refined product | Supply,GULF_SUPPLY_RECOVERY | OPEC_OUTPUT_INCREASE,"Pattern confidence is detection confidence, not validated predictive probability. | Internal and external evidence disagree; discretionary volume is penalised.",Operational minimum: objective improvement is below action threshold,0.0,False,NO PURCHASE,"External intelligence did not materially change the operational recommendation. Main external drivers: Crude, Currency, Refined product, Supply."
2026-07-04,368318,Verde,3470.3869660088076,5013.668049792925,3.0,Operational minimum required to cover demand until the next observed quotation,0.0,0.0,5.0,Operational minimum selected,0.0,0.0,5.0,0.0,0.0,0.6372093023255813,-0.4195229060848974,0.18432619656660565,0.6620302920106497,0.0,P01 rising | P02 streak 6 | P06 regulatory update | P07 price percentile 1.00,Crude | Currency | Supply,GULF_SUPPLY_RECOVERY | OPEC_OUTPUT_INCREASE,"Pattern confidence is detection confidence, not validated predictive probability. | Internal and external evidence disagree; discretionary volume is penalised.",Operational minimum: objective improvement is below action threshold,0.0,False,NO PURCHASE,"External intelligence did not materially change the operational recommendation. Main external drivers: Crude, Currency, Supply."
2026-07-04,368319,Diesel,0.0,0.0,3.0,Operational minimum required to cover demand until the next observed quotation,0.0,0.0,5.0,Operational minimum selected,0.0,0.0,5.0,0.0,0.0,0.6372093023255813,-0.23869951658734787,0.2366970897652964,0.7376172680896069,0.0,P01 rising | P02 streak 10 | P06 regulatory update | P07 price percentile 1.00,Crude | Currency | Refined product | Supply,GULF_SUPPLY_RECOVERY | OPEC_OUTPUT_INCREASE,"Pattern confidence is detection confidence, not validated predictive probability. | Internal and external evidence disagree; discretionary volume is penalised.",Operational minimum: objective improvement is below action threshold,0.0,False,NO PURCHASE,"External intelligence did not materially change the operational recommendation. Main external drivers: Crude, Currency, Refined product, Supply."
2026-07-04,368319,Verde,1338.155999535386,1933.2339725287723,3.0,Operational minimum required to cover demand until the next observed quotation,0.0,0.0,5.0,Operational minimum selected,0.0,0.0,5.0,0.0,0.0,0.6372093023255813,-0.4195229060848974,0.18432619656660565,0.6620302920106497,0.0,P01 rising | P02 streak 6 | P06 regulatory update | P07 price percentile 1.00,Crude | Currency | Supply,GULF_SUPPLY_RECOVERY | OPEC_OUTPUT_INCREASE,"Pattern confidence is detection confidence, not validated predictive probability. | Internal and external evidence disagree; discretionary volume is penalised.",Operational minimum: objective improvement is below action threshold,0.0,False,NO PURCHASE,"External intelligence did not materially change the operational recommendation. Main external drivers: Crude, Currency, Supply."
2026-07-04,368320,Diesel,0.0,0.0,3.0,Operational minimum required to cover demand until the next observed quotation,0.0,0.0,5.0,Operational minimum selected,0.0,0.0,5.0,0.0,0.0,0.6372093023255813,-0.23869951658734787,0.2366970897652964,0.7376172680896069,0.0,P01 rising | P02 streak 10 | P06 regulatory update | P07 price percentile 1.00,Crude | Currency | Refined product | Supply,GULF_SUPPLY_RECOVERY | OPEC_OUTPUT_INCREASE,"Pattern confidence is detection confidence, not validated predictive probability. | Internal and external evidence disagree; discretionary volume is penalised.",Operational minimum: objective improvement is below action threshold,0.0,False,NO PURCHASE,"External intelligence did not materially change the operational recommendation. Main external drivers: Crude, Currency, Refined product, Supply."
2026-07-04,368320,Verde,2164.764314004044,3127.435004441643,3.0,Operational minimum required to cover demand until the next observed quotation,0.0,0.0,5.0,Operational minimum selected,0.0,0.0,5.0,0.0,0.0,0.6372093023255813,-0.4195229060848974,0.18432619656660565,0.6620302920106497,0.0,P01 rising | P02 streak 6 | P06 regulatory update | P07 price percentile 1.00,Crude | Currency | Supply,GULF_SUPPLY_RECOVERY | OPEC_OUTPUT_INCREASE,"Pattern confidence is detection confidence, not validated predictive probability. | Internal and external evidence disagree; discretionary volume is penalised.",Operational minimum: objective improvement is below action threshold,0.0,False,NO PURCHASE,"External intelligence did not materially change the operational recommendation. Main external drivers: Crude, Currency, Supply."
2026-07-04,368321,Diesel,357.93494413090673,538.9820182217607,3.0,Operational minimum required to cover demand until the next observed quotation,0.0,0.0,5.0,Operational minimum selected,0.0,0.0,5.0,0.0,0.0,0.6372093023255813,-0.23869951658734787,0.2366970897652964,0.7376172680896069,0.0,P01 rising | P02 streak 10 | P06 regulatory update | P07 price percentile 1.00,Crude | Currency | Refined product | Supply,GULF_SUPPLY_RECOVERY | OPEC_OUTPUT_INCREASE,"Pattern confidence is detection confidence, not validated predictive probability. | Internal and external evidence disagree; discretionary volume is penalised.",Operational minimum: objective improvement is below action threshold,0.0,False,NO PURCHASE,"External intelligence did not materially change the operational recommendation. Main external drivers: Crude, Currency, Refined product, Supply."
2026-07-04,368321,Verde,0.0,0.0,3.0,Operational minimum required to cover demand until the next observed quotation,0.0,0.0,5.0,Operational minimum selected,0.0,0.0,5.0,0.0,0.0,0.6372093023255813,-0.4195229060848974,0.18432619656660565,0.6620302920106497,0.0,P01 rising | P02 streak 6 | P06 regulatory update | P07 price percentile 1.00,Crude | Currency | Supply,GULF_SUPPLY_RECOVERY | OPEC_OUTPUT_INCREASE,"Pattern confidence is detection confidence, not validated predictive probability. | Internal and external evidence disagree; discretionary volume is penalised.",Operational minimum: objective improvement is below action threshold,0.0,False,NO PURCHASE,"External intelligence did not materially change the operational recommendation. Main external drivers: Crude, Currency, Supply."
2026-07-04,368322,Diesel,0.0,0.0,3.0,Operational minimum required to cover demand until the next observed quotation,0.0,0.0,5.0,Operational minimum selected,0.0,0.0,5.0,0.0,0.0,0.6372093023255813,-0.23869951658734787,0.2366970897652964,0.7376172680896069,0.0,P01 rising | P02 streak 10 | P06 regulatory update | P07 price percentile 1.00,Crude | Currency | Refined product | Supply,GULF_SUPPLY_RECOVERY | OPEC_OUTPUT_INCREASE,"Pattern confidence is detection confidence, not validated predictive probability. | Internal and external evidence disagree; discretionary volume is penalised.",Operational minimum: objective improvement is below action threshold,0.0,False,NO PURCHASE,"External intelligence did not materially change the operational recommendation. Main external drivers: Crude, Currency, Refined product, Supply."
2026-07-04,368322,Verde,0.0,0.0,3.0,Operational minimum required to cover demand until the next observed quotation,0.0,0.0,5.0,Operational minimum selected,0.0,0.0,5.0,0.0,0.0,0.6372093023255813,-0.4195229060848974,0.18432619656660565,0.6620302920106497,0.0,P01 rising | P02 streak 6 | P06 regulatory update | P07 price percentile 1.00,Crude | Currency | Supply,GULF_SUPPLY_RECOVERY | OPEC_OUTPUT_INCREASE,"Pattern confidence is detection confidence, not validated predictive probability. | Internal and external evidence disagree; discretionary volume is penalised.",Operational minimum: objective improvement is below action threshold,0.0,False,NO PURCHASE,"External intelligence did not materially change the operational recommendation. Main external drivers: Crude, Currency, Supply."
2026-07-07,368318,Diesel,1932.6862839246212,2989.865681231389,1.0,Operational minimum required to cover demand until the next observed quotation,0.0,0.0,2.0,Operational minimum selected,0.0,0.0,2.0,0.0,0.0,0.43884892086330934,-0.10408343500256326,0.18863214873625678,0.7102883474621604,0.0,P01 rising | P02 streak 11 | P07 price percentile 1.00,Crude | Currency | Refined product | Supply,OPEC_OUTPUT_INCREASE,"Pattern confidence is detection confidence, not validated predictive probability. | Internal and external evidence disagree; discretionary volume is penalised.",Operational minimum: objective improvement is below action threshold,0.0,False,NO PURCHASE,"External intelligence did not materially change the operational recommendation. Main external drivers: Crude, Currency, Refined product, Supply."
2026-07-07,368318,Verde,1074.2984155011095,1550.212613568101,1.0,Operational minimum required to cover demand until the next observed quotation,0.0,0.0,2.0,Operational minimum selected,0.0,0.0,2.0,0.0,0.0,-0.295855738075858,-0.6449829411624082,-0.4558541201508248,0.6387575466583303,0.0,P01 rising | P02 streak 1 | P07 price percentile 0.98,Crude | Currency | Supply,OPEC_OUTPUT_INCREASE,"Pattern confidence is detection confidence, not validated predictive probability.",Operational minimum: objective improvement is below action threshold,0.0,False,NO PURCHASE,"External intelligence did not materially change the operational recommendation. Main external drivers: Crude, Currency, Supply."
2026-07-07,368319,Diesel,0.0,0.0,1.0,Operational minimum required to cover demand until the next observed quotation,0.0,0.0,2.0,Operational minimum selected,0.0,0.0,2.0,0.0,0.0,0.43884892086330934,-0.10408343500256326,0.18863214873625678,0.7102883474621604,0.0,P01 rising | P02 streak 11 | P07 price percentile 1.00,Crude | Currency | Refined product | Supply,OPEC_OUTPUT_INCREASE,"Pattern confidence is detection confidence, not validated predictive probability. | Internal and external evidence disagree; discretionary volume is penalised.",Operational minimum: objective improvement is below action threshold,0.0,False,NO PURCHASE,"External intelligence did not materially change the operational recommendation. Main external drivers: Crude, Currency, Refined product, Supply."
2026-07-07,368319,Verde,381.1829910508728,550.0470560864094,1.0,Operational minimum required to cover demand until the next observed quotation,0.0,0.0,2.0,Operational minimum selected,0.0,0.0,2.0,0.0,0.0,-0.295855738075858,-0.6449829411624082,-0.4558541201508248,0.6387575466583303,0.0,P01 rising | P02 streak 1 | P07 price percentile 0.98,Crude | Currency | Supply,OPEC_OUTPUT_INCREASE,"Pattern confidence is detection confidence, not validated predictive probability.",Operational minimum: objective improvement is below action threshold,0.0,False,NO PURCHASE,"External intelligence did not materially change the operational recommendation. Main external drivers: Crude, Currency, Supply."
2026-07-07,368320,Diesel,0.0,0.0,1.0,Operational minimum required to cover demand until the next observed quotation,0.0,0.0,2.0,Operational minimum selected,0.0,0.0,2.0,0.0,0.0,0.43884892086330934,-0.10408343500256326,0.18863214873625678,0.7102883474621604,0.0,P01 rising | P02 streak 11 | P07 price percentile 1.00,Crude | Currency | Refined product | Supply,OPEC_OUTPUT_INCREASE,"Pattern confidence is detection confidence, not validated predictive probability. | Internal and external evidence disagree; discretionary volume is penalised.",Operational minimum: objective improvement is below action threshold,0.0,False,NO PURCHASE,"External intelligence did not materially change the operational recommendation. Main external drivers: Crude, Currency, Refined product, Supply."
2026-07-07,368320,Verde,696.647484263529,1005.2623197922724,1.0,Operational minimum required to cover demand until the next observed quotation,0.0,0.0,2.0,Operational minimum selected,0.0,0.0,2.0,0.0,0.0,-0.295855738075858,-0.6449829411624082,-0.4558541201508248,0.6387575466583303,0.0,P01 rising | P02 streak 1 | P07 price percentile 0.98,Crude | Currency | Supply,OPEC_OUTPUT_INCREASE,"Pattern confidence is detection confidence, not validated predictive probability.",Operational minimum: objective improvement is below action threshold,0.0,False,NO PURCHASE,"External intelligence did not materially change the operational recommendation. Main external drivers: Crude, Currency, Supply."
2026-07-07,368321,Diesel,477.59656273433023,738.8418825500088,1.0,Operational minimum required to cover demand until the next observed quotation,0.0,0.0,2.0,Operational minimum selected,0.0,0.0,2.0,0.0,0.0,0.43884892086330934,-0.10408343500256326,0.18863214873625678,0.7102883474621604,0.0,P01 rising | P02 streak 11 | P07 price percentile 1.00,Crude | Currency | Refined product | Supply,OPEC_OUTPUT_INCREASE,"Pattern confidence is detection confidence, not validated predictive probability. | Internal and external evidence disagree; discretionary volume is penalised.",Operational minimum: objective improvement is below action threshold,0.0,False,NO PURCHASE,"External intelligence did not materially change the operational recommendation. Main external drivers: Crude, Currency, Refined product, Supply."
2026-07-07,368321,Verde,0.0,0.0,1.0,Operational minimum required to cover demand until the next observed quotation,0.0,0.0,2.0,Operational minimum selected,0.0,0.0,2.0,0.0,0.0,-0.295855738075858,-0.6449829411624082,-0.4558541201508248,0.6387575466583303,0.0,P01 rising | P02 streak 1 | P07 price percentile 0.98,Crude | Currency | Supply,OPEC_OUTPUT_INCREASE,"Pattern confidence is detection confidence, not validated predictive probability.",Operational minimum: objective improvement is below action threshold,0.0,False,NO PURCHASE,"External intelligence did not materially change the operational recommendation. Main external drivers: Crude, Currency, Supply."
2026-07-07,368322,Diesel,0.0,0.0,1.0,Operational minimum required to cover demand until the next observed quotation,0.0,0.0,2.0,Operational minimum selected,0.0,0.0,2.0,0.0,0.0,0.43884892086330934,-0.10408343500256326,0.18863214873625678,0.7102883474621604,0.0,P01 rising | P02 streak 11 | P07 price percentile 1.00,Crude | Currency | Refined product | Supply,OPEC_OUTPUT_INCREASE,"Pattern confidence is detection confidence, not validated predictive probability. | Internal and external evidence disagree; discretionary volume is penalised.",Operational minimum: objective improvement is below action threshold,0.0,False,NO PURCHASE,"External intelligence did not materially change the operational recommendation. Main external drivers: Crude, Currency, Refined product, Supply."
2026-07-07,368322,Verde,247.17346581389847,356.6713111694555,1.0,Operational minimum required to cover demand until the next observed quotation,0.0,0.0,2.0,Operational minimum selected,0.0,0.0,2.0,0.0,0.0,-0.295855738075858,-0.6449829411624082,-0.4558541201508248,0.6387575466583303,0.0,P01 rising | P02 streak 1 | P07 price percentile 0.98,Crude | Currency | Supply,OPEC_OUTPUT_INCREASE,"Pattern confidence is detection confidence, not validated predictive probability.",Operational minimum: objective improvement is below action threshold,0.0,False,NO PURCHASE,"External intelligence did not materially change the operational recommendation. Main external drivers: Crude, Currency, Supply."
2026-07-08,368318,Diesel,22357.0763236911,34695.05246368326,0.0,Final quotation-date stock equalisation,20299.99999955033,31502.75799930217,0.0,Final quotation-date stock equalisation,20299.99999955033,31502.75799930217,0.0,0.0,20299.99999955033,0.43884892086330934,0.5431578350986409,0.4925472566446941,0.8562663799836224,0.0,P01 rising | P02 streak 12 | P07 price percentile 1.00,Crude | Currency | Geopolitics | Refined product | Refining and supply | Supply,HORMUZ_ESCALATION | OPEC_OUTPUT_INCREASE | RUSSIA_DIESEL_EXPORT_BAN,"Pattern confidence is detection confidence, not validated predictive probability.",Final quotation-date stock equalisation,0.0,False,NO CHANGE,"External intelligence did not materially change the operational recommendation. Main external drivers: Crude, Currency, Geopolitics, Refined product, Refining and supply, Supply."
2026-07-08,368318,Verde,11144.416585815352,16109.699951459525,0.0,Final quotation-date stock equalisation,10000.000000410453,14455.400000593327,0.0,Final quotation-date stock equalisation,10000.000000410453,14455.400000593327,0.0,4.1045359466806985e-07,10000.0,-0.2491467576791809,0.5372303215414805,0.1893616733811705,0.6754328441738179,0.0,P02 streak 1 | P03 stable premium | P07 price percentile 1.00,Crude | Currency | Geopolitics | Refining and supply | Supply,HORMUZ_ESCALATION | OPEC_OUTPUT_INCREASE | RUSSIA_DIESEL_EXPORT_BAN,"Pattern confidence is detection confidence, not validated predictive probability. | Internal and external evidence disagree; discretionary volume is penalised.",Final quotation-date stock equalisation,0.0,False,NO CHANGE,"External intelligence did not materially change the operational recommendation. Main external drivers: Crude, Currency, Geopolitics, Refining and supply, Supply."
2026-07-08,368319,Diesel,8910.810406704311,13828.33023774815,0.0,Final quotation-date stock equalisation,8910.810406704311,13828.33023774815,0.0,Final quotation-date stock equalisation,8910.810406704311,13828.33023774815,0.0,0.0,8910.810406704311,0.43884892086330934,0.5431578350986409,0.4925472566446941,0.8562663799836224,0.0,P01 rising | P02 streak 12 | P07 price percentile 1.00,Crude | Currency | Geopolitics | Refined product | Refining and supply | Supply,HORMUZ_ESCALATION | OPEC_OUTPUT_INCREASE | RUSSIA_DIESEL_EXPORT_BAN,"Pattern confidence is detection confidence, not validated predictive probability.",Final quotation-date stock equalisation,0.0,False,NO CHANGE,"External intelligence did not materially change the operational recommendation. Main external drivers: Crude, Currency, Geopolitics, Refined product, Refining and supply, Supply."
2026-07-08,368319,Verde,8440.136420493069,12200.554801279552,0.0,Final quotation-date stock equalisation,8000.000000371414,11564.320000536894,0.0,Final quotation-date stock equalisation,8000.000000371414,11564.320000536894,0.0,3.7141376196814235e-07,8000.0,-0.2491467576791809,0.5372303215414805,0.1893616733811705,0.6754328441738179,0.0,P02 streak 1 | P03 stable premium | P07 price percentile 1.00,Crude | Currency | Geopolitics | Refining and supply | Supply,HORMUZ_ESCALATION | OPEC_OUTPUT_INCREASE | RUSSIA_DIESEL_EXPORT_BAN,"Pattern confidence is detection confidence, not validated predictive probability. | Internal and external evidence disagree; discretionary volume is penalised.",Final quotation-date stock equalisation,0.0,False,NO CHANGE,"External intelligence did not materially change the operational recommendation. Main external drivers: Crude, Currency, Geopolitics, Refining and supply, Supply."
2026-07-08,368320,Diesel,29844.821066614135,46314.984020435804,0.0,Final quotation-date stock equalisation,29844.821066614135,46314.984020435804,0.0,Final quotation-date stock equalisation,29844.821066614135,46314.984020435804,0.0,0.0,29844.821066614135,0.43884892086330934,0.5431578350986409,0.4925472566446941,0.8562663799836224,0.0,P01 rising | P02 streak 12 | P07 price percentile 1.00,Crude | Currency | Geopolitics | Refined product | Refining and supply | Supply,HORMUZ_ESCALATION | OPEC_OUTPUT_INCREASE | RUSSIA_DIESEL_EXPORT_BAN,"Pattern confidence is detection confidence, not validated predictive probability.",Final quotation-date stock equalisation,0.0,False,NO CHANGE,"External intelligence did not materially change the operational recommendation. Main external drivers: Crude, Currency, Geopolitics, Refined product, Refining and supply, Supply."
2026-07-08,368320,Verde,14819.948421611012,21422.828241375584,0.0,Final quotation-date stock equalisation,14000.00000014568,20237.560000210586,0.0,Final quotation-date stock equalisation,14000.00000014568,20237.560000210586,0.0,1.456789959775051e-07,14000.0,-0.2491467576791809,0.5372303215414805,0.1893616733811705,0.6754328441738179,0.0,P02 streak 1 | P03 stable premium | P07 price percentile 1.00,Crude | Currency | Geopolitics | Refining and supply | Supply,HORMUZ_ESCALATION | OPEC_OUTPUT_INCREASE | RUSSIA_DIESEL_EXPORT_BAN,"Pattern confidence is detection confidence, not validated predictive probability. | Internal and external evidence disagree; discretionary volume is penalised.",Final quotation-date stock equalisation,0.0,False,NO CHANGE,"External intelligence did not materially change the operational recommendation. Main external drivers: Crude, Currency, Geopolitics, Refining and supply, Supply."
2026-07-08,368321,Diesel,10000.0,15518.599999999999,0.0,Final quotation-date stock equalisation,9522.057555865236,14776.900238645023,0.0,Final quotation-date stock equalisation,9522.057555865236,14776.900238645023,0.0,0.0,9522.057555865236,0.43884892086330934,0.5431578350986409,0.4925472566446941,0.8562663799836224,0.0,P01 rising | P02 streak 12 | P07 price percentile 1.00,Crude | Currency | Geopolitics | Refined product | Refining and supply | Supply,HORMUZ_ESCALATION | OPEC_OUTPUT_INCREASE | RUSSIA_DIESEL_EXPORT_BAN,"Pattern confidence is detection confidence, not validated predictive probability.",Final quotation-date stock equalisation,0.0,False,NO CHANGE,"External intelligence did not materially change the operational recommendation. Main external drivers: Crude, Currency, Geopolitics, Refined product, Refining and supply, Supply."
2026-07-08,368321,Verde,8233.655123831832,11902.077827703866,0.0,Final quotation-date stock equalisation,8233.655123831832,11902.077827703866,0.0,Final quotation-date stock equalisation,8233.655123831832,11902.077827703866,0.0,0.0,8233.655123831832,-0.2491467576791809,0.5372303215414805,0.1893616733811705,0.6754328441738179,0.0,P02 streak 1 | P03 stable premium | P07 price percentile 1.00,Crude | Currency | Geopolitics | Refining and supply | Supply,HORMUZ_ESCALATION | OPEC_OUTPUT_INCREASE | RUSSIA_DIESEL_EXPORT_BAN,"Pattern confidence is detection confidence, not validated predictive probability. | Internal and external evidence disagree; discretionary volume is penalised.",Final quotation-date stock equalisation,0.0,False,NO CHANGE,"External intelligence did not materially change the operational recommendation. Main external drivers: Crude, Currency, Geopolitics, Refining and supply, Supply."
2026-07-08,368322,Diesel,13025.875276821862,20214.334807088773,0.0,Final quotation-date stock equalisation,13025.875276821862,20214.334807088773,0.0,Final quotation-date stock equalisation,13025.875276821862,20214.334807088773,0.0,0.0,13025.875276821862,0.43884892086330934,0.5431578350986409,0.4925472566446941,0.8562663799836224,0.0,P01 rising | P02 streak 12 | P07 price percentile 1.00,Crude | Currency | Geopolitics | Refined product | Refining and supply | Supply,HORMUZ_ESCALATION | OPEC_OUTPUT_INCREASE | RUSSIA_DIESEL_EXPORT_BAN,"Pattern confidence is detection confidence, not validated predictive probability.",Final quotation-date stock equalisation,0.0,False,NO CHANGE,"External intelligence did not materially change the operational recommendation. Main external drivers: Crude, Currency, Geopolitics, Refined product, Refining and supply, Supply."
2026-07-08,368322,Verde,10103.395307756899,14604.862053174907,0.0,Final quotation-date stock equalisation,9599.999999570797,13877.18399937957,0.0,Final quotation-date stock equalisation,9599.999999570797,13877.18399937957,0.0,0.0,9599.999999570797,-0.2491467576791809,0.5372303215414805,0.1893616733811705,0.6754328441738179,0.0,P02 streak 1 | P03 stable premium | P07 price percentile 1.00,Crude | Currency | Geopolitics | Refining and supply | Supply,HORMUZ_ESCALATION | OPEC_OUTPUT_INCREASE | RUSSIA_DIESEL_EXPORT_BAN,"Pattern confidence is detection confidence, not validated predictive probability. | Internal and external evidence disagree; discretionary volume is penalised.",Final quotation-date stock equalisation,0.0,False,NO CHANGE,"External intelligence did not materially change the operational recommendation. Main external drivers: Crude, Currency, Geopolitics, Refining and supply, Supply."
