date,distributor_id,product,quotation_eur_per_litre,operational_required_litres,combined_signal_score,combined_signal_confidence,external_drivers,external_themes,purchase_litres,target_cover_days,purchase_cost_eur,expected_future_cost_eur,expected_cost_eur,downside_cost_eur,holding_cost_eur,capital_cost_eur,order_cost_eur,robust_objective_eur,expected_future_price_eur_per_litre,scenario_costs,selected,selection_reason
2026-06-16,368318,Diesel,1.493,0.0,0.11282347583944764,0.148303681732798,Crude | Currency,,0.0,9.0,0.0,13142.500707681962,13142.500707681962,0.0,0.0,0.0,0.0,13142.500707681962,1.48884687805798,[13142.500707681962],True,Selected because it is the operational minimum after combined-signal decision gates.
2026-06-16,368318,Diesel,1.493,0.0,0.11282347583944764,0.148303681732798,Crude | Currency,,607.700637,10.0,907.2970510410001,12237.151001942444,13144.448052983444,0.0,0.0,0.0,0.0,13144.448052983444,1.4887767396731997,[13144.448052983444],False,Feasible candidate rejected because its combined robust objective is higher or it failed a decision gate.
2026-06-16,368318,Diesel,1.493,0.0,0.11282347583944764,0.148303681732798,Crude | Currency,,2855.810819,11.0,4263.725552767,8888.667444449864,13152.392997216864,0.0,0.0,0.0,0.0,13152.392997216864,1.4885172717586155,[13152.392997216864],False,Feasible candidate rejected because its combined robust objective is higher or it failed a decision gate.
2026-06-16,368318,Diesel,1.493,0.0,0.11282347583944764,0.148303681732798,Crude | Currency,,4992.411264,12.0,7453.670017152001,5707.355103250118,13161.025120402119,0.0,0.0,0.0,0.0,13161.025120402119,1.4882706738533158,[13161.025120402119],False,Feasible candidate rejected because its combined robust objective is higher or it failed a decision gate.
2026-06-16,368318,Diesel,1.493,0.0,0.11282347583944764,0.148303681732798,Crude | Currency,,6793.309921,13.0,10142.411712053,3026.7076750727742,13169.119387125775,0.0,0.0,0.0,0.0,13169.119387125775,1.4880628213100326,[13169.119387125775],False,Feasible candidate rejected because its combined robust objective is higher or it failed a decision gate.
2026-06-16,368318,Diesel,1.493,0.0,0.11282347583944764,0.148303681732798,Crude | Currency,,8827.301787,14.0,13179.161567991001,4.3108804127661324e-07,13179.161568422089,0.0,0.0,0.0,0.0,13179.161568422089,1.487828066077848,[13179.161568422089],False,Feasible candidate rejected because its combined robust objective is higher or it failed a decision gate.
2026-06-16,368318,Diesel,1.493,0.0,0.11282347583944764,0.148303681732798,Crude | Currency,,14700.0,14.0,21947.100000000002,0.0,21947.100000000002,0.0,0.0,0.0,0.0,21947.100000000002,1.4878280660778145,[21947.100000000002],False,Feasible candidate rejected because its combined robust objective is higher or it failed a decision gate.
2026-06-16,368318,Verde,1.398,0.0,-0.02744839086300364,0.18322719961224215,Crude | Currency,,0.0,8.0,0.0,9255.185015346735,9255.185015346735,0.0,0.0,0.0,0.0,9255.185015346735,1.3929094728365266,[9255.185015346735],True,Selected because it is the operational minimum after combined-signal decision gates.
2026-06-16,368318,Verde,1.398,0.0,-0.02744839086300364,0.18322719961224215,Crude | Currency,,540.964292,9.0,756.2680802159999,8500.784350626614,9257.052430842614,0.0,0.0,0.0,0.0,9257.052430842614,1.392764249121039,[9257.052430842614],False,Feasible candidate rejected because its combined robust objective is higher or it failed a decision gate.
2026-06-16,368318,Verde,1.398,0.0,-0.02744839086300364,0.18322719961224215,Crude | Currency,,1848.902644,10.0,2584.7658963119998,6677.45074173582,9262.21663804782,0.0,0.0,0.0,0.0,9262.21663804782,1.3924131285943886,[9262.21663804782],False,Feasible candidate rejected because its combined robust objective is higher or it failed a decision gate.
2026-06-16,368318,Verde,1.398,0.0,-0.02744839086300364,0.18322719961224215,Crude | Currency,,3174.111615,11.0,4437.408037769999,4830.977758333153,9268.385796103154,0.0,0.0,0.0,0.0,9268.385796103154,1.3920573717109637,[9268.385796103154],False,Feasible candidate rejected because its combined robust objective is higher or it failed a decision gate.
2026-06-16,368318,Verde,1.398,0.0,-0.02744839086300364,0.18322719961224215,Crude | Currency,,4426.574793,12.0,6188.351560613999,3086.7314304639876,9275.082991077987,0.0,0.0,0.0,0.0,9275.082991077987,1.3917211436846217,[9275.082991077987],False,Feasible candidate rejected because its combined robust objective is higher or it failed a decision gate.
2026-06-16,368318,Verde,1.398,0.0,-0.02744839086300364,0.18322719961224215,Crude | Currency,,5502.437439,13.0,7692.4075397219995,1589.1007893579476,9281.508329079947,0.0,0.0,0.0,0.0,9281.508329079947,1.3914323246754616,[9281.508329079947],False,Feasible candidate rejected because its combined robust objective is higher or it failed a decision gate.
2026-06-16,368318,Verde,1.398,0.0,-0.02744839086300364,0.18322719961224215,Crude | Currency,,6644.498581,14.0,9289.009016237998,0.0,9289.009016237998,0.0,0.0,0.0,0.0,9289.009016237998,1.3911257344535772,[9289.009016237998],False,Feasible candidate rejected because its combined robust objective is higher or it failed a decision gate.
2026-06-16,368318,Verde,1.398,0.0,-0.02744839086300364,0.18322719961224215,Crude | Currency,,20000.0,14.0,27960.0,0.0,27960.0,0.0,0.0,0.0,0.0,27960.0,1.3911257344535772,[27960.0],False,Feasible candidate rejected because its combined robust objective is higher or it failed a decision gate.
2026-06-16,368319,Diesel,1.493,0.0,0.11282347583944764,0.148303681732798,Crude | Currency,,0.0,14.0,0.0,0.0,0.0,0.0,0.0,0.0,0.0,0.0,1.4878280660778145,[0.0],True,Selected because it is the operational minimum after combined-signal decision gates.
2026-06-16,368319,Diesel,1.493,0.0,0.11282347583944764,0.148303681732798,Crude | Currency,,400.0,14.0,597.2,0.0,597.2,0.0,0.0,0.0,0.0,597.2,1.4878280660778145,[597.2],False,Feasible candidate rejected because its combined robust objective is higher or it failed a decision gate.
2026-06-16,368319,Verde,1.398,0.0,-0.02744839086300364,0.18322719961224215,Crude | Currency,,0.0,14.0,0.0,0.0,0.0,0.0,0.0,0.0,0.0,0.0,1.3911257344535772,[0.0],True,Selected because it is the operational minimum after combined-signal decision gates.
2026-06-16,368319,Verde,1.398,0.0,-0.02744839086300364,0.18322719961224215,Crude | Currency,,2000.0,14.0,2796.0,0.0,2796.0,0.0,0.0,0.0,0.0,2796.0,1.3911257344535772,[2796.0],False,Feasible candidate rejected because its combined robust objective is higher or it failed a decision gate.
2026-06-16,368320,Diesel,1.493,0.0,0.11282347583944764,0.148303681732798,Crude | Currency,,0.0,14.0,0.0,0.0,0.0,0.0,0.0,0.0,0.0,0.0,1.4878280660778145,[0.0],True,Selected because it is the operational minimum after combined-signal decision gates.
2026-06-16,368320,Diesel,1.493,0.0,0.11282347583944764,0.148303681732798,Crude | Currency,,2200.0,14.0,3284.6000000000004,0.0,3284.6000000000004,0.0,0.0,0.0,0.0,3284.6000000000004,1.4878280660778145,[3284.6000000000004],False,Feasible candidate rejected because its combined robust objective is higher or it failed a decision gate.
2026-06-16,368320,Verde,1.398,0.0,-0.02744839086300364,0.18322719961224215,Crude | Currency,,0.0,14.0,0.0,0.0,0.0,0.0,0.0,0.0,0.0,0.0,1.3911257344535772,[0.0],True,Selected because it is the operational minimum after combined-signal decision gates.
2026-06-16,368320,Verde,1.398,0.0,-0.02744839086300364,0.18322719961224215,Crude | Currency,,36000.0,14.0,50328.0,0.0,50328.0,0.0,0.0,0.0,0.0,50328.0,1.3911257344535772,[50328.0],False,Feasible candidate rejected because its combined robust objective is higher or it failed a decision gate.
2026-06-16,368321,Diesel,1.493,0.0,0.11282347583944764,0.148303681732798,Crude | Currency,,0.0,14.0,0.0,0.0,0.0,0.0,0.0,0.0,0.0,0.0,1.4878280660778145,[0.0],True,Selected because it is the operational minimum after combined-signal decision gates.
2026-06-16,368321,Diesel,1.493,0.0,0.11282347583944764,0.148303681732798,Crude | Currency,,400.0,14.0,597.2,0.0,597.2,0.0,0.0,0.0,0.0,597.2,1.4878280660778145,[597.2],False,Feasible candidate rejected because its combined robust objective is higher or it failed a decision gate.
2026-06-16,368321,Verde,1.398,0.0,-0.02744839086300364,0.18322719961224215,Crude | Currency,,0.0,14.0,0.0,0.0,0.0,0.0,0.0,0.0,0.0,0.0,1.3911257344535772,[0.0],True,Selected because it is the operational minimum after combined-signal decision gates.
2026-06-16,368321,Verde,1.398,0.0,-0.02744839086300364,0.18322719961224215,Crude | Currency,,1200.0,14.0,1677.6,0.0,1677.6,0.0,0.0,0.0,0.0,1677.6,1.3911257344535772,[1677.6],False,Feasible candidate rejected because its combined robust objective is higher or it failed a decision gate.
2026-06-16,368322,Diesel,1.493,0.0,0.11282347583944764,0.148303681732798,Crude | Currency,,0.0,14.0,0.0,0.0,0.0,0.0,0.0,0.0,0.0,0.0,1.4878280660778145,[0.0],True,Selected because it is the operational minimum after combined-signal decision gates.
2026-06-16,368322,Diesel,1.493,0.0,0.11282347583944764,0.148303681732798,Crude | Currency,,400.0,14.0,597.2,0.0,597.2,0.0,0.0,0.0,0.0,597.2,1.4878280660778145,[597.2],False,Feasible candidate rejected because its combined robust objective is higher or it failed a decision gate.
2026-06-16,368322,Verde,1.398,0.0,-0.02744839086300364,0.18322719961224215,Crude | Currency,,0.0,14.0,0.0,0.0,0.0,0.0,0.0,0.0,0.0,0.0,1.3911257344535772,[0.0],True,Selected because it is the operational minimum after combined-signal decision gates.
2026-06-16,368322,Verde,1.398,0.0,-0.02744839086300364,0.18322719961224215,Crude | Currency,,4400.0,14.0,6151.2,0.0,6151.2,0.0,0.0,0.0,0.0,6151.2,1.3911257344535772,[6151.2],False,Feasible candidate rejected because its combined robust objective is higher or it failed a decision gate.
2026-06-17,368318,Diesel,1.478,0.0,-0.29802358670920737,0.6011313946029379,Crude | Currency | Geopolitics,HORMUZ_RECOVERY,0.0,8.0,0.0,15869.111968022542,15869.111968022542,0.0,0.0,0.0,0.0,15869.111968022542,1.474826167370608,[15869.111968022542],True,Selected because it is the operational minimum after combined-signal decision gates.
2026-06-17,368318,Diesel,1.478,0.0,-0.29802358670920737,0.6011313946029379,Crude | Currency | Geopolitics,HORMUZ_RECOVERY,607.700637,9.0,898.181541486,14972.284117960051,15870.46565944605,0.0,0.0,0.0,0.0,15870.46565944605,1.4747695250926163,[15870.46565944605],False,Feasible candidate rejected because its combined robust objective is higher or it failed a decision gate.
2026-06-17,368318,Diesel,1.478,0.0,-0.29802358670920737,0.6011313946029379,Crude | Currency | Geopolitics,HORMUZ_RECOVERY,2855.810819,10.0,4220.8883904819995,11655.183484816025,15876.071875298025,0.0,0.0,0.0,0.0,15876.071875298025,1.474559984285627,[15876.071875298025],False,Feasible candidate rejected because its combined robust objective is higher or it failed a decision gate.
2026-06-17,368318,Diesel,1.478,0.0,-0.29802358670920737,0.6011313946029379,Crude | Currency | Geopolitics,HORMUZ_RECOVERY,4992.411264,11.0,7378.783848192001,8503.489369097922,15882.273217289923,0.0,0.0,0.0,0.0,15882.273217289923,1.4743608370262784,[15882.273217289923],False,Feasible candidate rejected because its combined robust objective is higher or it failed a decision gate.
2026-06-17,368318,Diesel,1.478,0.0,-0.29802358670920737,0.6011313946029379,Crude | Currency | Geopolitics,HORMUZ_RECOVERY,6793.309921,12.0,10040.512063238,5847.649081786753,15888.161145024755,0.0,0.0,0.0,0.0,15888.161145024755,1.4741929797028628,[15888.161145024755],False,Feasible candidate rejected because its combined robust objective is higher or it failed a decision gate.
2026-06-17,368318,Diesel,1.478,0.0,-0.29802358670920737,0.6011313946029379,Crude | Currency | Geopolitics,HORMUZ_RECOVERY,8827.301787,13.0,13046.752041186,2848.7861469842946,15895.538188170296,0.0,0.0,0.0,0.0,15895.538188170296,1.474003396336165,[15895.538188170296],False,Feasible candidate rejected because its combined robust objective is higher or it failed a decision gate.
2026-06-17,368318,Diesel,1.478,0.0,-0.29802358670920737,0.6011313946029379,Crude | Currency | Geopolitics,HORMUZ_RECOVERY,10759.988071,14.0,15903.262368938,3.1593503627647606e-07,15903.262369253935,0.0,0.0,0.0,0.0,15903.262369253935,1.4738232554129802,[15903.262369253935],False,Feasible candidate rejected because its combined robust objective is higher or it failed a decision gate.
2026-06-17,368318,Diesel,1.478,0.0,-0.29802358670920737,0.6011313946029379,Crude | Currency | Geopolitics,HORMUZ_RECOVERY,16632.686284,14.0,24583.110327751998,0.0,24583.110327751998,0.0,0.0,0.0,0.0,24583.110327751998,1.4738232554129602,[24583.110327751998],False,Feasible candidate rejected because its combined robust objective is higher or it failed a decision gate.
2026-06-17,368318,Verde,1.384,0.0,-0.3202423459698513,0.6289259741468662,Crude | Currency | Geopolitics,HORMUZ_RECOVERY,0.0,7.0,0.0,10657.335618622184,10657.335618622184,0.0,0.0,0.0,0.0,10657.335618622184,1.3806990420692258,[10657.335618622184],True,Selected because it is the operational minimum after combined-signal decision gates.
2026-06-17,368318,Verde,1.384,0.0,-0.3202423459698513,0.6289259741468662,Crude | Currency | Geopolitics,HORMUZ_RECOVERY,540.964292,8.0,748.694580128,9909.710204330433,10658.404784458433,0.0,0.0,0.0,0.0,10658.404784458433,1.3805992160405038,[10658.404784458433],False,Feasible candidate rejected because its combined robust objective is higher or it failed a decision gate.
2026-06-17,368318,Verde,1.384,0.0,-0.3202423459698513,0.6289259741468662,Crude | Currency | Geopolitics,HORMUZ_RECOVERY,1848.902644,9.0,2558.881259296,8102.55479245251,10661.43605174851,0.0,0.0,0.0,0.0,10661.43605174851,1.3803578576118163,[10661.43605174851],False,Feasible candidate rejected because its combined robust objective is higher or it failed a decision gate.
2026-06-17,368318,Verde,1.384,0.0,-0.3202423459698513,0.6289259741468662,Crude | Currency | Geopolitics,HORMUZ_RECOVERY,3174.111615,10.0,4392.970475159999,6272.18079428566,10665.15126944566,0.0,0.0,0.0,0.0,10665.15126944566,1.3801133121755316,[10665.15126944566],False,Feasible candidate rejected because its combined robust objective is higher or it failed a decision gate.
2026-06-17,368318,Verde,1.384,0.0,-0.3202423459698513,0.6289259741468662,Crude | Currency | Geopolitics,HORMUZ_RECOVERY,4426.574793,11.0,6126.379513511999,4542.878786309431,10669.258299821431,0.0,0.0,0.0,0.0,10669.258299821431,1.3798821907743057,[10669.258299821431],False,Feasible candidate rejected because its combined robust objective is higher or it failed a decision gate.
2026-06-17,368318,Verde,1.384,0.0,-0.3202423459698513,0.6289259741468662,Crude | Currency | Geopolitics,HORMUZ_RECOVERY,5502.437439,12.0,7615.373415575999,3057.8750615526096,10673.248477128609,0.0,0.0,0.0,0.0,10673.248477128609,1.3796836580855707,[10673.248477128609],False,Feasible candidate rejected because its combined robust objective is higher or it failed a decision gate.
2026-06-17,368318,Verde,1.384,0.0,-0.3202423459698513,0.6289259741468662,Crude | Currency | Geopolitics,HORMUZ_RECOVERY,6644.498581,13.0,9195.986036104,1481.9655605907758,10677.951596694775,0.0,0.0,0.0,0.0,10677.951596694775,1.3794729095573415,[10677.951596694775],False,Feasible candidate rejected because its combined robust objective is higher or it failed a decision gate.
2026-06-17,368318,Verde,1.384,0.0,-0.3202423459698513,0.6289259741468662,Crude | Currency | Geopolitics,HORMUZ_RECOVERY,7718.796996,14.0,10682.815042463999,3.178407319433444e-07,10682.81504278184,0.0,0.0,0.0,0.0,10682.81504278184,1.379274665521612,[10682.81504278184],False,Feasible candidate rejected because its combined robust objective is higher or it failed a decision gate.
2026-06-17,368318,Verde,1.384,0.0,-0.3202423459698513,0.6289259741468662,Crude | Currency | Geopolitics,HORMUZ_RECOVERY,21074.298416,14.0,29166.829007744,0.0,29166.829007744,0.0,0.0,0.0,0.0,29166.829007744,1.3792746655215695,[29166.829007744],False,Feasible candidate rejected because its combined robust objective is higher or it failed a decision gate.
2026-06-17,368319,Diesel,1.478,0.0,-0.29802358670920737,0.6011313946029379,Crude | Currency | Geopolitics,HORMUZ_RECOVERY,0.0,14.0,0.0,0.0,0.0,0.0,0.0,0.0,0.0,0.0,1.4738232554129602,[0.0],True,Selected because it is the operational minimum after combined-signal decision gates.
2026-06-17,368319,Diesel,1.478,0.0,-0.29802358670920737,0.6011313946029379,Crude | Currency | Geopolitics,HORMUZ_RECOVERY,825.135181,14.0,1219.5497975179999,0.0,1219.5497975179999,0.0,0.0,0.0,0.0,1219.5497975179999,1.4738232554129602,[1219.5497975179999],False,Feasible candidate rejected because its combined robust objective is higher or it failed a decision gate.
2026-06-17,368319,Verde,1.384,0.0,-0.3202423459698513,0.6289259741468662,Crude | Currency | Geopolitics,HORMUZ_RECOVERY,0.0,14.0,0.0,0.0,0.0,0.0,0.0,0.0,0.0,0.0,1.3792746655215695,[0.0],True,Selected because it is the operational minimum after combined-signal decision gates.
2026-06-17,368319,Verde,1.384,0.0,-0.3202423459698513,0.6289259741468662,Crude | Currency | Geopolitics,HORMUZ_RECOVERY,2381.182991,14.0,3295.557259544,0.0,3295.557259544,0.0,0.0,0.0,0.0,3295.557259544,1.3792746655215695,[3295.557259544],False,Feasible candidate rejected because its combined robust objective is higher or it failed a decision gate.
2026-06-17,368320,Diesel,1.478,0.0,-0.29802358670920737,0.6011313946029379,Crude | Currency | Geopolitics,HORMUZ_RECOVERY,0.0,14.0,0.0,0.0,0.0,0.0,0.0,0.0,0.0,0.0,1.4738232554129602,[0.0],True,Selected because it is the operational minimum after combined-signal decision gates.
2026-06-17,368320,Diesel,1.478,0.0,-0.29802358670920737,0.6011313946029379,Crude | Currency | Geopolitics,HORMUZ_RECOVERY,3399.632267,14.0,5024.656490626,0.0,5024.656490626,0.0,0.0,0.0,0.0,5024.656490626,1.4738232554129602,[5024.656490626],False,Feasible candidate rejected because its combined robust objective is higher or it failed a decision gate.
2026-06-17,368320,Verde,1.384,0.0,-0.3202423459698513,0.6289259741468662,Crude | Currency | Geopolitics,HORMUZ_RECOVERY,0.0,14.0,0.0,0.0,0.0,0.0,0.0,0.0,0.0,0.0,1.3792746655215695,[0.0],True,Selected because it is the operational minimum after combined-signal decision gates.
2026-06-17,368320,Verde,1.384,0.0,-0.3202423459698513,0.6289259741468662,Crude | Currency | Geopolitics,HORMUZ_RECOVERY,36696.647484,14.0,50788.160117855994,0.0,50788.160117855994,0.0,0.0,0.0,0.0,50788.160117855994,1.3792746655215695,[50788.160117855994],False,Feasible candidate rejected because its combined robust objective is higher or it failed a decision gate.
2026-06-17,368321,Diesel,1.478,0.0,-0.29802358670920737,0.6011313946029379,Crude | Currency | Geopolitics,HORMUZ_RECOVERY,0.0,14.0,0.0,0.0,0.0,0.0,0.0,0.0,0.0,0.0,1.4738232554129602,[0.0],True,Selected because it is the operational minimum after combined-signal decision gates.
2026-06-17,368321,Diesel,1.478,0.0,-0.29802358670920737,0.6011313946029379,Crude | Currency | Geopolitics,HORMUZ_RECOVERY,877.596563,14.0,1297.087720114,0.0,1297.087720114,0.0,0.0,0.0,0.0,1297.087720114,1.4738232554129602,[1297.087720114],False,Feasible candidate rejected because its combined robust objective is higher or it failed a decision gate.
2026-06-17,368321,Verde,1.384,0.0,-0.3202423459698513,0.6289259741468662,Crude | Currency | Geopolitics,HORMUZ_RECOVERY,0.0,14.0,0.0,0.0,0.0,0.0,0.0,0.0,0.0,0.0,1.3792746655215695,[0.0],True,Selected because it is the operational minimum after combined-signal decision gates.
2026-06-17,368321,Verde,1.384,0.0,-0.3202423459698513,0.6289259741468662,Crude | Currency | Geopolitics,HORMUZ_RECOVERY,1550.987759,14.0,2146.567058456,0.0,2146.567058456,0.0,0.0,0.0,0.0,2146.567058456,1.3792746655215695,[2146.567058456],False,Feasible candidate rejected because its combined robust objective is higher or it failed a decision gate.
2026-06-17,368322,Diesel,1.478,0.0,-0.29802358670920737,0.6011313946029379,Crude | Currency | Geopolitics,HORMUZ_RECOVERY,0.0,14.0,0.0,0.0,0.0,0.0,0.0,0.0,0.0,0.0,1.4738232554129602,[0.0],True,Selected because it is the operational minimum after combined-signal decision gates.
2026-06-17,368322,Diesel,1.478,0.0,-0.29802358670920737,0.6011313946029379,Crude | Currency | Geopolitics,HORMUZ_RECOVERY,960.902902,14.0,1420.2144891560001,0.0,1420.2144891560001,0.0,0.0,0.0,0.0,1420.2144891560001,1.4738232554129602,[1420.2144891560001],False,Feasible candidate rejected because its combined robust objective is higher or it failed a decision gate.
2026-06-17,368322,Verde,1.384,0.0,-0.3202423459698513,0.6289259741468662,Crude | Currency | Geopolitics,HORMUZ_RECOVERY,0.0,14.0,0.0,0.0,0.0,0.0,0.0,0.0,0.0,0.0,1.3792746655215695,[0.0],True,Selected because it is the operational minimum after combined-signal decision gates.
2026-06-17,368322,Verde,1.384,0.0,-0.3202423459698513,0.6289259741468662,Crude | Currency | Geopolitics,HORMUZ_RECOVERY,4818.098977,14.0,6668.248984167999,0.0,6668.248984167999,0.0,0.0,0.0,0.0,6668.248984167999,1.3792746655215695,[6668.248984167999],False,Feasible candidate rejected because its combined robust objective is higher or it failed a decision gate.
2026-06-18,368318,Diesel,1.465,0.0,-0.5027497574109501,0.6451652022434302,Crude | Currency | Geopolitics,HORMUZ_RECOVERY,0.0,7.0,0.0,18500.11927837909,18500.11927837909,0.0,0.0,0.0,0.0,18500.11927837909,1.4433975447398495,[18500.11927837909],True,Selected because it is the operational minimum after combined-signal decision gates.
2026-06-18,368318,Diesel,1.465,0.0,-0.5027497574109501,0.6451652022434302,Crude | Currency | Geopolitics,HORMUZ_RECOVERY,607.700637,8.0,890.2814332050001,17617.9559331222,18508.2373663272,0.0,0.0,0.0,0.0,18508.2373663272,1.4429872254166167,[18508.2373663272],False,Feasible candidate rejected because its combined robust objective is higher or it failed a decision gate.
2026-06-18,368318,Diesel,1.465,0.0,-0.5027497574109501,0.6451652022434302,Crude | Currency | Geopolitics,HORMUZ_RECOVERY,2855.810819,9.0,4183.7628498349995,14358.841238757359,18542.604088592358,0.0,0.0,0.0,0.0,18542.604088592358,1.4414693019650553,[18542.604088592358],False,Feasible candidate rejected because its combined robust objective is higher or it failed a decision gate.
2026-06-18,368318,Diesel,1.465,0.0,-0.5027497574109501,0.6451652022434302,Crude | Currency | Geopolitics,HORMUZ_RECOVERY,4992.411264,10.0,7313.882501760001,11267.709190914979,18581.591692674978,0.0,0.0,0.0,0.0,18581.591692674978,1.4400266698609665,[18581.591692674978],False,Feasible candidate rejected because its combined robust objective is higher or it failed a decision gate.
2026-06-18,368318,Diesel,1.465,0.0,-0.5027497574109501,0.6451652022434302,Crude | Currency | Geopolitics,HORMUZ_RECOVERY,6793.309921,11.0,9952.199034265,8667.042412449751,18619.241446714754,0.0,0.0,0.0,0.0,18619.241446714754,1.4388107035230027,[18619.241446714754],False,Feasible candidate rejected because its combined robust objective is higher or it failed a decision gate.
2026-06-18,368318,Diesel,1.465,0.0,-0.5027497574109501,0.6451652022434302,Crude | Currency | Geopolitics,HORMUZ_RECOVERY,8827.301787,12.0,12931.997117955001,5735.033801035635,18667.030918990637,0.0,0.0,0.0,0.0,18667.030918990637,1.4374373527066562,[18667.030918990637],False,Feasible candidate rejected because its combined robust objective is higher or it failed a decision gate.
2026-06-18,368318,Diesel,1.465,0.0,-0.5027497574109501,0.6451652022434302,Crude | Currency | Geopolitics,HORMUZ_RECOVERY,10759.988071,13.0,15763.382524015,2954.233965016875,18717.616489031876,0.0,0.0,0.0,0.0,18717.616489031876,1.4361324033947926,[18717.616489031876],False,Feasible candidate rejected because its combined robust objective is higher or it failed a decision gate.
2026-06-18,368318,Diesel,1.465,0.0,-0.5027497574109501,0.6451652022434302,Crude | Currency | Geopolitics,HORMUZ_RECOVERY,12817.064395,14.0,18776.999338675,0.0,18776.999338675,0.0,0.0,0.0,0.0,18776.999338675,1.4347434659580474,[18776.999338675],False,Feasible candidate rejected because its combined robust objective is higher or it failed a decision gate.
2026-06-18,368318,Diesel,1.465,0.0,-0.5027497574109501,0.6451652022434302,Crude | Currency | Geopolitics,HORMUZ_RECOVERY,18689.762608,14.0,27380.50222072,0.0,27380.50222072,0.0,0.0,0.0,0.0,27380.50222072,1.4347434659580474,[27380.50222072],False,Feasible candidate rejected because its combined robust objective is higher or it failed a decision gate.
2026-06-18,368318,Verde,1.375,0.0,-0.5187162205036191,0.6756485640812065,Crude | Currency | Geopolitics,HORMUZ_RECOVERY,0.0,6.0,0.0,12040.573433189584,12040.573433189584,0.0,0.0,0.0,0.0,12040.573433189584,1.3584884671605086,[12040.573433189584],True,Selected because it is the operational minimum after combined-signal decision gates.
2026-06-18,368318,Verde,1.375,0.0,-0.5187162205036191,0.6756485640812065,Crude | Currency | Geopolitics,HORMUZ_RECOVERY,540.964292,7.0,743.8259015,11301.240068623436,12045.065970123436,0.0,0.0,0.0,0.0,12045.065970123436,1.3579550040805446,[12045.065970123436],False,Feasible candidate rejected because its combined robust objective is higher or it failed a decision gate.
2026-06-18,368318,Verde,1.375,0.0,-0.5187162205036191,0.6756485640812065,Crude | Currency | Geopolitics,HORMUZ_RECOVERY,1848.902644,8.0,2542.2411355,9516.071566272682,12058.312701772682,0.0,0.0,0.0,0.0,12058.312701772682,1.3566652020881032,[12058.312701772682],False,Feasible candidate rejected because its combined robust objective is higher or it failed a decision gate.
2026-06-18,368318,Verde,1.375,0.0,-0.5187162205036191,0.6756485640812065,Crude | Currency | Geopolitics,HORMUZ_RECOVERY,3174.111615,9.0,4364.4034706249995,7710.77196288801,12075.17543351301,0.0,0.0,0.0,0.0,12075.17543351301,1.355358368957487,[12075.17543351301],False,Feasible candidate rejected because its combined robust objective is higher or it failed a decision gate.
2026-06-18,368318,Verde,1.375,0.0,-0.5187162205036191,0.6756485640812065,Crude | Currency | Geopolitics,HORMUZ_RECOVERY,4426.574793,10.0,6086.540340375,6007.75583769624,12094.29617807124,0.0,0.0,0.0,0.0,12094.29617807124,1.354123272899654,[12094.29617807124],False,Feasible candidate rejected because its combined robust objective is higher or it failed a decision gate.
2026-06-18,368318,Verde,1.375,0.0,-0.5187162205036191,0.6756485640812065,Crude | Currency | Geopolitics,HORMUZ_RECOVERY,5502.437439,11.0,7565.851478625001,4547.339593895816,12113.191072520816,0.0,0.0,0.0,0.0,12113.191072520816,1.3530623285651737,[12113.191072520816],False,Feasible candidate rejected because its combined robust objective is higher or it failed a decision gate.
2026-06-18,368318,Verde,1.375,0.0,-0.5187162205036191,0.6756485640812065,Crude | Currency | Geopolitics,HORMUZ_RECOVERY,6644.498581,12.0,9136.185548875,2999.5609136628204,12135.746462537822,0.0,0.0,0.0,0.0,12135.746462537822,1.3519361036676554,[12135.746462537822],False,Feasible candidate rejected because its combined robust objective is higher or it failed a decision gate.
2026-06-18,368318,Verde,1.375,0.0,-0.5187162205036191,0.6756485640812065,Crude | Currency | Geopolitics,HORMUZ_RECOVERY,7718.796996,13.0,10613.3458695,1545.9657033273968,12159.311572827397,0.0,0.0,0.0,0.0,12159.311572827397,1.3508767018739662,[12159.311572827397],False,Feasible candidate rejected because its combined robust objective is higher or it failed a decision gate.
2026-06-18,368318,Verde,1.375,0.0,-0.5187162205036191,0.6756485640812065,Crude | Currency | Geopolitics,HORMUZ_RECOVERY,8863.213582,14.0,12186.91867525,6.180173029382624e-08,12186.918675311803,0.0,0.0,0.0,0.0,12186.918675311803,1.3497481541939103,[12186.918675311803],False,Feasible candidate rejected because its combined robust objective is higher or it failed a decision gate.
2026-06-18,368318,Verde,1.375,0.0,-0.5187162205036191,0.6756485640812065,Crude | Currency | Geopolitics,HORMUZ_RECOVERY,22218.715001,14.0,30550.733126375002,0.0,30550.733126375002,0.0,0.0,0.0,0.0,30550.733126375002,1.3497481541938652,[30550.733126375002],False,Feasible candidate rejected because its combined robust objective is higher or it failed a decision gate.
2026-06-18,368319,Diesel,1.465,0.0,-0.5027497574109501,0.6451652022434302,Crude | Currency | Geopolitics,HORMUZ_RECOVERY,0.0,14.0,0.0,0.0,0.0,0.0,0.0,0.0,0.0,0.0,1.4347434659580474,[0.0],True,Selected because it is the operational minimum after combined-signal decision gates.
2026-06-18,368319,Diesel,1.465,0.0,-0.5027497574109501,0.6451652022434302,Crude | Currency | Geopolitics,HORMUZ_RECOVERY,1222.620077,14.0,1791.1384128050001,0.0,1791.1384128050001,0.0,0.0,0.0,0.0,1791.1384128050001,1.4347434659580474,[1791.1384128050001],False,Feasible candidate rejected because its combined robust objective is higher or it failed a decision gate.
2026-06-18,368319,Verde,1.375,0.0,-0.5187162205036191,0.6756485640812065,Crude | Currency | Geopolitics,HORMUZ_RECOVERY,0.0,14.0,0.0,0.0,0.0,0.0,0.0,0.0,0.0,0.0,1.3497481541938652,[0.0],True,Selected because it is the operational minimum after combined-signal decision gates.
2026-06-18,368319,Verde,1.375,0.0,-0.5187162205036191,0.6756485640812065,Crude | Currency | Geopolitics,HORMUZ_RECOVERY,2821.319412,14.0,3879.3141914999997,0.0,3879.3141914999997,0.0,0.0,0.0,0.0,3879.3141914999997,1.3497481541938652,[3879.3141914999997],False,Feasible candidate rejected because its combined robust objective is higher or it failed a decision gate.
2026-06-18,368320,Diesel,1.465,0.0,-0.5027497574109501,0.6451652022434302,Crude | Currency | Geopolitics,HORMUZ_RECOVERY,0.0,14.0,0.0,0.0,0.0,0.0,0.0,0.0,0.0,0.0,1.4347434659580474,[0.0],True,Selected because it is the operational minimum after combined-signal decision gates.
2026-06-18,368320,Diesel,1.465,0.0,-0.5027497574109501,0.6451652022434302,Crude | Currency | Geopolitics,HORMUZ_RECOVERY,4626.275374,14.0,6777.49342291,0.0,6777.49342291,0.0,0.0,0.0,0.0,6777.49342291,1.4347434659580474,[6777.49342291],False,Feasible candidate rejected because its combined robust objective is higher or it failed a decision gate.
2026-06-18,368320,Verde,1.375,0.0,-0.5187162205036191,0.6756485640812065,Crude | Currency | Geopolitics,HORMUZ_RECOVERY,0.0,14.0,0.0,0.0,0.0,0.0,0.0,0.0,0.0,0.0,1.3497481541938652,[0.0],True,Selected because it is the operational minimum after combined-signal decision gates.
2026-06-18,368320,Verde,1.375,0.0,-0.5187162205036191,0.6756485640812065,Crude | Currency | Geopolitics,HORMUZ_RECOVERY,37516.595906,14.0,51585.31937075,0.0,51585.31937075,0.0,0.0,0.0,0.0,51585.31937075,1.3497481541938652,[51585.31937075],False,Feasible candidate rejected because its combined robust objective is higher or it failed a decision gate.
2026-06-18,368321,Diesel,1.465,0.0,-0.5027497574109501,0.6451652022434302,Crude | Currency | Geopolitics,HORMUZ_RECOVERY,0.0,14.0,0.0,0.0,0.0,0.0,0.0,0.0,0.0,0.0,1.4347434659580474,[0.0],True,Selected because it is the operational minimum after combined-signal decision gates.
2026-06-18,368321,Diesel,1.465,0.0,-0.5027497574109501,0.6451652022434302,Crude | Currency | Geopolitics,HORMUZ_RECOVERY,1355.539007,14.0,1985.8646452550001,0.0,1985.8646452550001,0.0,0.0,0.0,0.0,1985.8646452550001,1.4347434659580474,[1985.8646452550001],False,Feasible candidate rejected because its combined robust objective is higher or it failed a decision gate.
2026-06-18,368321,Verde,1.375,0.0,-0.5187162205036191,0.6756485640812065,Crude | Currency | Geopolitics,HORMUZ_RECOVERY,0.0,14.0,0.0,0.0,0.0,0.0,0.0,0.0,0.0,0.0,1.3497481541938652,[0.0],True,Selected because it is the operational minimum after combined-signal decision gates.
2026-06-18,368321,Verde,1.375,0.0,-0.5187162205036191,0.6756485640812065,Crude | Currency | Geopolitics,HORMUZ_RECOVERY,1908.746705,14.0,2624.526719375,0.0,2624.526719375,0.0,0.0,0.0,0.0,2624.526719375,1.3497481541938652,[2624.526719375],False,Feasible candidate rejected because its combined robust objective is higher or it failed a decision gate.
2026-06-18,368322,Diesel,1.465,0.0,-0.5027497574109501,0.6451652022434302,Crude | Currency | Geopolitics,HORMUZ_RECOVERY,0.0,14.0,0.0,0.0,0.0,0.0,0.0,0.0,0.0,0.0,1.4347434659580474,[0.0],True,Selected because it is the operational minimum after combined-signal decision gates.
2026-06-18,368322,Diesel,1.465,0.0,-0.5027497574109501,0.6451652022434302,Crude | Currency | Geopolitics,HORMUZ_RECOVERY,1516.519304,14.0,2221.70078036,0.0,2221.70078036,0.0,0.0,0.0,0.0,2221.70078036,1.4347434659580474,[2221.70078036],False,Feasible candidate rejected because its combined robust objective is higher or it failed a decision gate.
2026-06-18,368322,Verde,1.375,0.0,-0.5187162205036191,0.6756485640812065,Crude | Currency | Geopolitics,HORMUZ_RECOVERY,0.0,14.0,0.0,0.0,0.0,0.0,0.0,0.0,0.0,0.0,1.3497481541938652,[0.0],True,Selected because it is the operational minimum after combined-signal decision gates.
2026-06-18,368322,Verde,1.375,0.0,-0.5187162205036191,0.6756485640812065,Crude | Currency | Geopolitics,HORMUZ_RECOVERY,5321.494284,14.0,7317.0546405000005,0.0,7317.0546405000005,0.0,0.0,0.0,0.0,7317.0546405000005,1.3497481541938652,[7317.0546405000005],False,Feasible candidate rejected because its combined robust objective is higher or it failed a decision gate.
2026-06-19,368318,Diesel,1.445,0.0,-0.6100694698883513,0.6484707609712395,Crude | Currency | Geopolitics,HORMUZ_RECOVERY,0.0,6.0,0.0,21490.91030747091,21490.91030747091,570.3772477422172,0.0,0.0,0.0,21490.91030747091,1.416545537422616,"[20735.08776884899, 21080.686601112728, 21566.774290103513, 21842.128694003728, 22061.287555213126]",True,Selected because it is the operational minimum after combined-signal decision gates.
2026-06-19,368318,Diesel,1.445,0.0,-0.6100694698883513,0.6484707609712395,Crude | Currency | Geopolitics,HORMUZ_RECOVERY,607.700637,7.0,878.1274204650001,20621.578303197908,21499.70572366291,558.7562362900608,0.0,0.0,0.0,21499.70572366291,1.4159621412052945,"[20759.282506125222, 21097.840019676678, 21574.024034173304, 21843.768297252172, 22058.461959952972]",False,Feasible candidate rejected because its combined robust objective is higher or it failed a decision gate.
2026-06-19,368318,Diesel,1.445,0.0,-0.6100694698883513,0.6484707609712395,Crude | Currency | Geopolitics,HORMUZ_RECOVERY,2855.810819,8.0,4126.646633455,17411.76000717639,21538.40664063139,507.62235137982134,0.0,0.0,0.0,21538.40664063139,1.413803942091378,"[20865.742336787134, 21173.317178810154, 21605.923803003207, 21850.982753941214, 22046.02899201121]",False,Feasible candidate rejected because its combined robust objective is higher or it failed a decision gate.
2026-06-19,368318,Diesel,1.445,0.0,-0.6100694698883513,0.6484707609712395,Crude | Currency | Geopolitics,HORMUZ_RECOVERY,4992.411264,9.0,7214.034276480001,14370.147351145857,21584.181627625854,447.1417969100439,0.0,0.0,0.0,21584.181627625854,1.4117527929866265,"[20991.661765723413, 21262.590670198682, 21643.654472395472, 21859.51592800999, 22031.323424535898]",False,Feasible candidate rejected because its combined robust objective is higher or it failed a decision gate.
2026-06-19,368318,Diesel,1.445,0.0,-0.6100694698883513,0.6484707609712395,Crude | Currency | Geopolitics,HORMUZ_RECOVERY,6793.309921,10.0,9816.332835845,11813.239068987477,21629.57190483248,387.16954321336743,0.0,0.0,0.0,21629.57190483248,1.4100239195902464,"[21116.522921572767, 21351.11387440667, 21681.06803939689, 21867.977386152634, 22016.741448045846]",False,Feasible candidate rejected because its combined robust objective is higher or it failed a decision gate.
2026-06-19,368318,Diesel,1.445,0.0,-0.6100694698883513,0.6484707609712395,Crude | Currency | Geopolitics,HORMUZ_RECOVERY,8827.301787,11.0,12755.451082215,8932.874213357789,21688.32529557279,309.54117273707743,0.0,0.0,0.0,21688.32529557279,1.4080712753301643,"[21278.143795675576, 21465.69873104325, 21729.496338501936, 21878.929937824105, 21997.86646830987]",False,Feasible candidate rejected because its combined robust objective is higher or it failed a decision gate.
2026-06-19,368318,Diesel,1.445,0.0,-0.6100694698883513,0.6484707609712395,Crude | Currency | Geopolitics,HORMUZ_RECOVERY,10759.988071,12.0,15548.182762595,6203.329371658738,21751.51213425374,226.05507498943916,0.0,0.0,0.0,21751.51213425374,1.4062158850299002,"[21451.960352826252, 21588.929999236396, 21781.578968705668, 21890.708953586247, 21977.567209243178]",False,Feasible candidate rejected because its combined robust objective is higher or it failed a decision gate.
2026-06-19,368318,Diesel,1.445,0.0,-0.6100694698883513,0.6484707609712395,Crude | Currency | Geopolitics,HORMUZ_RECOVERY,12817.064395,13.0,18520.658050775,3305.9867090016587,21826.64475977666,126.78551428052742,0.0,0.0,0.0,21826.64475977666,1.4042410795531661,"[21658.637796589894, 21735.458752995066, 21843.508079783755, 21904.714850997174, 21953.430274057187]",False,Feasible candidate rejected because its combined robust objective is higher or it failed a decision gate.
2026-06-19,368318,Diesel,1.445,0.0,-0.6100694698883513,0.6484707609712395,Crude | Currency | Geopolitics,HORMUZ_RECOVERY,15171.351531,14.0,21922.602962295,0.0,21922.602962295,0.0,0.0,0.0,0.0,21922.602962295,1.4019809499337033,"[21922.602962295, 21922.602962295, 21922.602962295, 21922.602962295, 21922.602962295]",False,Feasible candidate rejected because its combined robust objective is higher or it failed a decision gate.
2026-06-19,368318,Diesel,1.445,0.0,-0.6100694698883513,0.6484707609712395,Crude | Currency | Geopolitics,HORMUZ_RECOVERY,21044.049743,14.0,30408.651878635003,0.0,30408.651878635006,0.0,0.0,0.0,0.0,30408.651878635006,1.4019809499337033,"[30408.651878635003, 30408.651878635003, 30408.651878635003, 30408.651878635003, 30408.651878635003]",False,Feasible candidate rejected because its combined robust objective is higher or it failed a decision gate.
2026-06-19,368318,Verde,1.36,0.0,-0.6197469897454269,0.6819030115819811,Crude | Currency | Geopolitics,HORMUZ_RECOVERY,0.0,5.0,0.0,13697.617044305005,13697.617044305005,526.7490011709906,0.0,0.0,0.0,13697.617044305005,1.3467124601327072,"[13321.939269554689, 13470.293631842625, 13635.815178951092, 13973.008574264872, 14224.366045475996]",True,Selected because it is the operational minimum after combined-signal decision gates.
2026-06-19,368318,Verde,1.36,0.0,-0.6197469897454269,0.6819030115819811,Crude | Currency | Geopolitics,HORMUZ_RECOVERY,540.964292,6.0,735.71143712,12964.609133633536,13700.320570753536,516.2119370938726,0.0,0.0,0.0,13700.320570753536,1.3462467830021456,"[13332.157837846853, 13477.544525933086, 13639.754987222412, 13970.203180542634, 14216.532507847409]",False,Feasible candidate rejected because its combined robust objective is higher or it failed a decision gate.
2026-06-19,368318,Verde,1.36,0.0,-0.6197469897454269,0.6819030115819811,Crude | Currency | Geopolitics,HORMUZ_RECOVERY,1848.902644,7.0,2514.5075958400002,11194.431233147883,13708.938828987886,482.62205329679455,0.0,0.0,0.0,13708.938828987886,1.345120873237457,"[13364.732425890947, 13500.658809773544, 13652.314244815214, 13961.260191447636, 14191.56088228468]",False,Feasible candidate rejected because its combined robust objective is higher or it failed a decision gate.
2026-06-19,368318,Verde,1.36,0.0,-0.6197469897454269,0.6819030115819811,Crude | Currency | Geopolitics,HORMUZ_RECOVERY,3174.111615,8.0,4316.7917964,9403.882923626852,13720.674720026853,436.88111521688006,0.0,0.0,0.0,13720.674720026853,1.3439800964428774,"[13409.090787584162, 13532.134626489526, 13669.416781619228, 13949.08209899233, 14157.555835243733]",False,Feasible candidate rejected because its combined robust objective is higher or it failed a decision gate.
2026-06-19,368318,Verde,1.36,0.0,-0.6197469897454269,0.6819030115819811,Crude | Currency | Geopolitics,HORMUZ_RECOVERY,4426.574793,9.0,6020.14171848,7714.40379520932,13734.54551368932,382.81933908692554,0.0,0.0,0.0,13734.54551368932,1.3429019412531724,"[13461.518479713268, 13569.336280592772, 13689.630479780326, 13934.688662048418, 14117.364852776245]",False,Feasible candidate rejected because its combined robust objective is higher or it failed a decision gate.
2026-06-19,368318,Verde,1.36,0.0,-0.6197469897454269,0.6819030115819811,Crude | Currency | Geopolitics,HORMUZ_RECOVERY,5502.437439,10.0,7483.314917040001,6265.301910993678,13748.61682803368,327.9760284263775,0.0,0.0,0.0,13748.61682803368,1.3419758087204403,"[13514.70408352584, 13607.075733846505, 13710.136393703368, 13920.087148922208, 14076.592856460058]",False,Feasible candidate rejected because its combined robust objective is higher or it failed a decision gate.
2026-06-19,368318,Verde,1.36,0.0,-0.6197469897454269,0.6819030115819811,Crude | Currency | Geopolitics,HORMUZ_RECOVERY,6644.498581,11.0,9036.51807016,4729.216369810249,13765.73443997025,261.25969431362137,0.0,0.0,0.0,13765.73443997025,1.34099269067846,"[13579.40383398239, 13652.985397982085, 13735.08163110971, 13902.32455551661, 14026.994134283872]",False,Feasible candidate rejected because its combined robust objective is higher or it failed a decision gate.
2026-06-19,368318,Verde,1.36,0.0,-0.6197469897454269,0.6819030115819811,Crude | Currency | Geopolitics,HORMUZ_RECOVERY,7718.796996,12.0,10497.563914560002,3286.3221441756577,13783.88605873566,190.5132919107691,0.0,0.0,0.0,13783.88605873566,1.3400679046793427,"[13648.01183893403, 13701.668282260864, 13761.533711054646, 13883.488994517907, 13974.399350646429]",False,Feasible candidate rejected because its combined robust objective is higher or it failed a decision gate.
2026-06-19,368318,Verde,1.36,0.0,-0.6197469897454269,0.6819030115819811,Crude | Currency | Geopolitics,HORMUZ_RECOVERY,8863.213582,13.0,12053.97047152,1751.4376978846553,13805.408169404658,106.6303103637365,0.0,0.0,0.0,13805.408169404658,1.3390827590055585,"[13729.35935368914, 13759.390870900203, 13792.897557957656, 13861.155943478998, 13912.038479768395]",False,Feasible candidate rejected because its combined robust objective is higher or it failed a decision gate.
2026-06-19,368318,Verde,1.36,0.0,-0.6197469897454269,0.6819030115819811,Crude | Currency | Geopolitics,HORMUZ_RECOVERY,10171.151935,14.0,13832.766631600001,0.0,13832.766631600003,0.0,0.0,0.0,0.0,13832.766631600003,1.3379568492403044,"[13832.766631600001, 13832.766631600001, 13832.766631600001, 13832.766631600001, 13832.766631600001]",False,Feasible candidate rejected because its combined robust objective is higher or it failed a decision gate.
2026-06-19,368318,Verde,1.36,0.0,-0.6197469897454269,0.6819030115819811,Crude | Currency | Geopolitics,HORMUZ_RECOVERY,23526.653354,14.0,31996.24856144,0.0,31996.248561440003,0.0,0.0,0.0,0.0,31996.248561440003,1.3379568492403044,"[31996.24856144, 31996.24856144, 31996.24856144, 31996.24856144, 31996.24856144]",False,Feasible candidate rejected because its combined robust objective is higher or it failed a decision gate.
2026-06-19,368319,Diesel,1.445,0.0,-0.6100694698883513,0.6484707609712395,Crude | Currency | Geopolitics,HORMUZ_RECOVERY,0.0,14.0,0.0,0.0,0.0,0.0,0.0,0.0,0.0,0.0,1.4019809499337033,"[0.0, 0.0, 0.0, 0.0, 0.0]",True,Selected because it is the operational minimum after combined-signal decision gates.
2026-06-19,368319,Diesel,1.445,0.0,-0.6100694698883513,0.6484707609712395,Crude | Currency | Geopolitics,HORMUZ_RECOVERY,1616.60667,14.0,2335.99663815,0.0,2335.99663815,0.0,0.0,0.0,0.0,2335.99663815,1.4019809499337033,"[2335.99663815, 2335.99663815, 2335.99663815, 2335.99663815, 2335.99663815]",False,Feasible candidate rejected because its combined robust objective is higher or it failed a decision gate.
2026-06-19,368319,Verde,1.36,0.0,-0.6197469897454269,0.6819030115819811,Crude | Currency | Geopolitics,HORMUZ_RECOVERY,0.0,14.0,0.0,0.0,0.0,0.0,0.0,0.0,0.0,0.0,1.3379568492403044,"[0.0, 0.0, 0.0, 0.0, 0.0]",True,Selected because it is the operational minimum after combined-signal decision gates.
2026-06-19,368319,Verde,1.36,0.0,-0.6197469897454269,0.6819030115819811,Crude | Currency | Geopolitics,HORMUZ_RECOVERY,3304.725576,14.0,4494.42678336,0.0,4494.42678336,0.0,0.0,0.0,0.0,4494.42678336,1.3379568492403044,"[4494.42678336, 4494.42678336, 4494.42678336, 4494.42678336, 4494.42678336]",False,Feasible candidate rejected because its combined robust objective is higher or it failed a decision gate.
2026-06-19,368320,Diesel,1.445,0.0,-0.6100694698883513,0.6484707609712395,Crude | Currency | Geopolitics,HORMUZ_RECOVERY,0.0,14.0,0.0,0.0,0.0,0.0,0.0,0.0,0.0,0.0,1.4019809499337033,"[0.0, 0.0, 0.0, 0.0, 0.0]",True,Selected because it is the operational minimum after combined-signal decision gates.
2026-06-19,368320,Diesel,1.445,0.0,-0.6100694698883513,0.6484707609712395,Crude | Currency | Geopolitics,HORMUZ_RECOVERY,5965.028362,14.0,8619.46598309,0.0,8619.46598309,0.0,0.0,0.0,0.0,8619.46598309,1.4019809499337033,"[8619.46598309, 8619.46598309, 8619.46598309, 8619.46598309, 8619.46598309]",False,Feasible candidate rejected because its combined robust objective is higher or it failed a decision gate.
2026-06-19,368320,Verde,1.36,0.0,-0.6197469897454269,0.6819030115819811,Crude | Currency | Geopolitics,HORMUZ_RECOVERY,0.0,14.0,0.0,0.0,0.0,0.0,0.0,0.0,0.0,0.0,1.3379568492403044,"[0.0, 0.0, 0.0, 0.0, 0.0]",True,Selected because it is the operational minimum after combined-signal decision gates.
2026-06-19,368320,Verde,1.36,0.0,-0.6197469897454269,0.6819030115819811,Crude | Currency | Geopolitics,HORMUZ_RECOVERY,38390.487001,14.0,52211.062321360005,0.0,52211.062321360005,0.0,0.0,0.0,0.0,52211.062321360005,1.3379568492403044,"[52211.062321360005, 52211.062321360005, 52211.062321360005, 52211.062321360005, 52211.062321360005]",False,Feasible candidate rejected because its combined robust objective is higher or it failed a decision gate.
2026-06-19,368321,Diesel,1.445,0.0,-0.6100694698883513,0.6484707609712395,Crude | Currency | Geopolitics,HORMUZ_RECOVERY,0.0,14.0,0.0,0.0,0.0,0.0,0.0,0.0,0.0,0.0,1.4019809499337033,"[0.0, 0.0, 0.0, 0.0, 0.0]",True,Selected because it is the operational minimum after combined-signal decision gates.
2026-06-19,368321,Diesel,1.445,0.0,-0.6100694698883513,0.6484707609712395,Crude | Currency | Geopolitics,HORMUZ_RECOVERY,1895.587041,14.0,2739.123274245,0.0,2739.123274245,0.0,0.0,0.0,0.0,2739.123274245,1.4019809499337033,"[2739.123274245, 2739.123274245, 2739.123274245, 2739.123274245, 2739.123274245]",False,Feasible candidate rejected because its combined robust objective is higher or it failed a decision gate.
2026-06-19,368321,Verde,1.36,0.0,-0.6197469897454269,0.6819030115819811,Crude | Currency | Geopolitics,HORMUZ_RECOVERY,0.0,14.0,0.0,0.0,0.0,0.0,0.0,0.0,0.0,0.0,1.3379568492403044,"[0.0, 0.0, 0.0, 0.0, 0.0]",True,Selected because it is the operational minimum after combined-signal decision gates.
2026-06-19,368321,Verde,1.36,0.0,-0.6197469897454269,0.6819030115819811,Crude | Currency | Geopolitics,HORMUZ_RECOVERY,2294.230758,14.0,3120.1538308800004,0.0,3120.153830880001,0.0,0.0,0.0,0.0,3120.153830880001,1.3379568492403044,"[3120.1538308800004, 3120.1538308800004, 3120.1538308800004, 3120.1538308800004, 3120.1538308800004]",False,Feasible candidate rejected because its combined robust objective is higher or it failed a decision gate.
2026-06-19,368322,Diesel,1.445,0.0,-0.6100694698883513,0.6484707609712395,Crude | Currency | Geopolitics,HORMUZ_RECOVERY,0.0,14.0,0.0,0.0,0.0,0.0,0.0,0.0,0.0,0.0,1.4019809499337033,"[0.0, 0.0, 0.0, 0.0, 0.0]",True,Selected because it is the operational minimum after combined-signal decision gates.
2026-06-19,368322,Diesel,1.445,0.0,-0.6100694698883513,0.6484707609712395,Crude | Currency | Geopolitics,HORMUZ_RECOVERY,2144.308064,14.0,3098.52515248,0.0,3098.5251524800005,0.0,0.0,0.0,0.0,3098.5251524800005,1.4019809499337033,"[3098.52515248, 3098.52515248, 3098.52515248, 3098.52515248, 3098.52515248]",False,Feasible candidate rejected because its combined robust objective is higher or it failed a decision gate.
2026-06-19,368322,Verde,1.36,0.0,-0.6197469897454269,0.6819030115819811,Crude | Currency | Geopolitics,HORMUZ_RECOVERY,0.0,14.0,0.0,0.0,0.0,0.0,0.0,0.0,0.0,0.0,1.3379568492403044,"[0.0, 0.0, 0.0, 0.0, 0.0]",True,Selected because it is the operational minimum after combined-signal decision gates.
2026-06-19,368322,Verde,1.36,0.0,-0.6197469897454269,0.6819030115819811,Crude | Currency | Geopolitics,HORMUZ_RECOVERY,5803.092831,14.0,7892.20625016,0.0,7892.206250160001,0.0,0.0,0.0,0.0,7892.206250160001,1.3379568492403044,"[7892.20625016, 7892.20625016, 7892.20625016, 7892.20625016, 7892.20625016]",False,Feasible candidate rejected because its combined robust objective is higher or it failed a decision gate.
2026-06-20,368318,Diesel,1.415,0.0,-0.5507594853854677,0.686849137250613,Crude | Currency | Geopolitics | Supply and demand,HORMUZ_RECOVERY,0.0,5.0,0.0,24087.54851531423,24087.54851531423,936.5806076939334,0.0,0.0,0.0,24087.54851531423,1.3827952271595427,"[22602.383056030176, 23379.252338896586, 24230.65760703339, 24783.918934088608, 25024.129123008162]",True,Selected because it is the operational minimum after combined-signal decision gates.
2026-06-20,368318,Diesel,1.415,0.0,-0.5507594853854677,0.686849137250613,Crude | Currency | Geopolitics | Supply and demand,HORMUZ_RECOVERY,607.700637,6.0,859.8964013550001,23235.211315333432,24095.10771668843,923.9604115285365,0.0,0.0,0.0,24095.10771668843,1.3820807476031385,"[22629.954501177377, 23396.35565918181, 24236.28844816213, 24782.094713238912, 25019.068128216968]",False,Feasible candidate rejected because its combined robust objective is higher or it failed a decision gate.
2026-06-20,368318,Diesel,1.415,0.0,-0.5507594853854677,0.686849137250613,Crude | Currency | Geopolitics | Supply and demand,HORMUZ_RECOVERY,2855.810819,7.0,4040.9723088849996,20089.647964068336,24130.620272953332,864.6716845570663,0.0,0.0,0.0,24130.620272953332,1.3794376225711942,"[22759.483064926953, 23476.705764156974, 24262.741713858373, 24773.524661674273, 24995.2919575104]",False,Feasible candidate rejected because its combined robust objective is higher or it failed a decision gate.
2026-06-20,368318,Diesel,1.415,0.0,-0.5507594853854677,0.686849137250613,Crude | Currency | Geopolitics | Supply and demand,HORMUZ_RECOVERY,4992.411264,8.0,7064.261938560001,17111.12390235413,24175.385840914132,789.9349205586441,0.0,0.0,0.0,24175.385840914132,1.3769256006228663,"[22922.761080740383, 23577.9915758032, 24296.087538205025, 24762.72163125082, 24965.320761472776]",False,Feasible candidate rejected because its combined robust objective is higher or it failed a decision gate.
2026-06-20,368318,Diesel,1.415,0.0,-0.5507594853854677,0.686849137250613,Crude | Currency | Geopolitics | Supply and demand,HORMUZ_RECOVERY,6793.309921,9.0,9612.533538215,14608.92132399937,24221.45486221437,713.0220223336182,0.0,0.0,0.0,24221.45486221437,1.3748082665355852,"[23090.79331468763, 23682.22655877557, 24330.404303569096, 24751.604045540276, 24934.47688454799]",False,Feasible candidate rejected because its combined robust objective is higher or it failed a decision gate.
2026-06-20,368318,Diesel,1.415,0.0,-0.5507594853854677,0.686849137250613,Crude | Currency | Geopolitics | Supply and demand,HORMUZ_RECOVERY,8827.301787,10.0,12490.632028605001,11792.025338417729,24282.65736702273,610.8435542310799,0.0,0.0,0.0,24282.65736702273,1.3724168824927385,"[23314.023444520273, 23820.702303788465, 24375.993984832654, 24736.834378772837, 24893.50092125381]",False,Feasible candidate rejected because its combined robust objective is higher or it failed a decision gate.
2026-06-20,368318,Diesel,1.415,0.0,-0.5507594853854677,0.686849137250613,Crude | Currency | Geopolitics | Supply and demand,HORMUZ_RECOVERY,10759.988071,11.0,15225.383120465,9124.441877690588,24349.824998155585,498.70622134376026,0.0,0.0,0.0,24349.824998155585,1.370144604409112,"[23559.010787199957, 23972.674642028513, 24426.02708240216, 24720.625180595445, 24848.531219499346]",False,Feasible candidate rejected because its combined robust objective is higher or it failed a decision gate.
2026-06-20,368318,Diesel,1.415,0.0,-0.5507594853854677,0.686849137250613,Crude | Currency | Geopolitics | Supply and demand,HORMUZ_RECOVERY,12817.064395,12.0,18136.146118925,6294.818840074941,24430.964958999943,363.2418816580466,0.0,0.0,0.0,24430.964958999943,1.3677260797442101,"[23854.960831248263, 24156.260535504953, 24486.46815363306, 24701.0441162755, 24794.20684065799]",False,Feasible candidate rejected because its combined robust objective is higher or it failed a decision gate.
2026-06-20,368318,Diesel,1.415,0.0,-0.5507594853854677,0.686849137250613,Crude | Currency | Geopolitics | Supply and demand,HORMUZ_RECOVERY,15171.351531,13.0,21467.462416365,3068.5762497021105,24536.03866606711,187.81980604860655,0.0,0.0,0.0,24536.03866606711,1.3649581214335496,"[24238.20686577003, 24393.9985155591, 24564.73744717541, 24675.687251482763, 24723.858472115717]",False,Feasible candidate rejected because its combined robust objective is higher or it failed a decision gate.
2026-06-20,368318,Diesel,1.415,0.0,-0.5507594853854677,0.686849137250613,Crude | Currency | Geopolitics | Supply and demand,HORMUZ_RECOVERY,17419.461712,14.0,24648.538322480003,2.681978950216452e-07,24648.5383227482,1.7316779121756554e-08,0.0,0.0,0.0,24648.5383227482,1.3623149964027805,"[24648.538322720742, 24648.538322735105, 24648.538322750846, 24648.538322761076, 24648.53832276552]",False,Feasible candidate rejected because its combined robust objective is higher or it failed a decision gate.
2026-06-20,368318,Diesel,1.415,0.0,-0.5507594853854677,0.686849137250613,Crude | Currency | Geopolitics | Supply and demand,HORMUZ_RECOVERY,23292.159925,14.0,32958.406293875,0.0,32958.406293875,0.0,0.0,0.0,0.0,32958.406293875,1.3623149964025492,"[32958.406293875, 32958.406293875, 32958.406293875, 32958.406293875, 32958.406293875]",False,Feasible candidate rejected because its combined robust objective is higher or it failed a decision gate.
2026-06-20,368318,Verde,1.353,0.0,-0.5604808836371872,0.7166039724427183,Crude | Currency | Geopolitics | Supply and demand,HORMUZ_RECOVERY,0.0,4.0,0.0,15400.380980463418,15400.380980463417,520.979717317412,0.0,0.0,0.0,15400.380980463417,1.3395874666435854,"[14920.198725098908, 15052.974789818092, 15389.73816430179, 15748.674072455542, 15921.360697780829]",True,Selected because it is the operational minimum after combined-signal decision gates.
2026-06-20,368318,Verde,1.353,0.0,-0.5604808836371872,0.7166039724427183,Crude | Currency | Geopolitics | Supply and demand,HORMUZ_RECOVERY,540.964292,5.0,731.9246870759999,14670.078689947442,15402.003377023442,515.4981263154859,0.0,0.0,0.0,15402.003377023442,1.3390732629821382,"[14926.873454106428, 15058.252489234166, 15391.472541354275, 15746.631834451811, 15917.501503338928]",False,Feasible candidate rejected because its combined robust objective is higher or it failed a decision gate.
2026-06-20,368318,Verde,1.353,0.0,-0.5604808836371872,0.7166039724427183,Crude | Currency | Geopolitics | Supply and demand,HORMUZ_RECOVERY,1848.902644,6.0,2501.565277332,12906.659338477977,15408.224615809977,494.4784278068728,0.0,0.0,0.0,15408.224615809977,1.3378300262297467,"[14952.468357359056, 15078.49034545255, 15398.123180325814, 15738.80067245775, 15902.70304361685]",False,Feasible candidate rejected because its combined robust objective is higher or it failed a decision gate.
2026-06-20,368318,Verde,1.353,0.0,-0.5604808836371872,0.7166039724427183,Crude | Currency | Geopolitics | Supply and demand,HORMUZ_RECOVERY,3174.111615,7.0,4294.573015094999,11123.271839579224,15417.844854674224,461.97452827082634,0.0,0.0,0.0,15417.844854674224,1.336570373208007,"[14992.04714406798, 15109.785239862085, 15408.407423979115, 15726.690922044287, 15879.81938294505]",False,Feasible candidate rejected because its combined robust objective is higher or it failed a decision gate.
2026-06-20,368318,Verde,1.353,0.0,-0.5604808836371872,0.7166039724427183,Crude | Currency | Geopolitics | Supply and demand,HORMUZ_RECOVERY,4426.574793,8.0,5989.155694929,9440.850040636002,15430.005735565,420.8865619197404,0.0,0.0,0.0,15430.005735565,1.3353798673622799,"[15042.078428920733, 15149.344910757383, 15421.407668971398, 15711.383065922084, 15850.892297484741]",False,Feasible candidate rejected because its combined robust objective is higher or it failed a decision gate.
2026-06-20,368318,Verde,1.353,0.0,-0.5604808836371872,0.7166039724427183,Crude | Currency | Geopolitics | Supply and demand,HORMUZ_RECOVERY,5502.437439,9.0,7444.797854967001,7998.035088493635,15442.832943460635,377.54727662225196,0.0,0.0,0.0,15442.832943460635,1.3343572259052214,"[15094.851060924604, 15191.072161226686, 15435.120231959881, 15695.23645165298, 15820.380220082887]",False,Feasible candidate rejected because its combined robust objective is higher or it failed a decision gate.
2026-06-20,368318,Verde,1.353,0.0,-0.5604808836371872,0.7166039724427183,Crude | Currency | Geopolitics | Supply and demand,HORMUZ_RECOVERY,6644.498581,10.0,8990.006580092999,6468.850538247711,15458.85711834071,323.40639947774434,0.0,0.0,0.0,15458.85711834071,1.3332716606849329,"[15160.776388633672, 15243.199230829454, 15452.250421878784, 15675.065563890457, 15782.263517818454]",False,Feasible candidate rejected because its combined robust objective is higher or it failed a decision gate.
2026-06-20,368318,Verde,1.353,0.0,-0.5604808836371872,0.7166039724427183,Crude | Currency | Geopolitics | Supply and demand,HORMUZ_RECOVERY,7718.796996,11.0,10443.532335588,5032.66142962409,15476.193765212089,264.83107342285984,0.0,0.0,0.0,15476.193765212089,1.3322505060788907,"[15232.10137946319, 15299.595806934389, 15470.783672775402, 15653.242564526177, 15741.024838634949]",False,Feasible candidate rejected because its combined robust objective is higher or it failed a decision gate.
2026-06-20,368318,Verde,1.353,0.0,-0.5604808836371872,0.7166039724427183,Crude | Currency | Geopolitics | Supply and demand,HORMUZ_RECOVERY,8863.213582,12.0,11991.927976446,3505.147505189973,15497.075481635975,194.2780214290433,0.0,0.0,0.0,15497.075481635975,1.331162701934616,"[15318.011200634961, 15367.524589139992, 15493.106679785182, 15626.95710761952, 15691.353503065018]",False,Feasible candidate rejected because its combined robust objective is higher or it failed a decision gate.
2026-06-20,368318,Verde,1.353,0.0,-0.5604808836371872,0.7166039724427183,Crude | Currency | Geopolitics | Supply and demand,HORMUZ_RECOVERY,10171.151935,13.0,13761.568568055,1762.4212047491135,15523.989772804114,103.34271009656914,0.0,0.0,0.0,15523.989772804114,1.329919465181274,"[15428.739739146049, 15455.077498386834, 15521.878639820156, 15593.077974970056, 15627.332482900683]",False,Feasible candidate rejected because its combined robust objective is higher or it failed a decision gate.
2026-06-20,368318,Verde,1.353,0.0,-0.5604808836371872,0.7166039724427183,Crude | Currency | Geopolitics | Supply and demand,HORMUZ_RECOVERY,11496.360905,14.0,15554.576304465,1.1317959252387573e-07,15554.576304578179,7.004928193055093e-09,0.0,0.0,0.0,15554.576304578179,1.3286598121604847,"[15554.576304571723, 15554.576304573508, 15554.576304578035, 15554.576304582863, 15554.576304585184]",False,Feasible candidate rejected because its combined robust objective is higher or it failed a decision gate.
2026-06-20,368318,Verde,1.353,0.0,-0.5604808836371872,0.7166039724427183,Crude | Currency | Geopolitics | Supply and demand,HORMUZ_RECOVERY,24851.862324,14.0,33624.569724372,0.0,33624.569724372,0.0,0.0,0.0,0.0,33624.569724372,1.3286598121604039,"[33624.569724372, 33624.569724372, 33624.569724372, 33624.569724372, 33624.569724372]",False,Feasible candidate rejected because its combined robust objective is higher or it failed a decision gate.
2026-06-20,368319,Diesel,1.415,0.0,-0.5507594853854677,0.686849137250613,Crude | Currency | Geopolitics | Supply and demand,HORMUZ_RECOVERY,0.0,14.0,0.0,0.0,0.0,0.0,0.0,0.0,0.0,0.0,1.3623149964025492,"[0.0, 0.0, 0.0, 0.0, 0.0]",True,Selected because it is the operational minimum after combined-signal decision gates.
2026-06-20,368319,Diesel,1.415,0.0,-0.5507594853854677,0.686849137250613,Crude | Currency | Geopolitics | Supply and demand,HORMUZ_RECOVERY,2044.667468,14.0,2893.2044672200004,0.0,2893.2044672200004,0.0,0.0,0.0,0.0,2893.2044672200004,1.3623149964025492,"[2893.2044672200004, 2893.2044672200004, 2893.2044672200004, 2893.2044672200004, 2893.2044672200004]",False,Feasible candidate rejected because its combined robust objective is higher or it failed a decision gate.
2026-06-20,368319,Verde,1.353,0.0,-0.5604808836371872,0.7166039724427183,Crude | Currency | Geopolitics | Supply and demand,HORMUZ_RECOVERY,0.0,13.0,0.0,672.5322367882898,672.5322367882898,39.50550031247269,0.0,0.0,0.0,672.5322367882898,1.3298789810193739,"[636.120377345806, 646.1886865177289, 671.7252000395969, 698.9430401212417, 712.0377371007625]",True,Selected because it is the operational minimum after combined-signal decision gates.
2026-06-20,368319,Verde,1.353,0.0,-0.5604808836371872,0.7166039724427183,Crude | Currency | Geopolitics | Supply and demand,HORMUZ_RECOVERY,505.709351,14.0,684.224751903,3.8808419472386624e-07,684.2247522910842,2.4020664568524808e-08,0.0,0.0,0.0,684.2247522910842,1.3286598121611082,"[684.2247522689445, 684.2247522750664, 684.2247522905934, 684.2247523071428, 684.2247523151049]",False,Feasible candidate rejected because its combined robust objective is higher or it failed a decision gate.
2026-06-20,368319,Verde,1.353,0.0,-0.5604808836371872,0.7166039724427183,Crude | Currency | Geopolitics | Supply and demand,HORMUZ_RECOVERY,3943.132451,14.0,5335.058206203,0.0,5335.058206203001,0.0,0.0,0.0,0.0,5335.058206203001,1.3286598121604039,"[5335.058206203, 5335.058206203, 5335.058206203, 5335.058206203, 5335.058206203]",False,Feasible candidate rejected because its combined robust objective is higher or it failed a decision gate.
2026-06-20,368320,Diesel,1.415,0.0,-0.5507594853854677,0.686849137250613,Crude | Currency | Geopolitics | Supply and demand,HORMUZ_RECOVERY,0.0,14.0,0.0,0.0,0.0,0.0,0.0,0.0,0.0,0.0,1.3623149964025492,"[0.0, 0.0, 0.0, 0.0, 0.0]",True,Selected because it is the operational minimum after combined-signal decision gates.
2026-06-20,368320,Diesel,1.415,0.0,-0.5507594853854677,0.686849137250613,Crude | Currency | Geopolitics | Supply and demand,HORMUZ_RECOVERY,7519.238496,14.0,10639.72247184,0.0,10639.72247184,0.0,0.0,0.0,0.0,10639.72247184,1.3623149964025492,"[10639.72247184, 10639.72247184, 10639.72247184, 10639.72247184, 10639.72247184]",False,Feasible candidate rejected because its combined robust objective is higher or it failed a decision gate.
2026-06-20,368320,Verde,1.353,0.0,-0.5604808836371872,0.7166039724427183,Crude | Currency | Geopolitics | Supply and demand,HORMUZ_RECOVERY,0.0,13.0,0.0,494.5780703438633,494.5780703438633,29.92860311341707,0.0,0.0,0.0,494.5780703438633,1.329193788760637,"[466.99314973138934, 474.620706067754, 493.9666749088346, 514.5863842395584, 524.5066734572804]",True,Selected because it is the operational minimum after combined-signal decision gates.
2026-06-20,368320,Verde,1.353,0.0,-0.5604808836371872,0.7166039724427183,Crude | Currency | Geopolitics | Supply and demand,HORMUZ_RECOVERY,372.088761,14.0,503.436093633,3.5487832217450616e-07,503.43609398787834,2.1965377072774572e-08,0.0,0.0,0.0,503.43609398787834,1.3286598121607873,"[503.436093967633, 503.43609397323104, 503.4360939874296, 503.4360940025629, 503.4360940098437]",False,Feasible candidate rejected because its combined robust objective is higher or it failed a decision gate.
2026-06-20,368320,Verde,1.353,0.0,-0.5604808836371872,0.7166039724427183,Crude | Currency | Geopolitics | Supply and demand,HORMUZ_RECOVERY,39347.520044,14.0,53237.194619532,0.0,53237.194619532005,0.0,0.0,0.0,0.0,53237.194619532005,1.3286598121604039,"[53237.194619532, 53237.194619532, 53237.194619532, 53237.194619532, 53237.194619532]",False,Feasible candidate rejected because its combined robust objective is higher or it failed a decision gate.
2026-06-20,368321,Diesel,1.415,0.0,-0.5507594853854677,0.686849137250613,Crude | Currency | Geopolitics | Supply and demand,HORMUZ_RECOVERY,0.0,14.0,0.0,0.0,0.0,0.0,0.0,0.0,0.0,0.0,1.3623149964025492,"[0.0, 0.0, 0.0, 0.0, 0.0]",True,Selected because it is the operational minimum after combined-signal decision gates.
2026-06-20,368321,Diesel,1.415,0.0,-0.5507594853854677,0.686849137250613,Crude | Currency | Geopolitics | Supply and demand,HORMUZ_RECOVERY,2463.240303,14.0,3485.4850287450004,0.0,3485.485028745001,0.0,0.0,0.0,0.0,3485.485028745001,1.3623149964025492,"[3485.4850287450004, 3485.4850287450004, 3485.4850287450004, 3485.4850287450004, 3485.4850287450004]",False,Feasible candidate rejected because its combined robust objective is higher or it failed a decision gate.
2026-06-20,368321,Verde,1.353,0.0,-0.5604808836371872,0.7166039724427183,Crude | Currency | Geopolitics | Supply and demand,HORMUZ_RECOVERY,0.0,14.0,0.0,0.0,0.0,0.0,0.0,0.0,0.0,0.0,1.3286598121604039,"[0.0, 0.0, 0.0, 0.0, 0.0]",True,Selected because it is the operational minimum after combined-signal decision gates.
2026-06-20,368321,Verde,1.353,0.0,-0.5604808836371872,0.7166039724427183,Crude | Currency | Geopolitics | Supply and demand,HORMUZ_RECOVERY,2701.72249,14.0,3655.43052897,0.0,3655.4305289700005,0.0,0.0,0.0,0.0,3655.4305289700005,1.3286598121604039,"[3655.43052897, 3655.43052897, 3655.43052897, 3655.43052897, 3655.43052897]",False,Feasible candidate rejected because its combined robust objective is higher or it failed a decision gate.
2026-06-20,368322,Diesel,1.415,0.0,-0.5507594853854677,0.686849137250613,Crude | Currency | Geopolitics | Supply and demand,HORMUZ_RECOVERY,0.0,14.0,0.0,0.0,0.0,0.0,0.0,0.0,0.0,0.0,1.3623149964025492,"[0.0, 0.0, 0.0, 0.0, 0.0]",True,Selected because it is the operational minimum after combined-signal decision gates.
2026-06-20,368322,Diesel,1.415,0.0,-0.5507594853854677,0.686849137250613,Crude | Currency | Geopolitics | Supply and demand,HORMUZ_RECOVERY,2791.595068,14.0,3950.10702122,0.0,3950.1070212200007,0.0,0.0,0.0,0.0,3950.1070212200007,1.3623149964025492,"[3950.10702122, 3950.10702122, 3950.10702122, 3950.10702122, 3950.10702122]",False,Feasible candidate rejected because its combined robust objective is higher or it failed a decision gate.
2026-06-20,368322,Verde,1.353,0.0,-0.5604808836371872,0.7166039724427183,Crude | Currency | Geopolitics | Supply and demand,HORMUZ_RECOVERY,0.0,14.0,0.0,0.0,0.0,0.0,0.0,0.0,0.0,0.0,1.3286598121604039,"[0.0, 0.0, 0.0, 0.0, 0.0]",True,Selected because it is the operational minimum after combined-signal decision gates.
2026-06-20,368322,Verde,1.353,0.0,-0.5604808836371872,0.7166039724427183,Crude | Currency | Geopolitics | Supply and demand,HORMUZ_RECOVERY,6280.644125,14.0,8497.711501124999,0.0,8497.711501124999,0.0,0.0,0.0,0.0,8497.711501124999,1.3286598121604039,"[8497.711501124999, 8497.711501124999, 8497.711501124999, 8497.711501124999, 8497.711501124999]",False,Feasible candidate rejected because its combined robust objective is higher or it failed a decision gate.
2026-06-23,368318,Diesel,1.425,0.0,0.06603019707853247,0.43392327827458477,Crude | Currency,,0.0,2.0,0.0,33537.6569548457,33537.6569548457,2653.0546572419844,0.0,0.0,0.0,33537.6569548457,1.4337875593319211,"[31673.54369337882, 32693.26047919838, 33556.44127379272, 33950.01409471141, 36190.71161208768]",False,Operational-minimum benchmark; feasible but not selected.
2026-06-23,368318,Diesel,1.425,0.0,0.06603019707853247,0.43392327827458477,Crude | Currency,,607.700637,3.0,865.973407725,32672.023344075475,33537.99675180048,2657.440464066516,0.0,0.0,0.0,33537.99675180048,1.4340368653724946,"[31670.80189507074, 32692.20439091747, 33556.81212340373, 33951.03556580857, 36195.437215866994]",False,Feasible candidate rejected because its combined robust objective is higher or it failed a decision gate.
2026-06-23,368318,Diesel,1.425,0.0,0.06603019707853247,0.43392327827458477,Crude | Currency,,2855.810819,4.0,4069.530417075,29467.08952522814,33536.619942303136,2639.6697913024327,0.0,0.0,0.0,33536.619942303136,1.4349591409373414,"[31681.91127641545, 32696.48351218315, 33555.30949290825, 33946.89670850551, 36176.28973360557]",False,Feasible candidate rejected because its combined robust objective is higher or it failed a decision gate.
2026-06-23,368318,Diesel,1.425,0.0,0.06603019707853247,0.43392327827458477,Crude | Currency,,4992.411264,5.0,7114.1860512,26417.282046267323,33531.46809746732,2573.174209389719,0.0,0.0,0.0,33531.46809746732,1.4358356702098132,"[31723.481158828676, 32712.495436009223, 33549.68684200901, 33931.40963446649, 36104.64230685704]",False,Feasible candidate rejected because its combined robust objective is higher or it failed a decision gate.
2026-06-23,368318,Diesel,1.425,0.0,0.06603019707853247,0.43392327827458477,Crude | Currency,,6793.309921,6.0,9680.466637425001,23843.750009801006,33524.21664722601,2479.578726824977,0.0,0.0,0.0,33524.21664722601,1.4365744795615147,"[31781.992613164573, 32735.03292939124, 33541.77271133942, 33909.61089045217, 36003.795374050984]",False,Feasible candidate rejected because its combined robust objective is higher or it failed a decision gate.
2026-06-23,368318,Diesel,1.425,0.0,0.06603019707853247,0.43392327827458477,Crude | Currency,,8827.301787,7.0,12578.905046475002,20933.921618174387,33512.82666464939,2332.5666285290936,0.0,0.0,0.0,33512.82666464939,1.4374089141956037,"[31873.897600889963, 32770.432973299634, 33529.34184476295, 33875.37121338717, 35845.39329317848]",False,Feasible candidate rejected because its combined robust objective is higher or it failed a decision gate.
2026-06-23,368318,Diesel,1.425,0.0,0.06603019707853247,0.43392327827458477,Crude | Currency,,10759.988071,8.0,15332.983001175,18165.875895508034,33498.858896683036,2152.282693638983,0.0,0.0,0.0,33498.858896683036,1.4382017887390846,"[31986.60256201373, 32813.8447692339, 33514.09761951565, 33833.3823989821, 35651.14159032202]",False,Feasible candidate rejected because its combined robust objective is higher or it failed a decision gate.
2026-06-23,368318,Diesel,1.425,0.0,0.06603019707853247,0.43392327827458477,Crude | Currency,,12817.064395,9.0,18264.316762874998,15216.308403037583,33480.62516591258,1916.9373801326365,0.0,0.0,0.0,33480.62516591258,1.4390456936525715,"[32133.729284234214, 32870.515169346094, 33494.197582542445, 33778.569579992196, 35397.562546045214]",False,Feasible candidate rejected because its combined robust objective is higher or it failed a decision gate.
2026-06-23,368318,Diesel,1.425,0.0,0.06603019707853247,0.43392327827458477,Crude | Currency,,15171.351531,10.0,21619.175931675,11836.320409521279,33455.49634119628,1592.5961246126099,0.0,0.0,0.0,33455.49634119628,1.4400115277631733,"[32336.492046298947, 32948.61550816042, 33466.77233714188, 33703.02926748329, 35048.09246580889]",False,Feasible candidate rejected because its combined robust objective is higher or it failed a decision gate.
2026-06-23,368318,Diesel,1.425,0.0,0.06603019707853247,0.43392327827458477,Crude | Currency,,17419.461712,11.0,24822.732939600002,8604.523193403427,33427.25613300343,1228.0958073544534,0.0,0.0,0.0,33427.25613300343,1.44093380332761,"[32564.360348104223, 33036.38602082663, 33435.95137163332, 33618.13575669283, 34655.35194035788]",False,Feasible candidate rejected because its combined robust objective is higher or it failed a decision gate.
2026-06-23,368318,Diesel,1.425,0.0,0.06603019707853247,0.43392327827458477,Crude | Currency,,19556.062157,12.0,27867.388573725002,5529.184781799066,33396.57335552407,832.068906659726,0.0,0.0,0.0,33396.57335552407,1.4418103326000815,"[32811.93757385077, 33131.74803413036, 33402.464620404695, 33525.899584663304, 34228.6422621838]",False,Feasible candidate rejected because its combined robust objective is higher or it failed a decision gate.
2026-06-23,368318,Diesel,1.425,0.0,0.06603019707853247,0.43392327827458477,Crude | Currency,,21356.960815,13.0,30433.669161374997,2934.133220941719,33367.80238231672,460.7179311184227,0.0,0.0,0.0,33367.80238231672,1.4425491419521932,"[33044.08858213205, 33221.168163439244, 33371.06438543418, 33439.41052949237, 33828.52031343514]",False,Feasible candidate rejected because its combined robust objective is higher or it failed a decision gate.
2026-06-23,368318,Diesel,1.425,0.0,0.06603019707853247,0.43392327827458477,Crude | Currency,,23390.952681,14.0,33332.107570424996,0.0,33332.107570424996,0.0,0.0,0.0,0.0,33332.107570424996,1.4433835765862555,"[33332.107570424996, 33332.107570424996, 33332.107570424996, 33332.107570424996, 33332.107570424996]",True,Selected because it has the lowest admissible combined robust objective.
2026-06-23,368318,Diesel,1.425,0.0,0.06603019707853247,0.43392327827458477,Crude | Currency,,29263.650894,14.0,41700.70252395,0.0,41700.70252395001,0.0,0.0,0.0,0.0,41700.70252395001,1.4433835765862555,"[41700.70252395, 41700.70252395, 41700.70252395, 41700.70252395, 41700.70252395]",False,Feasible candidate rejected because its combined robust objective is higher or it failed a decision gate.
2026-06-23,368318,Verde,1.358,0.0,0.4899534337093434,0.4687521276415037,Crude | Currency,,0.0,1.0,0.0,20577.850167777633,20577.850167777633,958.6879877297033,0.0,0.0,0.0,20577.850167777633,1.3749045781362188,"[19974.390000968095, 20095.023548217483, 20598.745921949405, 20841.271368534148, 21536.538155507336]",False,Operational-minimum benchmark; feasible but not selected.
2026-06-23,368318,Verde,1.358,0.0,0.4899534337093434,0.4687521276415037,Crude | Currency,,540.964292,2.0,734.629508536,19846.474229430456,20581.103737966452,971.0163584709917,0.0,0.0,0.0,20581.103737966452,1.3757640353202159,"[19969.88329799271, 20092.068147765298, 20602.26820376041, 20847.91243733107, 21552.120096437444]",False,Feasible candidate rejected because its combined robust objective is higher or it failed a decision gate.
2026-06-23,368318,Verde,1.358,0.0,0.4899534337093434,0.4687521276415037,Crude | Currency,,1848.902644,3.0,2510.8097905520003,18074.31840216286,20585.12819271486,986.26575138107,0.0,0.0,0.0,20585.12819271486,1.3778420227760897,"[19964.308799476818, 20088.412509591548, 20606.625037311507, 20856.127007573356, 21571.39394409593]",False,Feasible candidate rejected because its combined robust objective is higher or it failed a decision gate.
2026-06-23,368318,Verde,1.358,0.0,0.4899534337093434,0.4687521276415037,Crude | Currency,,3174.111615,4.0,4310.44357317,16273.218317793713,20583.66189096371,980.7096666625621,0.0,0.0,0.0,20583.66189096371,1.37994744893317,"[19966.339856463816, 20089.744433787702, 20605.0376340321, 20853.134045921608, 21564.371557626273]",False,Feasible candidate rejected because its combined robust objective is higher or it failed a decision gate.
2026-06-23,368318,Verde,1.358,0.0,0.4899534337093434,0.4687521276415037,Crude | Currency,,4426.574793,5.0,6011.2885688940005,14565.858327070444,20577.146895964444,956.023162586338,0.0,0.0,0.0,20577.146895964444,1.3819373001894224,"[19975.36414229257, 20095.66236948584, 20597.98456707706, 20839.83587576059, 21533.170058550782]",False,Feasible candidate rejected because its combined robust objective is higher or it failed a decision gate.
2026-06-23,368318,Verde,1.358,0.0,0.4899534337093434,0.4687521276415037,Crude | Currency,,5502.437439,6.0,7472.310042162001,13095.260735839052,20567.570778001053,919.7375053963879,0.0,0.0,0.0,20567.570778001053,1.383646577296568,"[19988.62856162692, 20104.360895018322, 20587.617559708244, 20820.289453058267, 21487.30828339744]",False,Feasible candidate rejected because its combined robust objective is higher or it failed a decision gate.
2026-06-23,368318,Verde,1.358,0.0,0.4899534337093434,0.4687521276415037,Crude | Currency,,6644.498581,7.0,9023.229072998,11530.152050770777,20553.381123768777,865.9703179949283,0.0,0.0,0.0,20553.381123768777,1.3854610272844348,"[20008.28344940774, 20117.250154539608, 20572.255985159005, 20791.326048400544, 21419.351441763705]",False,Feasible candidate rejected because its combined robust objective is higher or it failed a decision gate.
2026-06-23,368318,Verde,1.358,0.0,0.4899534337093434,0.4687521276415037,Crude | Currency,,7718.796996,8.0,10482.126320568,10054.124209211313,20536.250529779314,801.059373566477,0.0,0.0,0.0,20536.250529779314,1.3871678192191017,"[20032.01199817787, 20132.81083474152, 20553.710579306666, 20756.359704779883, 21337.30990334579]",False,Feasible candidate rejected because its combined robust objective is higher or it failed a decision gate.
2026-06-23,368318,Verde,1.358,0.0,0.4899534337093434,0.4687521276415037,Crude | Currency,,8863.213582,9.0,12036.244044356,8477.723747769853,20513.967792125855,716.6260172901748,0.0,0.0,0.0,20513.967792125855,1.3889860114193422,"[20062.877070776467, 20153.05149626566, 20529.58751541649, 20710.87699343438, 21230.59380941603]",False,Feasible candidate rejected because its combined robust objective is higher or it failed a decision gate.
2026-06-23,368318,Verde,1.358,0.0,0.4899534337093434,0.4687521276415037,Crude | Currency,,10171.151935,10.0,13812.424327730001,6670.980859860261,20483.405187590266,600.8187355451082,0.0,0.0,0.0,20483.405187590266,1.391063998876805,"[20105.211052465067, 20180.813225695943, 20496.500752320848, 20648.493719813458, 21084.223923135374]",False,Feasible candidate rejected because its combined robust objective is higher or it failed a decision gate.
2026-06-23,368318,Verde,1.358,0.0,0.4899534337093434,0.4687521276415037,Crude | Currency,,11496.360905,11.0,15612.05810899,4834.837014192742,20446.89512318274,462.4754438126256,0.0,0.0,0.0,20446.89512318274,1.3931694250322968,"[20155.783195172262, 20213.977366807783, 20456.97532999463, 20573.970708032848, 20909.370566995367]",False,Feasible candidate rejected because its combined robust objective is higher or it failed a decision gate.
2026-06-23,368318,Verde,1.358,0.0,0.4899534337093434,0.4687521276415037,Crude | Currency,,12748.824084,12.0,17312.903106072,3094.3569456687337,20407.260051740734,312.2909305743997,0.0,0.0,0.0,20407.260051740734,1.395159276290138,"[20210.683960802307, 20249.98012724142, 20414.066807013438, 20493.069045876655, 20719.550982315133]",False,Feasible candidate rejected because its combined robust objective is higher or it failed a decision gate.
2026-06-23,368318,Verde,1.358,0.0,0.4899534337093434,0.4687521276415037,Crude | Currency,,13824.686729,13.0,18773.924577982,1595.3092954462684,20369.23387342827,168.20280678928611,0.0,0.0,0.0,20369.23387342827,1.3968685533956946,"[20263.356158111037, 20284.521439725075, 20372.900055279566, 20415.45139769284, 20537.436680217557]",False,Feasible candidate rejected because its combined robust objective is higher or it failed a decision gate.
2026-06-23,368318,Verde,1.358,0.0,0.4899534337093434,0.4687521276415037,Crude | Currency,,14966.747871,14.0,20324.843608818002,1.3146336305150795e-07,20324.843608949468,1.4486431609839201e-08,0.0,0.0,0.0,20324.843608949468,1.3986830033835616,"[20324.843608940344, 20324.84360894217, 20324.84360894978, 20324.843608953448, 20324.843608963954]",True,Selected because it has the lowest admissible combined robust objective.
2026-06-23,368318,Verde,1.358,0.0,0.4899534337093434,0.4687521276415037,Crude | Currency,,28322.24929,14.0,38461.61453582,0.0,38461.61453582,0.0,0.0,0.0,0.0,38461.61453582,1.3986830033837108,"[38461.61453582, 38461.61453582, 38461.61453582, 38461.61453582, 38461.61453582]",False,Feasible candidate rejected because its combined robust objective is higher or it failed a decision gate.
2026-06-23,368319,Diesel,1.425,0.0,0.06603019707853247,0.43392327827458477,Crude | Currency,,0.0,14.0,0.0,0.0,0.0,0.0,0.0,0.0,0.0,0.0,1.4433835765862555,"[0.0, 0.0, 0.0, 0.0, 0.0]",True,Selected because it is the operational minimum after combined-signal decision gates.
2026-06-23,368319,Diesel,1.425,0.0,0.06603019707853247,0.43392327827458477,Crude | Currency,,3096.063443,14.0,4411.890406275,0.0,4411.890406275,0.0,0.0,0.0,0.0,4411.890406275,1.4433835765862555,"[4411.890406275, 4411.890406275, 4411.890406275, 4411.890406275, 4411.890406275]",False,Feasible candidate rejected because its combined robust objective is higher or it failed a decision gate.
2026-06-23,368319,Verde,1.358,0.0,0.4899534337093434,0.4687521276415037,Crude | Currency,,0.0,10.0,0.0,2565.283448572479,2565.2834485724793,232.33107164265175,0.0,0.0,0.0,2565.2834485724793,1.3912531343035734,"[2419.0392595944463, 2448.2739237054216, 2570.3473828468686, 2629.1216635584483, 2797.614520215131]",False,Operational-minimum benchmark; feasible but not selected.
2026-06-23,368319,Verde,1.358,0.0,0.4899534337093434,0.4687521276415037,Crude | Currency,,505.709351,11.0,686.7532986580001,1864.4405691463246,2551.193867804325,178.94308084536124,0.0,0.0,0.0,2551.193867804325,1.3932908938768767,"[2438.5555299942557, 2461.072280881298, 2555.0941468064007, 2600.362525205553, 2730.136948649686]",False,Feasible candidate rejected because its combined robust objective is higher or it failed a decision gate.
2026-06-23,368319,Verde,1.358,0.0,0.4899534337093434,0.4687521276415037,Crude | Currency,,960.214725,12.0,1303.9715965500002,1232.800717046466,2536.772313596466,124.29718214892182,0.0,0.0,0.0,2536.772313596466,1.395122326645828,"[2458.5316354680444, 2474.1721881688627, 2539.4815197153193, 2570.925774776113, 2661.069495745388]",False,Feasible candidate rejected because its combined robust objective is higher or it failed a decision gate.
2026-06-23,368319,Verde,1.358,0.0,0.4899534337093434,0.4687521276415037,Crude | Currency,,1456.477613,13.0,1977.8965984540002,541.2279394268535,2519.124537880854,57.42654185085621,0.0,0.0,0.0,2519.124537880854,1.3971220216265465,"[2482.9765617216035, 2490.202653566292, 2520.3762182156543, 2534.9037786800113, 2576.55107973171]",False,Feasible candidate rejected because its combined robust objective is higher or it failed a decision gate.
2026-06-23,368319,Verde,1.358,0.0,0.4899534337093434,0.4687521276415037,Crude | Currency,,1843.865351,14.0,2503.969146658,0.0,2503.969146658,0.0,0.0,0.0,0.0,2503.969146658,1.3986830033837108,"[2503.969146658, 2503.969146658, 2503.969146658, 2503.969146658, 2503.969146658]",True,Selected because it has the lowest admissible combined robust objective.
2026-06-23,368319,Verde,1.358,0.0,0.4899534337093434,0.4687521276415037,Crude | Currency,,5281.28845,14.0,7171.9897151000005,0.0,7171.9897151000005,0.0,0.0,0.0,0.0,7171.9897151000005,1.3986830033837108,"[7171.9897151000005, 7171.9897151000005, 7171.9897151000005, 7171.9897151000005, 7171.9897151000005]",False,Feasible candidate rejected because its combined robust objective is higher or it failed a decision gate.
2026-06-23,368320,Diesel,1.425,0.0,0.06603019707853247,0.43392327827458477,Crude | Currency,,0.0,14.0,0.0,0.0,0.0,0.0,0.0,0.0,0.0,0.0,1.4433835765862555,"[0.0, 0.0, 0.0, 0.0, 0.0]",True,Selected because it is the operational minimum after combined-signal decision gates.
2026-06-23,368320,Diesel,1.425,0.0,0.06603019707853247,0.43392327827458477,Crude | Currency,,11339.515231,14.0,16158.809204175,0.0,16158.809204175002,0.0,0.0,0.0,0.0,16158.809204175002,1.4433835765862555,"[16158.809204175, 16158.809204175, 16158.809204175, 16158.809204175, 16158.809204175]",False,Feasible candidate rejected because its combined robust objective is higher or it failed a decision gate.
2026-06-23,368320,Verde,1.358,0.0,0.4899534337093434,0.4687521276415037,Crude | Currency,,0.0,10.0,0.0,3532.816545721047,3532.816545721047,332.5767984159402,0.0,0.0,0.0,3532.816545721047,1.3925980105660885,"[3323.4712187556593, 3365.319994832189, 3540.0654558063734, 3624.1995407139752, 3865.3933441369873]",False,Operational-minimum benchmark; feasible but not selected.
2026-06-23,368320,Verde,1.358,0.0,0.4899534337093434,0.4687521276415037,Crude | Currency,,372.088761,11.0,505.29653743800003,3016.5785432606335,3521.875080698634,291.1175922452453,0.0,0.0,0.0,3521.875080698634,1.3934905169001262,"[3338.626857057557, 3375.258741746558, 3528.2203376753496, 3601.866221395193, 3812.9926729438794]",False,Feasible candidate rejected because its combined robust objective is higher or it failed a decision gate.
2026-06-23,368320,Verde,1.358,0.0,0.4899534337093434,0.4687521276415037,Crude | Currency,,1226.081543,12.0,1665.018735394,1829.2327103382286,3494.2514457322286,186.44660212555073,0.0,0.0,0.0,3494.2514457322286,1.3955389366511266,"[3376.889906775011, 3400.3508401285867, 3498.3152729774247, 3545.481865261311, 3680.6980478577793]",False,Feasible candidate rejected because its combined robust objective is higher or it failed a decision gate.
2026-06-23,368320,Verde,1.358,0.0,0.4899534337093434,0.4687521276415037,Crude | Currency,,1770.117654,13.0,2403.819774132,1071.009682679964,3474.8294568119645,112.85314446328584,0.0,0.0,0.0,3474.8294568119645,1.3968438824756333,"[3403.792395479767, 3417.992922980997, 3477.2892264079105, 3505.838409885494, 3587.6826012752504]",False,Feasible candidate rejected because its combined robust objective is higher or it failed a decision gate.
2026-06-23,368320,Verde,1.358,0.0,0.4899534337093434,0.4687521276415037,Crude | Currency,,2536.853075,14.0,3445.04647585,3.7923435193311087e-07,3445.046476229235,4.179673851467669e-08,0.0,0.0,0.0,3445.046476229235,1.3986830033830604,"[3445.0464762029246, 3445.0464762081842, 3445.046476230146, 3445.046476240719, 3445.0464762710317]",True,Selected because it has the lowest admissible combined robust objective.
2026-06-23,368320,Verde,1.358,0.0,0.4899534337093434,0.4687521276415037,Crude | Currency,,41512.284358,14.0,56373.682158164,0.0,56373.68215816401,0.0,0.0,0.0,0.0,56373.68215816401,1.3986830033837108,"[56373.682158164, 56373.682158164, 56373.682158164, 56373.682158164, 56373.682158164]",False,Feasible candidate rejected because its combined robust objective is higher or it failed a decision gate.
2026-06-23,368321,Diesel,1.425,0.0,0.06603019707853247,0.43392327827458477,Crude | Currency,,0.0,13.0,0.0,516.4068122860497,516.4068122860497,81.95410276374594,0.0,0.0,0.0,516.4068122860497,1.442739304316667,"[458.8234792866706, 490.3230090935119, 516.9870687090107, 529.1447177504815, 598.3609150497956]",False,Operational-minimum benchmark; feasible but not selected.
2026-06-23,368321,Diesel,1.425,0.0,0.06603019707853247,0.43392327827458477,Crude | Currency,,357.934944,14.0,510.0572952,1.889493175552454e-07,510.05729538894934,3.106157464571879e-08,0.0,0.0,0.0,510.05729538894934,1.44338357658602,"[510.05729536712454, 510.05729537906325, 510.0572953891692, 510.0572953937771, 510.0572954200109]",True,Selected because it has the lowest admissible combined robust objective.
2026-06-23,368321,Diesel,1.425,0.0,0.06603019707853247,0.43392327827458477,Crude | Currency,,3719.311648,14.0,5300.0190984,0.0,5300.0190984,0.0,0.0,0.0,0.0,5300.0190984,1.4433835765862555,"[5300.0190984, 5300.0190984, 5300.0190984, 5300.0190984, 5300.0190984]",False,Feasible candidate rejected because its combined robust objective is higher or it failed a decision gate.
2026-06-23,368321,Verde,1.358,0.0,0.4899534337093434,0.4687521276415037,Crude | Currency,,0.0,14.0,0.0,0.0,0.0,0.0,0.0,0.0,0.0,0.0,1.3986830033837108,"[0.0, 0.0, 0.0, 0.0, 0.0]",True,Selected because it is the operational minimum after combined-signal decision gates.
2026-06-23,368321,Verde,1.358,0.0,0.4899534337093434,0.4687521276415037,Crude | Currency,,3708.302806,14.0,5035.875210548001,0.0,5035.875210548001,0.0,0.0,0.0,0.0,5035.875210548001,1.3986830033837108,"[5035.875210548001, 5035.875210548001, 5035.875210548001, 5035.875210548001, 5035.875210548001]",False,Feasible candidate rejected because its combined robust objective is higher or it failed a decision gate.
2026-06-23,368322,Diesel,1.425,0.0,0.06603019707853247,0.43392327827458477,Crude | Currency,,0.0,14.0,0.0,0.0,0.0,0.0,0.0,0.0,0.0,0.0,1.4433835765862555,"[0.0, 0.0, 0.0, 0.0, 0.0]",True,Selected because it is the operational minimum after combined-signal decision gates.
2026-06-23,368322,Diesel,1.425,0.0,0.06603019707853247,0.43392327827458477,Crude | Currency,,4421.657458,14.0,6300.86187765,0.0,6300.86187765,0.0,0.0,0.0,0.0,6300.86187765,1.4433835765862555,"[6300.86187765, 6300.86187765, 6300.86187765, 6300.86187765, 6300.86187765]",False,Feasible candidate rejected because its combined robust objective is higher or it failed a decision gate.
2026-06-23,368322,Verde,1.358,0.0,0.4899534337093434,0.4687521276415037,Crude | Currency,,0.0,14.0,0.0,0.0,0.0,0.0,0.0,0.0,0.0,0.0,1.3986830033837108,"[0.0, 0.0, 0.0, 0.0, 0.0]",True,Selected because it is the operational minimum after combined-signal decision gates.
2026-06-23,368322,Verde,1.358,0.0,0.4899534337093434,0.4687521276415037,Crude | Currency,,7543.02483,14.0,10243.427719140001,0.0,10243.427719140001,0.0,0.0,0.0,0.0,10243.427719140001,1.3986830033837108,"[10243.427719140001, 10243.427719140001, 10243.427719140001, 10243.427719140001, 10243.427719140001]",False,Feasible candidate rejected because its combined robust objective is higher or it failed a decision gate.
2026-06-24,368318,Diesel,1.432,0.0,0.09989855379939788,0.43741879367691416,Crude | Currency | Supply,IRAN_SUPPLY_ACCESS,0.0,13.0,0.0,2962.9726997385224,2962.9726997385224,544.0952495951537,0.0,0.0,0.0,2962.9726997385224,1.5330851801886782,"[2540.5633959036836, 2727.1719524014648, 2874.9445687629745, 3313.9867361465167, 3507.067949333676]",False,Operational-minimum benchmark; feasible but not selected.
2026-06-24,368318,Diesel,1.432,0.0,0.09989855379939788,0.43741879367691416,Crude | Currency | Supply,IRAN_SUPPLY_ACCESS,1932.686284,14.0,2767.606758688,0.0,2767.606758688,0.0,0.0,0.0,0.0,2767.606758688,1.5376414432584402,"[2767.606758688, 2767.606758688, 2767.606758688, 2767.606758688, 2767.606758688]",True,Selected because it has the lowest admissible combined robust objective.
2026-06-24,368318,Diesel,1.432,0.0,0.09989855379939788,0.43741879367691416,Crude | Currency | Supply,IRAN_SUPPLY_ACCESS,7805.384497,14.0,11177.310599704,0.0,11177.310599704,0.0,0.0,0.0,0.0,11177.310599704,1.5376414432584402,"[11177.310599704, 11177.310599704, 11177.310599704, 11177.310599704, 11177.310599704]",False,Feasible candidate rejected because its combined robust objective is higher or it failed a decision gate.
2026-06-24,368318,Verde,1.368,0.0,0.0102638555670022,0.4825033200816319,Crude | Currency | Supply,IRAN_SUPPLY_ACCESS,0.0,13.0,0.0,1531.162598796679,1531.162598796679,236.36307517235264,0.0,0.0,0.0,1531.162598796679,1.4252674830098275,"[1368.2863958006535, 1414.061750507213, 1503.0646770822007, 1667.7158544269373, 1767.5256739690317]",False,Operational-minimum benchmark; feasible but not selected.
2026-06-24,368318,Verde,1.368,0.0,0.0102638555670022,0.4825033200816319,Crude | Currency | Supply,IRAN_SUPPLY_ACCESS,1074.298416,14.0,1469.6402330880003,0.0,1469.6402330880003,0.0,0.0,0.0,0.0,1469.6402330880003,1.4277752608194834,"[1469.6402330880003, 1469.6402330880003, 1469.6402330880003, 1469.6402330880003, 1469.6402330880003]",True,Selected because it has the lowest admissible combined robust objective.
2026-06-24,368318,Verde,1.368,0.0,0.0102638555670022,0.4825033200816319,Crude | Currency | Supply,IRAN_SUPPLY_ACCESS,14429.799835,14.0,19739.96617428,0.0,19739.96617428,0.0,0.0,0.0,0.0,19739.96617428,1.4277752608194834,"[19739.96617428, 19739.96617428, 19739.96617428, 19739.96617428, 19739.96617428]",False,Feasible candidate rejected because its combined robust objective is higher or it failed a decision gate.
2026-06-24,368319,Diesel,1.432,0.0,0.09989855379939788,0.43741879367691416,Crude | Currency | Supply,IRAN_SUPPLY_ACCESS,0.0,14.0,0.0,0.0,0.0,0.0,0.0,0.0,0.0,0.0,1.5376414432584402,"[0.0, 0.0, 0.0, 0.0, 0.0]",True,Selected because it is the operational minimum after combined-signal decision gates.
2026-06-24,368319,Diesel,1.432,0.0,0.09989855379939788,0.43741879367691416,Crude | Currency | Supply,IRAN_SUPPLY_ACCESS,3521.198625,14.0,5042.356431,0.0,5042.356431,0.0,0.0,0.0,0.0,5042.356431,1.5376414432584402,"[5042.356431, 5042.356431, 5042.356431, 5042.356431, 5042.356431]",False,Feasible candidate rejected because its combined robust objective is higher or it failed a decision gate.
2026-06-24,368319,Verde,1.368,0.0,0.0102638555670022,0.4825033200816319,Crude | Currency | Supply,IRAN_SUPPLY_ACCESS,0.0,13.0,0.0,543.3833887220337,543.3833887220336,84.23398282685969,0.0,0.0,0.0,543.3833887220336,1.4255184562929621,"[485.3383185431697, 501.65152837695666, 533.3699809448588, 592.0476082974624, 627.6173715488933]",False,Operational-minimum benchmark; feasible but not selected.
2026-06-24,368319,Verde,1.368,0.0,0.0102638555670022,0.4825033200816319,Crude | Currency | Supply,IRAN_SUPPLY_ACCESS,381.182991,14.0,521.458331688,0.0,521.458331688,0.0,0.0,0.0,0.0,521.458331688,1.4277752608194834,"[521.458331688, 521.458331688, 521.458331688, 521.458331688, 521.458331688]",True,Selected because it has the lowest admissible combined robust objective.
2026-06-24,368319,Verde,1.368,0.0,0.0102638555670022,0.4825033200816319,Crude | Currency | Supply,IRAN_SUPPLY_ACCESS,3818.60609,14.0,5223.85313112,0.0,5223.85313112,0.0,0.0,0.0,0.0,5223.85313112,1.4277752608194834,"[5223.85313112, 5223.85313112, 5223.85313112, 5223.85313112, 5223.85313112]",False,Feasible candidate rejected because its combined robust objective is higher or it failed a decision gate.
2026-06-24,368320,Diesel,1.432,0.0,0.09989855379939788,0.43741879367691416,Crude | Currency | Supply,IRAN_SUPPLY_ACCESS,0.0,14.0,0.0,0.0,0.0,0.0,0.0,0.0,0.0,0.0,1.5376414432584402,"[0.0, 0.0, 0.0, 0.0, 0.0]",True,Selected because it is the operational minimum after combined-signal decision gates.
2026-06-24,368320,Diesel,1.432,0.0,0.09989855379939788,0.43741879367691416,Crude | Currency | Supply,IRAN_SUPPLY_ACCESS,12539.147498,14.0,17956.059217136,0.0,17956.059217136,0.0,0.0,0.0,0.0,17956.059217136,1.5376414432584402,"[17956.059217136, 17956.059217136, 17956.059217136, 17956.059217136, 17956.059217136]",False,Feasible candidate rejected because its combined robust objective is higher or it failed a decision gate.
2026-06-24,368320,Verde,1.368,0.0,0.0102638555670022,0.4825033200816319,Crude | Currency | Supply,IRAN_SUPPLY_ACCESS,0.0,13.0,0.0,992.9456372893417,992.9456372893416,153.41447607204884,0.0,0.0,0.0,992.9456372893416,1.4253200640673984,"[887.2287552043572, 916.939834459009, 974.7083219413462, 1081.5772738221322, 1146.3601133613904]",False,Operational-minimum benchmark; feasible but not selected.
2026-06-24,368320,Verde,1.368,0.0,0.0102638555670022,0.4825033200816319,Crude | Currency | Supply,IRAN_SUPPLY_ACCESS,696.647485,14.0,953.01375948,0.0,953.01375948,0.0,0.0,0.0,0.0,953.01375948,1.4277752608194834,"[953.01375948, 953.01375948, 953.01375948, 953.01375948, 953.01375948]",True,Selected because it has the lowest admissible combined robust objective.
2026-06-24,368320,Verde,1.368,0.0,0.0102638555670022,0.4825033200816319,Crude | Currency | Supply,IRAN_SUPPLY_ACCESS,39672.078768,14.0,54271.403754624,0.0,54271.40375462401,0.0,0.0,0.0,0.0,54271.40375462401,1.4277752608194834,"[54271.403754624, 54271.403754624, 54271.403754624, 54271.403754624, 54271.403754624]",False,Feasible candidate rejected because its combined robust objective is higher or it failed a decision gate.
2026-06-24,368321,Diesel,1.432,0.0,0.09989855379939788,0.43741879367691416,Crude | Currency | Supply,IRAN_SUPPLY_ACCESS,0.0,13.0,0.0,732.0129200086342,732.0129200086343,133.9438495146161,0.0,0.0,0.0,732.0129200086343,1.5327013988900606,"[628.0253768927436, 673.9641503488189, 710.342400486152, 818.4245755140514, 865.9567695232504]",False,Operational-minimum benchmark; feasible but not selected.
2026-06-24,368321,Diesel,1.432,0.0,0.09989855379939788,0.43741879367691416,Crude | Currency | Supply,IRAN_SUPPLY_ACCESS,477.596563,14.0,683.918278216,0.0,683.9182782160001,0.0,0.0,0.0,0.0,683.9182782160001,1.5376414432584402,"[683.918278216, 683.918278216, 683.918278216, 683.918278216, 683.918278216]",True,Selected because it has the lowest admissible combined robust objective.
2026-06-24,368321,Diesel,1.432,0.0,0.09989855379939788,0.43741879367691416,Crude | Currency | Supply,IRAN_SUPPLY_ACCESS,3838.973267,14.0,5497.409718344,0.0,5497.409718344001,0.0,0.0,0.0,0.0,5497.409718344001,1.5376414432584402,"[5497.409718344, 5497.409718344, 5497.409718344, 5497.409718344, 5497.409718344]",False,Feasible candidate rejected because its combined robust objective is higher or it failed a decision gate.
2026-06-24,368321,Verde,1.368,0.0,0.0102638555670022,0.4825033200816319,Crude | Currency | Supply,IRAN_SUPPLY_ACCESS,0.0,14.0,0.0,0.0,0.0,0.0,0.0,0.0,0.0,0.0,1.4277752608194834,"[0.0, 0.0, 0.0, 0.0, 0.0]",True,Selected because it is the operational minimum after combined-signal decision gates.
2026-06-24,368321,Verde,1.368,0.0,0.0102638555670022,0.4825033200816319,Crude | Currency | Supply,IRAN_SUPPLY_ACCESS,4059.290565,14.0,5553.10949292,0.0,5553.109492920001,0.0,0.0,0.0,0.0,5553.109492920001,1.4277752608194834,"[5553.10949292, 5553.10949292, 5553.10949292, 5553.10949292, 5553.10949292]",False,Feasible candidate rejected because its combined robust objective is higher or it failed a decision gate.
2026-06-24,368322,Diesel,1.432,0.0,0.09989855379939788,0.43741879367691416,Crude | Currency | Supply,IRAN_SUPPLY_ACCESS,0.0,14.0,0.0,0.0,0.0,0.0,0.0,0.0,0.0,0.0,1.5376414432584402,"[0.0, 0.0, 0.0, 0.0, 0.0]",True,Selected because it is the operational minimum after combined-signal decision gates.
2026-06-24,368322,Diesel,1.432,0.0,0.09989855379939788,0.43741879367691416,Crude | Currency | Supply,IRAN_SUPPLY_ACCESS,4982.56036,14.0,7135.026435520001,0.0,7135.0264355200015,0.0,0.0,0.0,0.0,7135.0264355200015,1.5376414432584402,"[7135.026435520001, 7135.026435520001, 7135.026435520001, 7135.026435520001, 7135.026435520001]",False,Feasible candidate rejected because its combined robust objective is higher or it failed a decision gate.
2026-06-24,368322,Verde,1.368,0.0,0.0102638555670022,0.4825033200816319,Crude | Currency | Supply,IRAN_SUPPLY_ACCESS,0.0,13.0,0.0,352.53053463319384,352.5305346331939,55.312800320819974,0.0,0.0,0.0,352.5305346331939,1.426247487659621,"[314.41485651061424, 325.1270333286404, 345.95516438092545, 384.48621534316396, 407.84333495401387]",False,Operational-minimum benchmark; feasible but not selected.
2026-06-24,368322,Verde,1.368,0.0,0.0102638555670022,0.4825033200816319,Crude | Currency | Supply,IRAN_SUPPLY_ACCESS,247.173466,14.0,338.13330148800003,0.0,338.13330148800003,0.0,0.0,0.0,0.0,338.13330148800003,1.4277752608194834,"[338.13330148800003, 338.13330148800003, 338.13330148800003, 338.13330148800003, 338.13330148800003]",True,Selected because it has the lowest admissible combined robust objective.
2026-06-24,368322,Verde,1.368,0.0,0.0102638555670022,0.4825033200816319,Crude | Currency | Supply,IRAN_SUPPLY_ACCESS,7961.123806,14.0,10890.817366608,0.0,10890.817366608,0.0,0.0,0.0,0.0,10890.817366608,1.4277752608194834,"[10890.817366608, 10890.817366608, 10890.817366608, 10890.817366608, 10890.817366608]",False,Feasible candidate rejected because its combined robust objective is higher or it failed a decision gate.
2026-06-25,368318,Diesel,1.44,0.0,0.035020322234802705,0.6008610435178003,Crude | Currency | Logistics | Refined product | Supply,HORMUZ_RECOVERY | IRAN_SUPPLY_ACCESS,0.0,13.0,0.0,3163.809992271339,3163.8099922713395,537.4699423334573,0.0,0.0,0.0,3163.8099922713395,1.5380129342069702,"[2687.888611897322, 2894.5254803728294, 3046.2082756702653, 3637.5236563922767, 3701.279934604797]",False,Operational-minimum benchmark; feasible but not selected.
2026-06-25,368318,Diesel,1.44,0.0,0.035020322234802705,0.6008610435178003,Crude | Currency | Logistics | Refined product | Supply,HORMUZ_RECOVERY | IRAN_SUPPLY_ACCESS,2057.076324,14.0,2962.18990656,0.0,2962.18990656,0.0,0.0,0.0,0.0,2962.18990656,1.5427287349520904,"[2962.18990656, 2962.18990656, 2962.18990656, 2962.18990656, 2962.18990656]",True,Selected because it has the lowest admissible combined robust objective.
2026-06-25,368318,Diesel,1.44,0.0,0.035020322234802705,0.6008610435178003,Crude | Currency | Logistics | Refined product | Supply,HORMUZ_RECOVERY | IRAN_SUPPLY_ACCESS,7929.774536,14.0,11418.87533184,0.0,11418.87533184,0.0,0.0,0.0,0.0,11418.87533184,1.5427287349520904,"[11418.87533184, 11418.87533184, 11418.87533184, 11418.87533184, 11418.87533184]",False,Feasible candidate rejected because its combined robust objective is higher or it failed a decision gate.
2026-06-25,368318,Verde,1.374,0.0,-0.04819587397900186,0.5686431676902838,Crude | Currency | Logistics | Supply,HORMUZ_RECOVERY | IRAN_SUPPLY_ACCESS,0.0,13.0,0.0,1637.2521984993823,1637.2521984993823,229.87965352627884,0.0,0.0,0.0,1637.2521984993823,1.4306435430697393,"[1446.5553659104346, 1511.9044349247642, 1601.7427670249256, 1814.0274145542478, 1867.1318520256611]",False,Operational-minimum benchmark; feasible but not selected.
2026-06-25,368318,Verde,1.374,0.0,-0.04819587397900186,0.5686431676902838,Crude | Currency | Logistics | Supply,HORMUZ_RECOVERY | IRAN_SUPPLY_ACCESS,1144.416585,14.0,1572.42838779,5.882971973922876e-07,1572.4283883782973,8.630468073533848e-08,0.0,0.0,0.0,1572.4283883782973,1.4332934684128662,"[1572.428388306703, 1572.4283883312373, 1572.4283883649657, 1572.4283884446647, 1572.428388464602]",True,Selected because it has the lowest admissible combined robust objective.
2026-06-25,368318,Verde,1.374,0.0,-0.04819587397900186,0.5686431676902838,Crude | Currency | Logistics | Supply,HORMUZ_RECOVERY | IRAN_SUPPLY_ACCESS,14499.918005,14.0,19922.88733887,0.0,19922.88733887,0.0,0.0,0.0,0.0,19922.88733887,1.4332934684138166,"[19922.88733887, 19922.88733887, 19922.88733887, 19922.88733887, 19922.88733887]",False,Feasible candidate rejected because its combined robust objective is higher or it failed a decision gate.
2026-06-25,368319,Diesel,1.44,0.0,0.035020322234802705,0.6008610435178003,Crude | Currency | Logistics | Refined product | Supply,HORMUZ_RECOVERY | IRAN_SUPPLY_ACCESS,0.0,14.0,0.0,0.0,0.0,0.0,0.0,0.0,0.0,0.0,1.5427287349520904,"[0.0, 0.0, 0.0, 0.0, 0.0]",True,Selected because it is the operational minimum after combined-signal decision gates.
2026-06-25,368319,Diesel,1.44,0.0,0.035020322234802705,0.6008610435178003,Crude | Currency | Logistics | Refined product | Supply,HORMUZ_RECOVERY | IRAN_SUPPLY_ACCESS,3918.68352,14.0,5642.9042688,0.0,5642.904268800001,0.0,0.0,0.0,0.0,5642.904268800001,1.5427287349520904,"[5642.9042688, 5642.9042688, 5642.9042688, 5642.9042688, 5642.9042688]",False,Feasible candidate rejected because its combined robust objective is higher or it failed a decision gate.
2026-06-25,368319,Verde,1.374,0.0,-0.04819587397900186,0.5686431676902838,Crude | Currency | Logistics | Supply,HORMUZ_RECOVERY | IRAN_SUPPLY_ACCESS,0.0,13.0,0.0,629.7069757508825,629.7069757508825,88.51206141902264,0.0,0.0,0.0,629.7069757508825,1.4307086316999087,"[556.2817312822742, 581.4435092889174, 616.0345478895696, 697.7718894602664, 718.2190371699052]",False,Operational-minimum benchmark; feasible but not selected.
2026-06-25,368319,Verde,1.374,0.0,-0.04819587397900186,0.5686431676902838,Crude | Currency | Logistics | Supply,HORMUZ_RECOVERY | IRAN_SUPPLY_ACCESS,440.13642,14.0,604.74744108,5.323465485731519e-07,604.7474416123466,7.809660473867552e-08,0.0,0.0,0.0,604.7474416123466,1.4332934684116352,"[604.7474415475615, 604.7474415697624, 604.7474416002831, 604.7474416724021, 604.7474416904432]",True,Selected because it has the lowest admissible combined robust objective.
2026-06-25,368319,Verde,1.374,0.0,-0.04819587397900186,0.5686431676902838,Crude | Currency | Logistics | Supply,HORMUZ_RECOVERY | IRAN_SUPPLY_ACCESS,3877.55952,14.0,5327.76678048,0.0,5327.76678048,0.0,0.0,0.0,0.0,5327.76678048,1.4332934684138166,"[5327.76678048, 5327.76678048, 5327.76678048, 5327.76678048, 5327.76678048]",False,Feasible candidate rejected because its combined robust objective is higher or it failed a decision gate.
2026-06-25,368320,Diesel,1.44,0.0,0.035020322234802705,0.6008610435178003,Crude | Currency | Logistics | Refined product | Supply,HORMUZ_RECOVERY | IRAN_SUPPLY_ACCESS,0.0,14.0,0.0,0.0,0.0,0.0,0.0,0.0,0.0,0.0,1.5427287349520904,"[0.0, 0.0, 0.0, 0.0, 0.0]",True,Selected because it is the operational minimum after combined-signal decision gates.
2026-06-25,368320,Diesel,1.44,0.0,0.035020322234802705,0.6008610435178003,Crude | Currency | Logistics | Refined product | Supply,HORMUZ_RECOVERY | IRAN_SUPPLY_ACCESS,13765.790605,14.0,19822.7384712,0.0,19822.7384712,0.0,0.0,0.0,0.0,19822.7384712,1.5427287349520904,"[19822.7384712, 19822.7384712, 19822.7384712, 19822.7384712, 19822.7384712]",False,Feasible candidate rejected because its combined robust objective is higher or it failed a decision gate.
2026-06-25,368320,Verde,1.374,0.0,-0.04819587397900186,0.5686431676902838,Crude | Currency | Logistics | Supply,HORMUZ_RECOVERY | IRAN_SUPPLY_ACCESS,0.0,13.0,0.0,1172.8763711640454,1172.8763711640454,164.07392891854397,0.0,0.0,0.0,1172.8763711640454,1.430427013354372,"[1036.7687249446565, 1083.4108628628103, 1147.5319274679362, 1299.0476255079216, 1336.9503000825894]",False,Operational-minimum benchmark; feasible but not selected.
2026-06-25,368320,Verde,1.374,0.0,-0.04819587397900186,0.5686431676902838,Crude | Currency | Logistics | Supply,HORMUZ_RECOVERY | IRAN_SUPPLY_ACCESS,819.948421,14.0,1126.6091304540003,2.0879847216713922e-07,1126.6091306627989,3.0631099434685893e-08,0.0,0.0,0.0,1126.6091306627989,1.4332934684133072,"[1126.6091306373885, 1126.6091306460962, 1126.6091306580672, 1126.6091306863539, 1126.60913069343]",True,Selected because it has the lowest admissible combined robust objective.
2026-06-25,368320,Verde,1.374,0.0,-0.04819587397900186,0.5686431676902838,Crude | Currency | Logistics | Supply,HORMUZ_RECOVERY | IRAN_SUPPLY_ACCESS,39795.379704,14.0,54678.851713296004,0.0,54678.85171329601,0.0,0.0,0.0,0.0,54678.85171329601,1.4332934684138166,"[54678.851713296004, 54678.851713296004, 54678.851713296004, 54678.851713296004, 54678.851713296004]",False,Feasible candidate rejected because its combined robust objective is higher or it failed a decision gate.
2026-06-25,368321,Diesel,1.44,0.0,0.035020322234802705,0.6008610435178003,Crude | Currency | Logistics | Refined product | Supply,HORMUZ_RECOVERY | IRAN_SUPPLY_ACCESS,0.0,13.0,0.0,735.0379201593985,735.0379201593985,124.75951369740551,0.0,0.0,0.0,735.0379201593985,1.5379214167354143,"[624.5652866277869, 672.5306018806439, 707.7397741283272, 844.9980904173982, 859.797433856804]",False,Operational-minimum benchmark; feasible but not selected.
2026-06-25,368321,Diesel,1.44,0.0,0.035020322234802705,0.6008610435178003,Crude | Currency | Logistics | Refined product | Supply,HORMUZ_RECOVERY | IRAN_SUPPLY_ACCESS,477.942444,14.0,688.23711936,0.0,688.23711936,0.0,0.0,0.0,0.0,688.23711936,1.5427287349520904,"[688.23711936, 688.23711936, 688.23711936, 688.23711936, 688.23711936]",True,Selected because it has the lowest admissible combined robust objective.
2026-06-25,368321,Diesel,1.44,0.0,0.035020322234802705,0.6008610435178003,Crude | Currency | Logistics | Refined product | Supply,HORMUZ_RECOVERY | IRAN_SUPPLY_ACCESS,3839.319148,14.0,5528.61957312,0.0,5528.61957312,0.0,0.0,0.0,0.0,5528.61957312,1.5427287349520904,"[5528.61957312, 5528.61957312, 5528.61957312, 5528.61957312, 5528.61957312]",False,Feasible candidate rejected because its combined robust objective is higher or it failed a decision gate.
2026-06-25,368321,Verde,1.374,0.0,-0.04819587397900186,0.5686431676902838,Crude | Currency | Logistics | Supply,HORMUZ_RECOVERY | IRAN_SUPPLY_ACCESS,0.0,14.0,0.0,0.0,0.0,0.0,0.0,0.0,0.0,0.0,1.4332934684138166,"[0.0, 0.0, 0.0, 0.0, 0.0]",True,Selected because it is the operational minimum after combined-signal decision gates.
2026-06-25,368321,Verde,1.374,0.0,-0.04819587397900186,0.5686431676902838,Crude | Currency | Logistics | Supply,HORMUZ_RECOVERY | IRAN_SUPPLY_ACCESS,4417.049511,14.0,6069.026028114001,0.0,6069.026028114002,0.0,0.0,0.0,0.0,6069.026028114002,1.4332934684138166,"[6069.026028114001, 6069.026028114001, 6069.026028114001, 6069.026028114001, 6069.026028114001]",False,Feasible candidate rejected because its combined robust objective is higher or it failed a decision gate.
2026-06-25,368322,Diesel,1.44,0.0,0.035020322234802705,0.6008610435178003,Crude | Currency | Logistics | Refined product | Supply,HORMUZ_RECOVERY | IRAN_SUPPLY_ACCESS,0.0,14.0,0.0,0.0,0.0,0.0,0.0,0.0,0.0,0.0,1.5427287349520904,"[0.0, 0.0, 0.0, 0.0, 0.0]",True,Selected because it is the operational minimum after combined-signal decision gates.
2026-06-25,368322,Diesel,1.44,0.0,0.035020322234802705,0.6008610435178003,Crude | Currency | Logistics | Refined product | Supply,HORMUZ_RECOVERY | IRAN_SUPPLY_ACCESS,5538.176763,14.0,7974.97453872,0.0,7974.97453872,0.0,0.0,0.0,0.0,7974.97453872,1.5427287349520904,"[7974.97453872, 7974.97453872, 7974.97453872, 7974.97453872, 7974.97453872]",False,Feasible candidate rejected because its combined robust objective is higher or it failed a decision gate.
2026-06-25,368322,Verde,1.374,0.0,-0.04819587397900186,0.5686431676902838,Crude | Currency | Logistics | Supply,HORMUZ_RECOVERY | IRAN_SUPPLY_ACCESS,0.0,13.0,0.0,719.9595293939689,719.9595293939689,100.33815536336624,0.0,0.0,0.0,719.9595293939689,1.4302070729825282,"[636.723940153687, 665.2475825858414, 704.4603288449237, 797.1185942386446, 820.2976847573351]",False,Operational-minimum benchmark; feasible but not selected.
2026-06-25,368322,Verde,1.374,0.0,-0.04819587397900186,0.5686431676902838,Crude | Currency | Logistics | Supply,HORMUZ_RECOVERY | IRAN_SUPPLY_ACCESS,503.395308,14.0,691.665153192,0.0,691.665153192,0.0,0.0,0.0,0.0,691.665153192,1.4332934684138166,"[691.665153192, 691.665153192, 691.665153192, 691.665153192, 691.665153192]",True,Selected because it has the lowest admissible combined robust objective.
2026-06-25,368322,Verde,1.374,0.0,-0.04819587397900186,0.5686431676902838,Crude | Currency | Logistics | Supply,HORMUZ_RECOVERY | IRAN_SUPPLY_ACCESS,8217.345648,14.0,11290.632920352002,0.0,11290.632920352002,0.0,0.0,0.0,0.0,11290.632920352002,1.4332934684138166,"[11290.632920352002, 11290.632920352002, 11290.632920352002, 11290.632920352002, 11290.632920352002]",False,Feasible candidate rejected because its combined robust objective is higher or it failed a decision gate.
2026-06-26,368318,Diesel,1.447,0.0,0.25057589585617235,0.6897075729181187,Crude | Currency | Logistics | Refined product | Supply,HORMUZ_RECOVERY | IRAN_SUPPLY_ACCESS,0.0,13.0,0.0,0.0,0.0,0.0,0.0,0.0,0.0,0.0,1.467128363499534,"[0.0, 0.0, 0.0, 0.0, 0.0]",True,Selected because it is the operational minimum after combined-signal decision gates.
2026-06-26,368318,Diesel,1.447,0.0,0.25057589585617235,0.6897075729181187,Crude | Currency | Logistics | Refined product | Supply,HORMUZ_RECOVERY | IRAN_SUPPLY_ACCESS,8226.985348,13.0,11904.447798556,0.0,11904.447798556,0.0,0.0,0.0,0.0,11904.447798556,1.467128363499534,"[11904.447798556, 11904.447798556, 11904.447798556, 11904.447798556, 11904.447798556]",False,Feasible candidate rejected because its combined robust objective is higher or it failed a decision gate.
2026-06-26,368318,Verde,1.369,0.0,-0.612345068390985,0.6894164125577751,Crude | Currency | Logistics | Supply,HORMUZ_RECOVERY | IRAN_SUPPLY_ACCESS,0.0,13.0,0.0,5.665389980493784e-07,5.665389980493784e-07,7.48815459771806e-08,0.0,0.0,0.0,5.665389980493784e-07,1.3802769255433356,"[4.976336497893395e-07, 5.26510318013633e-07, 5.564541644017018e-07, 6.237492465219062e-07, 6.41420544026559e-07]",True,Selected because it is the operational minimum after combined-signal decision gates.
2026-06-26,368318,Verde,1.369,0.0,-0.612345068390985,0.6894164125577751,Crude | Currency | Logistics | Supply,HORMUZ_RECOVERY | IRAN_SUPPLY_ACCESS,14663.439772,13.0,20074.249047868,0.0,20074.249047868,0.0,0.0,0.0,0.0,20074.249047868,1.3802769255435314,"[20074.249047868, 20074.249047868, 20074.249047868, 20074.249047868, 20074.249047868]",False,Feasible candidate rejected because its combined robust objective is higher or it failed a decision gate.
2026-06-26,368319,Diesel,1.447,0.0,0.25057589585617235,0.6897075729181187,Crude | Currency | Logistics | Refined product | Supply,HORMUZ_RECOVERY | IRAN_SUPPLY_ACCESS,0.0,13.0,0.0,0.0,0.0,0.0,0.0,0.0,0.0,0.0,1.467128363499534,"[0.0, 0.0, 0.0, 0.0, 0.0]",True,Selected because it is the operational minimum after combined-signal decision gates.
2026-06-26,368319,Diesel,1.447,0.0,0.25057589585617235,0.6897075729181187,Crude | Currency | Logistics | Refined product | Supply,HORMUZ_RECOVERY | IRAN_SUPPLY_ACCESS,4312.670113,13.0,6240.433653511001,0.0,6240.433653511001,0.0,0.0,0.0,0.0,6240.433653511001,1.467128363499534,"[6240.433653511001, 6240.433653511001, 6240.433653511001, 6240.433653511001, 6240.433653511001]",False,Feasible candidate rejected because its combined robust objective is higher or it failed a decision gate.
2026-06-26,368319,Verde,1.369,0.0,-0.612345068390985,0.6894164125577751,Crude | Currency | Logistics | Supply,HORMUZ_RECOVERY | IRAN_SUPPLY_ACCESS,0.0,13.0,0.0,5.126554146669667e-07,5.126554146669667e-07,6.775955430280807e-08,0.0,0.0,0.0,5.126554146669667e-07,1.3802769255430838,"[4.5030366129100356e-07, 4.764338665784914e-07, 5.035297506029158e-07, 5.644243904201213e-07, 5.804149689697748e-07]",True,Selected because it is the operational minimum after combined-signal decision gates.
2026-06-26,368319,Verde,1.369,0.0,-0.612345068390985,0.6894164125577751,Crude | Currency | Logistics | Supply,HORMUZ_RECOVERY | IRAN_SUPPLY_ACCESS,3920.829264,13.0,5367.6152624159995,0.0,5367.615262416,0.0,0.0,0.0,0.0,5367.615262416,1.3802769255435314,"[5367.6152624159995, 5367.6152624159995, 5367.6152624159995, 5367.6152624159995, 5367.6152624159995]",False,Feasible candidate rejected because its combined robust objective is higher or it failed a decision gate.
2026-06-26,368320,Diesel,1.447,0.0,0.25057589585617235,0.6897075729181187,Crude | Currency | Logistics | Refined product | Supply,HORMUZ_RECOVERY | IRAN_SUPPLY_ACCESS,0.0,13.0,0.0,0.0,0.0,0.0,0.0,0.0,0.0,0.0,1.467128363499534,"[0.0, 0.0, 0.0, 0.0, 0.0]",True,Selected because it is the operational minimum after combined-signal decision gates.
2026-06-26,368320,Diesel,1.447,0.0,0.25057589585617235,0.6897075729181187,Crude | Currency | Logistics | Refined product | Supply,HORMUZ_RECOVERY | IRAN_SUPPLY_ACCESS,15104.543593,13.0,21856.274579071003,0.0,21856.274579071003,0.0,0.0,0.0,0.0,21856.274579071003,1.467128363499534,"[21856.274579071003, 21856.274579071003, 21856.274579071003, 21856.274579071003, 21856.274579071003]",False,Feasible candidate rejected because its combined robust objective is higher or it failed a decision gate.
2026-06-26,368320,Verde,1.369,0.0,-0.612345068390985,0.6894164125577751,Crude | Currency | Logistics | Supply,HORMUZ_RECOVERY | IRAN_SUPPLY_ACCESS,0.0,13.0,0.0,2.010751598136201e-07,2.010751598136201e-07,2.6576844447450875e-08,0.0,0.0,0.0,2.010751598136201e-07,1.3802769255434264,"[1.766193783736569e-07, 1.868682415554022e-07, 1.9749586598848461e-07, 2.2138013421836506e-07, 2.2765200426107098e-07]",True,Selected because it is the operational minimum after combined-signal decision gates.
2026-06-26,368320,Verde,1.369,0.0,-0.612345068390985,0.6894164125577751,Crude | Currency | Logistics | Supply,HORMUZ_RECOVERY | IRAN_SUPPLY_ACCESS,39849.322378,13.0,54553.722335481994,0.0,54553.722335482,0.0,0.0,0.0,0.0,54553.722335482,1.3802769255435314,"[54553.722335481994, 54553.722335481994, 54553.722335481994, 54553.722335481994, 54553.722335481994]",False,Feasible candidate rejected because its combined robust objective is higher or it failed a decision gate.
2026-06-26,368321,Diesel,1.447,0.0,0.25057589585617235,0.6897075729181187,Crude | Currency | Logistics | Refined product | Supply,HORMUZ_RECOVERY | IRAN_SUPPLY_ACCESS,0.0,13.0,0.0,0.0,0.0,0.0,0.0,0.0,0.0,0.0,1.467128363499534,"[0.0, 0.0, 0.0, 0.0, 0.0]",True,Selected because it is the operational minimum after combined-signal decision gates.
2026-06-26,368321,Diesel,1.447,0.0,0.25057589585617235,0.6897075729181187,Crude | Currency | Logistics | Refined product | Supply,HORMUZ_RECOVERY | IRAN_SUPPLY_ACCESS,3901.424738,13.0,5645.361595886,0.0,5645.361595886001,0.0,0.0,0.0,0.0,5645.361595886001,1.467128363499534,"[5645.361595886, 5645.361595886, 5645.361595886, 5645.361595886, 5645.361595886]",False,Feasible candidate rejected because its combined robust objective is higher or it failed a decision gate.
2026-06-26,368321,Verde,1.369,0.0,-0.612345068390985,0.6894164125577751,Crude | Currency | Logistics | Supply,HORMUZ_RECOVERY | IRAN_SUPPLY_ACCESS,0.0,13.0,0.0,0.0,0.0,0.0,0.0,0.0,0.0,0.0,1.3802769255435314,"[0.0, 0.0, 0.0, 0.0, 0.0]",True,Selected because it is the operational minimum after combined-signal decision gates.
2026-06-26,368321,Verde,1.369,0.0,-0.612345068390985,0.6894164125577751,Crude | Currency | Logistics | Supply,HORMUZ_RECOVERY | IRAN_SUPPLY_ACCESS,4802.533565,13.0,6574.668450485,0.0,6574.668450485001,0.0,0.0,0.0,0.0,6574.668450485001,1.3802769255435314,"[6574.668450485, 6574.668450485, 6574.668450485, 6574.668450485, 6574.668450485]",False,Feasible candidate rejected because its combined robust objective is higher or it failed a decision gate.
2026-06-26,368322,Diesel,1.447,0.0,0.25057589585617235,0.6897075729181187,Crude | Currency | Logistics | Refined product | Supply,HORMUZ_RECOVERY | IRAN_SUPPLY_ACCESS,0.0,13.0,0.0,0.0,0.0,0.0,0.0,0.0,0.0,0.0,1.467128363499534,"[0.0, 0.0, 0.0, 0.0, 0.0]",True,Selected because it is the operational minimum after combined-signal decision gates.
2026-06-26,368322,Diesel,1.447,0.0,0.25057589585617235,0.6897075729181187,Crude | Currency | Logistics | Refined product | Supply,HORMUZ_RECOVERY | IRAN_SUPPLY_ACCESS,6165.965522,13.0,8922.152110334,0.0,8922.152110334,0.0,0.0,0.0,0.0,8922.152110334,1.467128363499534,"[8922.152110334, 8922.152110334, 8922.152110334, 8922.152110334, 8922.152110334]",False,Feasible candidate rejected because its combined robust objective is higher or it failed a decision gate.
2026-06-26,368322,Verde,1.369,0.0,-0.612345068390985,0.6894164125577751,Crude | Currency | Logistics | Supply,HORMUZ_RECOVERY | IRAN_SUPPLY_ACCESS,0.0,13.0,0.0,0.0,0.0,0.0,0.0,0.0,0.0,0.0,1.3802769255435314,"[0.0, 0.0, 0.0, 0.0, 0.0]",True,Selected because it is the operational minimum after combined-signal decision gates.
2026-06-26,368322,Verde,1.369,0.0,-0.612345068390985,0.6894164125577751,Crude | Currency | Logistics | Supply,HORMUZ_RECOVERY | IRAN_SUPPLY_ACCESS,8195.548887,13.0,11219.706426303,0.0,11219.706426303,0.0,0.0,0.0,0.0,11219.706426303,1.3802769255435314,"[11219.706426303, 11219.706426303, 11219.706426303, 11219.706426303, 11219.706426303]",False,Feasible candidate rejected because its combined robust objective is higher or it failed a decision gate.
2026-06-27,368318,Diesel,1.46,0.0,0.17547806102642347,0.6617959797460291,Crude | Currency | Logistics | Refined product,HORMUZ_RECOVERY,0.0,12.0,0.0,0.0,0.0,0.0,0.0,0.0,0.0,0.0,1.40288125022996,"[0.0, 0.0, 0.0, 0.0, 0.0]",True,Selected because it is the operational minimum after combined-signal decision gates.
2026-06-27,368318,Diesel,1.46,0.0,0.17547806102642347,0.6617959797460291,Crude | Currency | Logistics | Refined product,HORMUZ_RECOVERY,10475.09553,12.0,15293.6394738,0.0,15293.639473800002,0.0,0.0,0.0,0.0,15293.639473800002,1.40288125022996,"[15293.6394738, 15293.6394738, 15293.6394738, 15293.6394738, 15293.6394738]",False,Feasible candidate rejected because its combined robust objective is higher or it failed a decision gate.
2026-06-27,368318,Verde,1.38,0.0,0.17403351166323858,0.5656709012629195,Crude | Currency | Logistics,HORMUZ_RECOVERY,0.0,12.0,0.0,5.812651625584142e-07,5.812651625584141e-07,8.045971812553124e-08,0.0,0.0,0.0,5.812651625584141e-07,1.416154747094122,"[5.106563197907926e-07, 5.439905661030214e-07, 5.714142872005044e-07, 6.333160720506713e-07, 6.617248806839453e-07]",True,Selected because it is the operational minimum after combined-signal decision gates.
2026-06-27,368318,Verde,1.38,0.0,0.17403351166323858,0.5656709012629195,Crude | Currency | Logistics,HORMUZ_RECOVERY,15988.648743,12.0,22064.33526534,0.0,22064.33526534,0.0,0.0,0.0,0.0,22064.33526534,1.4161547470948106,"[22064.33526534, 22064.33526534, 22064.33526534, 22064.33526534, 22064.33526534]",False,Feasible candidate rejected because its combined robust objective is higher or it failed a decision gate.
2026-06-27,368319,Diesel,1.46,0.0,0.17547806102642347,0.6617959797460291,Crude | Currency | Logistics | Refined product,HORMUZ_RECOVERY,0.0,12.0,0.0,0.0,0.0,0.0,0.0,0.0,0.0,0.0,1.40288125022996,"[0.0, 0.0, 0.0, 0.0, 0.0]",True,Selected because it is the operational minimum after combined-signal decision gates.
2026-06-27,368319,Diesel,1.46,0.0,0.17547806102642347,0.6617959797460291,Crude | Currency | Logistics | Refined product,HORMUZ_RECOVERY,4740.730912,12.0,6921.467131519999,0.0,6921.467131519999,0.0,0.0,0.0,0.0,6921.467131519999,1.40288125022996,"[6921.467131519999, 6921.467131519999, 6921.467131519999, 6921.467131519999, 6921.467131519999]",False,Feasible candidate rejected because its combined robust objective is higher or it failed a decision gate.
2026-06-27,368319,Verde,1.38,0.0,0.17403351166323858,0.5656709012629195,Crude | Currency | Logistics,HORMUZ_RECOVERY,0.0,12.0,0.0,5.259796841432408e-07,5.259796841432408e-07,7.280700762902421e-08,0.0,0.0,0.0,5.259796841432408e-07,1.4161547470932065,"[4.6208661225802463e-07, 4.922503610518712e-07, 5.170657483994327e-07, 5.730799108503226e-07, 5.98786691772265e-07]",True,Selected because it is the operational minimum after combined-signal decision gates.
2026-06-27,368319,Verde,1.38,0.0,0.17403351166323858,0.5656709012629195,Crude | Currency | Logistics,HORMUZ_RECOVERY,4559.236139,12.0,6291.745871819999,0.0,6291.745871819999,0.0,0.0,0.0,0.0,6291.745871819999,1.4161547470948106,"[6291.745871819999, 6291.745871819999, 6291.745871819999, 6291.745871819999, 6291.745871819999]",False,Feasible candidate rejected because its combined robust objective is higher or it failed a decision gate.
2026-06-27,368320,Diesel,1.46,0.0,0.17547806102642347,0.6617959797460291,Crude | Currency | Logistics | Refined product,HORMUZ_RECOVERY,0.0,12.0,0.0,0.0,0.0,0.0,0.0,0.0,0.0,0.0,1.40288125022996,"[0.0, 0.0, 0.0, 0.0, 0.0]",True,Selected because it is the operational minimum after combined-signal decision gates.
2026-06-27,368320,Diesel,1.46,0.0,0.17547806102642347,0.6617959797460291,Crude | Currency | Logistics | Refined product,HORMUZ_RECOVERY,16658.753727,12.0,24321.78044142,0.0,24321.78044142,0.0,0.0,0.0,0.0,24321.78044142,1.40288125022996,"[24321.78044142, 24321.78044142, 24321.78044142, 24321.78044142, 24321.78044142]",False,Feasible candidate rejected because its combined robust objective is higher or it failed a decision gate.
2026-06-27,368320,Verde,1.38,0.0,0.17403351166323858,0.5656709012629195,Crude | Currency | Logistics,HORMUZ_RECOVERY,0.0,12.0,0.0,2.0630689967228402e-07,2.0630689967228402e-07,2.8557353965725522e-08,0.0,0.0,0.0,2.0630689967228402e-07,1.4161547470944382,"[1.8124589072269648e-07, 1.9307712619426265e-07, 2.02810554656146e-07, 2.247811906745124e-07, 2.3486425363800954e-07]",True,Selected because it is the operational minimum after combined-signal decision gates.
2026-06-27,368320,Verde,1.38,0.0,0.17403351166323858,0.5656709012629195,Crude | Currency | Logistics,HORMUZ_RECOVERY,40806.355422,12.0,56312.77048236,0.0,56312.77048236,0.0,0.0,0.0,0.0,56312.77048236,1.4161547470948106,"[56312.77048236, 56312.77048236, 56312.77048236, 56312.77048236, 56312.77048236]",False,Feasible candidate rejected because its combined robust objective is higher or it failed a decision gate.
2026-06-27,368321,Diesel,1.46,0.0,0.17547806102642347,0.6617959797460291,Crude | Currency | Logistics | Refined product,HORMUZ_RECOVERY,0.0,12.0,0.0,0.0,0.0,0.0,0.0,0.0,0.0,0.0,1.40288125022996,"[0.0, 0.0, 0.0, 0.0, 0.0]",True,Selected because it is the operational minimum after combined-signal decision gates.
2026-06-27,368321,Diesel,1.46,0.0,0.17547806102642347,0.6617959797460291,Crude | Currency | Logistics | Refined product,HORMUZ_RECOVERY,4469.078001,12.0,6524.85388146,0.0,6524.85388146,0.0,0.0,0.0,0.0,6524.85388146,1.40288125022996,"[6524.85388146, 6524.85388146, 6524.85388146, 6524.85388146, 6524.85388146]",False,Feasible candidate rejected because its combined robust objective is higher or it failed a decision gate.
2026-06-27,368321,Verde,1.38,0.0,0.17403351166323858,0.5656709012629195,Crude | Currency | Logistics,HORMUZ_RECOVERY,0.0,12.0,0.0,0.0,0.0,0.0,0.0,0.0,0.0,0.0,1.4161547470948106,"[0.0, 0.0, 0.0, 0.0, 0.0]",True,Selected because it is the operational minimum after combined-signal decision gates.
2026-06-27,368321,Verde,1.38,0.0,0.17403351166323858,0.5656709012629195,Crude | Currency | Logistics,HORMUZ_RECOVERY,5210.025296,12.0,7189.834908479999,0.0,7189.834908479999,0.0,0.0,0.0,0.0,7189.834908479999,1.4161547470948106,"[7189.834908479999, 7189.834908479999, 7189.834908479999, 7189.834908479999, 7189.834908479999]",False,Feasible candidate rejected because its combined robust objective is higher or it failed a decision gate.
2026-06-27,368322,Diesel,1.46,0.0,0.17547806102642347,0.6617959797460291,Crude | Currency | Logistics | Refined product,HORMUZ_RECOVERY,0.0,12.0,0.0,0.0,0.0,0.0,0.0,0.0,0.0,0.0,1.40288125022996,"[0.0, 0.0, 0.0, 0.0, 0.0]",True,Selected because it is the operational minimum after combined-signal decision gates.
2026-06-27,368322,Diesel,1.46,0.0,0.17547806102642347,0.6617959797460291,Crude | Currency | Logistics | Refined product,HORMUZ_RECOVERY,6813.252526,12.0,9947.34868796,0.0,9947.34868796,0.0,0.0,0.0,0.0,9947.34868796,1.40288125022996,"[9947.34868796, 9947.34868796, 9947.34868796, 9947.34868796, 9947.34868796]",False,Feasible candidate rejected because its combined robust objective is higher or it failed a decision gate.
2026-06-27,368322,Verde,1.38,0.0,0.17403351166323858,0.5656709012629195,Crude | Currency | Logistics,HORMUZ_RECOVERY,0.0,12.0,0.0,0.0,0.0,0.0,0.0,0.0,0.0,0.0,1.4161547470948106,"[0.0, 0.0, 0.0, 0.0, 0.0]",True,Selected because it is the operational minimum after combined-signal decision gates.
2026-06-27,368322,Verde,1.38,0.0,0.17403351166323858,0.5656709012629195,Crude | Currency | Logistics,HORMUZ_RECOVERY,8673.10018,12.0,11968.878248399998,0.0,11968.878248399998,0.0,0.0,0.0,0.0,11968.878248399998,1.4161547470948106,"[11968.878248399998, 11968.878248399998, 11968.878248399998, 11968.878248399998, 11968.878248399998]",False,Feasible candidate rejected because its combined robust objective is higher or it failed a decision gate.
2026-06-30,368318,Diesel,1.47,0.0,0.43945372003844,0.687784521546282,Crude | Currency | Refined product,,0.0,9.0,0.0,0.0,0.0,0.0,0.0,0.0,0.0,0.0,1.4394016187607046,"[0.0, 0.0, 0.0, 0.0, 0.0]",True,Selected because it is the operational minimum after combined-signal decision gates.
2026-06-30,368318,Diesel,1.47,0.0,0.43945372003844,0.687784521546282,Crude | Currency | Refined product,,16446.586498,9.0,24176.48215206,0.0,24176.48215206,0.0,0.0,0.0,0.0,24176.48215206,1.4394016187607046,"[24176.48215206, 24176.48215206, 24176.48215206, 24176.48215206, 24176.48215206]",False,Feasible candidate rejected because its combined robust objective is higher or it failed a decision gate.
2026-06-30,368318,Verde,1.389,0.0,0.21336473593882974,0.46908226924609486,Crude | Currency,,0.0,9.0,0.0,5.732658655172314e-07,5.732658655172314e-07,4.6741146676172513e-08,0.0,0.0,0.0,5.732658655172314e-07,1.3966658060600061,"[5.150730762375607e-07, 5.396442250098847e-07, 5.749282007338682e-07, 6.092886568930536e-07, 6.200070121934039e-07]",True,Selected because it is the operational minimum after combined-signal decision gates.
2026-06-30,368318,Verde,1.389,0.0,0.21336473593882974,0.46908226924609486,Crude | Currency,,19459.035709,9.0,27028.600599801,0.0,27028.600599801,0.0,0.0,0.0,0.0,27028.600599801,1.3966658060602004,"[27028.600599801, 27028.600599801, 27028.600599801, 27028.600599801, 27028.600599801]",False,Feasible candidate rejected because its combined robust objective is higher or it failed a decision gate.
2026-06-30,368319,Diesel,1.47,0.0,0.43945372003844,0.687784521546282,Crude | Currency | Refined product,,0.0,9.0,0.0,0.0,0.0,0.0,0.0,0.0,0.0,0.0,1.4394016187607046,"[0.0, 0.0, 0.0, 0.0, 0.0]",True,Selected because it is the operational minimum after combined-signal decision gates.
2026-06-30,368319,Diesel,1.47,0.0,0.43945372003844,0.687784521546282,Crude | Currency | Refined product,,5792.126887,9.0,8514.42652389,0.0,8514.42652389,0.0,0.0,0.0,0.0,8514.42652389,1.4394016187607046,"[8514.42652389, 8514.42652389, 8514.42652389, 8514.42652389, 8514.42652389]",False,Feasible candidate rejected because its combined robust objective is higher or it failed a decision gate.
2026-06-30,368319,Verde,1.389,0.0,0.21336473593882974,0.46908226924609486,Crude | Currency,,0.0,9.0,0.0,5.18741218805957e-07,5.18741218805957e-07,4.229548775331409e-08,0.0,0.0,0.0,5.18741218805957e-07,1.396665806059749,"[4.660832807506159e-07, 4.883174105460339e-07, 5.202454454627028e-07, 5.513377989034018e-07, 5.61036706559271e-07]",True,Selected because it is the operational minimum after combined-signal decision gates.
2026-06-30,368319,Verde,1.389,0.0,0.21336473593882974,0.46908226924609486,Crude | Currency,,5897.392139,9.0,8191.477681070999,0.0,8191.477681071,0.0,0.0,0.0,0.0,8191.477681071,1.3966658060602004,"[8191.477681070999, 8191.477681070999, 8191.477681070999, 8191.477681070999, 8191.477681070999]",False,Feasible candidate rejected because its combined robust objective is higher or it failed a decision gate.
2026-06-30,368320,Diesel,1.47,0.0,0.43945372003844,0.687784521546282,Crude | Currency | Refined product,,0.0,9.0,0.0,0.0,0.0,0.0,0.0,0.0,0.0,0.0,1.4394016187607046,"[0.0, 0.0, 0.0, 0.0, 0.0]",True,Selected because it is the operational minimum after combined-signal decision gates.
2026-06-30,368320,Diesel,1.47,0.0,0.43945372003844,0.687784521546282,Crude | Currency | Refined product,,20479.030462,9.0,30104.174779139998,0.0,30104.174779139998,0.0,0.0,0.0,0.0,30104.174779139998,1.4394016187607046,"[30104.174779139998, 30104.174779139998, 30104.174779139998, 30104.174779139998, 30104.174779139998]",False,Feasible candidate rejected because its combined robust objective is higher or it failed a decision gate.
2026-06-30,368320,Verde,1.389,0.0,0.21336473593882974,0.46908226924609486,Crude | Currency,,0.0,9.0,0.0,2.0346646016813623e-07,2.0346646016813623e-07,1.658960742400346e-08,0.0,0.0,0.0,2.0346646016813623e-07,1.396665806060097,"[1.828123770377874e-07, 1.9153329513835757e-07, 2.0405646470615408e-07, 2.1625185397505178e-07, 2.200560675921397e-07]",True,Selected because it is the operational minimum after combined-signal decision gates.
2026-06-30,368320,Verde,1.389,0.0,0.21336473593882974,0.46908226924609486,Crude | Currency,,42971.119736,9.0,59686.885313304,0.0,59686.88531330401,0.0,0.0,0.0,0.0,59686.88531330401,1.3966658060602004,"[59686.885313304, 59686.885313304, 59686.885313304, 59686.885313304, 59686.885313304]",False,Feasible candidate rejected because its combined robust objective is higher or it failed a decision gate.
2026-06-30,368321,Diesel,1.47,0.0,0.43945372003844,0.687784521546282,Crude | Currency | Refined product,,0.0,9.0,0.0,0.0,0.0,0.0,0.0,0.0,0.0,0.0,1.4394016187607046,"[0.0, 0.0, 0.0, 0.0, 0.0]",True,Selected because it is the operational minimum after combined-signal decision gates.
2026-06-30,368321,Diesel,1.47,0.0,0.43945372003844,0.687784521546282,Crude | Currency | Refined product,,5725.149345,9.0,8415.96953715,0.0,8415.96953715,0.0,0.0,0.0,0.0,8415.96953715,1.4394016187607046,"[8415.96953715, 8415.96953715, 8415.96953715, 8415.96953715, 8415.96953715]",False,Feasible candidate rejected because its combined robust objective is higher or it failed a decision gate.
2026-06-30,368321,Verde,1.389,0.0,0.21336473593882974,0.46908226924609486,Crude | Currency,,0.0,9.0,0.0,0.0,0.0,0.0,0.0,0.0,0.0,0.0,1.3966658060602004,"[0.0, 0.0, 0.0, 0.0, 0.0]",True,Selected because it is the operational minimum after combined-signal decision gates.
2026-06-30,368321,Verde,1.389,0.0,0.21336473593882974,0.46908226924609486,Crude | Currency,,6216.605613,9.0,8634.865196457,0.0,8634.865196457,0.0,0.0,0.0,0.0,8634.865196457,1.3966658060602004,"[8634.865196457, 8634.865196457, 8634.865196457, 8634.865196457, 8634.865196457]",False,Feasible candidate rejected because its combined robust objective is higher or it failed a decision gate.
2026-06-30,368322,Diesel,1.47,0.0,0.43945372003844,0.687784521546282,Crude | Currency | Refined product,,0.0,9.0,0.0,0.0,0.0,0.0,0.0,0.0,0.0,0.0,1.4394016187607046,"[0.0, 0.0, 0.0, 0.0, 0.0]",True,Selected because it is the operational minimum after combined-signal decision gates.
2026-06-30,368322,Diesel,1.47,0.0,0.43945372003844,0.687784521546282,Crude | Currency | Refined product,,8443.314917,9.0,12411.67292799,0.0,12411.672927990001,0.0,0.0,0.0,0.0,12411.672927990001,1.4394016187607046,"[12411.67292799, 12411.67292799, 12411.67292799, 12411.67292799, 12411.67292799]",False,Feasible candidate rejected because its combined robust objective is higher or it failed a decision gate.
2026-06-30,368322,Verde,1.389,0.0,0.21336473593882974,0.46908226924609486,Crude | Currency,,0.0,9.0,0.0,0.0,0.0,0.0,0.0,0.0,0.0,0.0,1.3966658060602004,"[0.0, 0.0, 0.0, 0.0, 0.0]",True,Selected because it is the operational minimum after combined-signal decision gates.
2026-06-30,368322,Verde,1.389,0.0,0.21336473593882974,0.46908226924609486,Crude | Currency,,9935.480885,9.0,13800.382949265002,0.0,13800.382949265004,0.0,0.0,0.0,0.0,13800.382949265004,1.3966658060602004,"[13800.382949265002, 13800.382949265002, 13800.382949265002, 13800.382949265002, 13800.382949265002]",False,Feasible candidate rejected because its combined robust objective is higher or it failed a decision gate.
2026-07-01,368318,Diesel,1.48,0.0,0.4363859921325168,0.7143666665421512,Crude | Currency | Refined product,,0.0,8.0,0.0,0.0,0.0,0.0,0.0,0.0,0.0,0.0,1.4585476779402906,"[0.0, 0.0, 0.0, 0.0, 0.0]",True,Selected because it is the operational minimum after combined-signal decision gates.
2026-07-01,368318,Diesel,1.48,0.0,0.4363859921325168,0.7143666665421512,Crude | Currency | Refined product,,18379.272782,8.0,27201.32371736,0.0,27201.32371736,0.0,0.0,0.0,0.0,27201.32371736,1.4585476779402906,"[27201.32371736, 27201.32371736, 27201.32371736, 27201.32371736, 27201.32371736]",False,Feasible candidate rejected because its combined robust objective is higher or it failed a decision gate.
2026-07-01,368318,Verde,1.399,0.0,0.3055454963515807,0.6023251549781514,Crude | Currency,,0.0,8.0,0.0,5.706094534958009e-07,5.706094534958009e-07,3.5136998348271624e-08,0.0,0.0,0.0,5.706094534958009e-07,1.3901939052190389,"[5.180692420153811e-07, 5.339959286298804e-07, 5.791468788059112e-07, 5.988497343075746e-07, 6.057464518440725e-07]",True,Selected because it is the operational minimum after combined-signal decision gates.
2026-07-01,368318,Verde,1.399,0.0,0.3055454963515807,0.6023251549781514,Crude | Currency,,20533.334124,8.0,28726.134439476,0.0,28726.134439476005,0.0,0.0,0.0,0.0,28726.134439476005,1.3901939052187906,"[28726.134439476, 28726.134439476, 28726.134439476, 28726.134439476, 28726.134439476]",False,Feasible candidate rejected because its combined robust objective is higher or it failed a decision gate.
2026-07-01,368319,Diesel,1.48,0.0,0.4363859921325168,0.7143666665421512,Crude | Currency | Refined product,,0.0,8.0,0.0,0.0,0.0,0.0,0.0,0.0,0.0,0.0,1.4585476779402906,"[0.0, 0.0, 0.0, 0.0, 0.0]",True,Selected because it is the operational minimum after combined-signal decision gates.
2026-07-01,368319,Diesel,1.48,0.0,0.4363859921325168,0.7143666665421512,Crude | Currency | Refined product,,6217.262068,8.0,9201.54786064,0.0,9201.54786064,0.0,0.0,0.0,0.0,9201.54786064,1.4585476779402906,"[9201.54786064, 9201.54786064, 9201.54786064, 9201.54786064, 9201.54786064]",False,Feasible candidate rejected because its combined robust objective is higher or it failed a decision gate.
2026-07-01,368319,Verde,1.399,0.0,0.3055454963515807,0.6023251549781514,Crude | Currency,,0.0,8.0,0.0,5.163368321092085e-07,5.163368321092085e-07,3.179499797129926e-08,0.0,0.0,0.0,5.163368321092085e-07,1.3901939052193621,"[4.687939002721254e-07, 4.832057451194936e-07, 5.240622336282723e-07, 5.418910829936879e-07, 5.481318300805078e-07]",True,Selected because it is the operational minimum after combined-signal decision gates.
2026-07-01,368319,Verde,1.399,0.0,0.3055454963515807,0.6023251549781514,Crude | Currency,,6278.57513,8.0,8783.726606870001,0.0,8783.726606870001,0.0,0.0,0.0,0.0,8783.726606870001,1.3901939052187906,"[8783.726606870001, 8783.726606870001, 8783.726606870001, 8783.726606870001, 8783.726606870001]",False,Feasible candidate rejected because its combined robust objective is higher or it failed a decision gate.
2026-07-01,368320,Diesel,1.48,0.0,0.4363859921325168,0.7143666665421512,Crude | Currency | Refined product,,0.0,8.0,0.0,0.0,0.0,0.0,0.0,0.0,0.0,0.0,1.4585476779402906,"[0.0, 0.0, 0.0, 0.0, 0.0]",True,Selected because it is the operational minimum after combined-signal decision gates.
2026-07-01,368320,Diesel,1.48,0.0,0.4363859921325168,0.7143666665421512,Crude | Currency | Refined product,,21678.662729,8.0,32084.42083892,0.0,32084.42083892,0.0,0.0,0.0,0.0,32084.42083892,1.4585476779402906,"[32084.42083892, 32084.42083892, 32084.42083892, 32084.42083892, 32084.42083892]",False,Feasible candidate rejected because its combined robust objective is higher or it failed a decision gate.
2026-07-01,368320,Verde,1.399,0.0,0.3055454963515807,0.6023251549781514,Crude | Currency,,0.0,8.0,0.0,2.0252363279382854e-07,2.0252363279382854e-07,1.2471003604061087e-08,0.0,0.0,0.0,2.0252363279382854e-07,1.3901939052189223,"[1.8387579155719443e-07, 1.8952857282785015e-07, 2.0555377955697756e-07, 2.1254681804979538e-07, 2.1499463639788963e-07]",True,Selected because it is the operational minimum after combined-signal decision gates.
2026-07-01,368320,Verde,1.399,0.0,0.3055454963515807,0.6023251549781514,Crude | Currency,,43667.76722,8.0,61091.20634078,0.0,61091.20634078001,0.0,0.0,0.0,0.0,61091.20634078001,1.3901939052187906,"[61091.20634078, 61091.20634078, 61091.20634078, 61091.20634078, 61091.20634078]",False,Feasible candidate rejected because its combined robust objective is higher or it failed a decision gate.
2026-07-01,368321,Diesel,1.48,0.0,0.4363859921325168,0.7143666665421512,Crude | Currency | Refined product,,0.0,8.0,0.0,0.0,0.0,0.0,0.0,0.0,0.0,0.0,1.4585476779402906,"[0.0, 0.0, 0.0, 0.0, 0.0]",True,Selected because it is the operational minimum after combined-signal decision gates.
2026-07-01,368321,Diesel,1.48,0.0,0.4363859921325168,0.7143666665421512,Crude | Currency | Refined product,,6202.745908,8.0,9180.06394384,0.0,9180.06394384,0.0,0.0,0.0,0.0,9180.06394384,1.4585476779402906,"[9180.06394384, 9180.06394384, 9180.06394384, 9180.06394384, 9180.06394384]",False,Feasible candidate rejected because its combined robust objective is higher or it failed a decision gate.
2026-07-01,368321,Verde,1.399,0.0,0.3055454963515807,0.6023251549781514,Crude | Currency,,0.0,8.0,0.0,0.0,0.0,0.0,0.0,0.0,0.0,0.0,1.3901939052187906,"[0.0, 0.0, 0.0, 0.0, 0.0]",True,Selected because it is the operational minimum after combined-signal decision gates.
2026-07-01,368321,Verde,1.399,0.0,0.3055454963515807,0.6023251549781514,Crude | Currency,,6567.593371,8.0,9188.063126029,0.0,9188.063126029,0.0,0.0,0.0,0.0,9188.063126029,1.3901939052187906,"[9188.063126029, 9188.063126029, 9188.063126029, 9188.063126029, 9188.063126029]",False,Feasible candidate rejected because its combined robust objective is higher or it failed a decision gate.
2026-07-01,368322,Diesel,1.48,0.0,0.4363859921325168,0.7143666665421512,Crude | Currency | Refined product,,0.0,8.0,0.0,0.0,0.0,0.0,0.0,0.0,0.0,0.0,1.4585476779402906,"[0.0, 0.0, 0.0, 0.0, 0.0]",True,Selected because it is the operational minimum after combined-signal decision gates.
2026-07-01,368322,Diesel,1.48,0.0,0.4363859921325168,0.7143666665421512,Crude | Currency | Refined product,,9004.217819,8.0,13326.24237212,0.0,13326.24237212,0.0,0.0,0.0,0.0,13326.24237212,1.4585476779402906,"[13326.24237212, 13326.24237212, 13326.24237212, 13326.24237212, 13326.24237212]",False,Feasible candidate rejected because its combined robust objective is higher or it failed a decision gate.
2026-07-01,368322,Verde,1.399,0.0,0.3055454963515807,0.6023251549781514,Crude | Currency,,0.0,8.0,0.0,0.0,0.0,0.0,0.0,0.0,0.0,0.0,1.3901939052187906,"[0.0, 0.0, 0.0, 0.0, 0.0]",True,Selected because it is the operational minimum after combined-signal decision gates.
2026-07-01,368322,Verde,1.399,0.0,0.3055454963515807,0.6023251549781514,Crude | Currency,,10353.579862,8.0,14484.658226938001,0.0,14484.658226938001,0.0,0.0,0.0,0.0,14484.658226938001,1.3901939052187906,"[14484.658226938001, 14484.658226938001, 14484.658226938001, 14484.658226938001, 14484.658226938001]",False,Feasible candidate rejected because its combined robust objective is higher or it failed a decision gate.
2026-07-02,368318,Diesel,1.49,0.0,0.1938465993415817,0.6499988634599563,Crude | Currency | Refined product,,0.0,7.0,0.0,0.0,0.0,0.0,0.0,0.0,0.0,0.0,1.4816216771512596,"[0.0, 0.0, 0.0, 0.0, 0.0]",True,Selected because it is the operational minimum after combined-signal decision gates.
2026-07-02,368318,Diesel,1.49,0.0,0.1938465993415817,0.6499988634599563,Crude | Currency | Refined product,,20436.349106,7.0,30450.16016794,0.0,30450.160167940005,0.0,0.0,0.0,0.0,30450.160167940005,1.4816216771512596,"[30450.16016794, 30450.16016794, 30450.16016794, 30450.16016794, 30450.16016794]",False,Feasible candidate rejected because its combined robust objective is higher or it failed a decision gate.
2026-07-02,368318,Verde,1.408,0.0,0.1390987813637758,0.532829765168324,Crude | Currency,,0.0,7.0,0.0,5.744838260101593e-07,5.744838260101593e-07,2.4760202689154803e-08,0.0,0.0,0.0,5.744838260101593e-07,1.3996331618296882,"[5.294390291467727e-07, 5.492606459178743e-07, 5.825861709919345e-07, 5.936446132260096e-07, 5.992440286993141e-07]",True,Selected because it is the operational minimum after combined-signal decision gates.
2026-07-02,368318,Verde,1.408,0.0,0.1390987813637758,0.532829765168324,Crude | Currency,,21677.75071,7.0,30522.272999679997,0.0,30522.272999679997,0.0,0.0,0.0,0.0,30522.272999679997,1.39963316182942,"[30522.272999679997, 30522.272999679997, 30522.272999679997, 30522.272999679997, 30522.272999679997]",False,Feasible candidate rejected because its combined robust objective is higher or it failed a decision gate.
2026-07-02,368319,Diesel,1.49,0.0,0.1938465993415817,0.6499988634599563,Crude | Currency | Refined product,,0.0,7.0,0.0,0.0,0.0,0.0,0.0,0.0,0.0,0.0,1.4816216771512596,"[0.0, 0.0, 0.0, 0.0, 0.0]",True,Selected because it is the operational minimum after combined-signal decision gates.
2026-07-02,368319,Diesel,1.49,0.0,0.1938465993415817,0.6499988634599563,Crude | Currency | Refined product,,6614.746963,7.0,9855.97297487,0.0,9855.97297487,0.0,0.0,0.0,0.0,9855.97297487,1.4816216771512596,"[9855.97297487, 9855.97297487, 9855.97297487, 9855.97297487, 9855.97297487]",False,Feasible candidate rejected because its combined robust objective is higher or it failed a decision gate.
2026-07-02,368319,Verde,1.408,0.0,0.1390987813637758,0.532829765168324,Crude | Currency,,0.0,7.0,0.0,5.198426997709229e-07,5.19842699770923e-07,2.2405174923132416e-08,0.0,0.0,0.0,5.19842699770923e-07,1.3996331618300355,"[4.790822679694825e-07, 4.970185828127509e-07, 5.271744029432782e-07, 5.371810388235383e-07, 5.422478746940554e-07]",True,Selected because it is the operational minimum after combined-signal decision gates.
2026-07-02,368319,Verde,1.408,0.0,0.1390987813637758,0.532829765168324,Crude | Currency,,6718.71155,7.0,9459.9458624,0.0,9459.9458624,0.0,0.0,0.0,0.0,9459.9458624,1.39963316182942,"[9459.9458624, 9459.9458624, 9459.9458624, 9459.9458624, 9459.9458624]",False,Feasible candidate rejected because its combined robust objective is higher or it failed a decision gate.
2026-07-02,368320,Diesel,1.49,0.0,0.1938465993415817,0.6499988634599563,Crude | Currency | Refined product,,0.0,7.0,0.0,0.0,0.0,0.0,0.0,0.0,0.0,0.0,1.4816216771512596,"[0.0, 0.0, 0.0, 0.0, 0.0]",True,Selected because it is the operational minimum after combined-signal decision gates.
2026-07-02,368320,Diesel,1.49,0.0,0.1938465993415817,0.6499988634599563,Crude | Currency | Refined product,,22905.305836,7.0,34128.90569564,0.0,34128.90569564,0.0,0.0,0.0,0.0,34128.90569564,1.4816216771512596,"[34128.90569564, 34128.90569564, 34128.90569564, 34128.90569564, 34128.90569564]",False,Feasible candidate rejected because its combined robust objective is higher or it failed a decision gate.
2026-07-02,368320,Verde,1.408,0.0,0.1390987813637758,0.532829765168324,Crude | Currency,,0.0,7.0,0.0,2.0389874495083317e-07,2.0389874495083315e-07,8.78801808605349e-09,0.0,0.0,0.0,2.0389874495083315e-07,1.3996331618295634,"[1.8791121469965978e-07, 1.9494640455113704e-07, 2.0677447077316146e-07, 2.1069938978843252e-07, 2.1268676303688663e-07]",True,Selected because it is the operational minimum after combined-signal decision gates.
2026-07-02,368320,Verde,1.408,0.0,0.1390987813637758,0.532829765168324,Crude | Currency,,44487.715642,7.0,62638.703623936,0.0,62638.70362393601,0.0,0.0,0.0,0.0,62638.70362393601,1.39963316182942,"[62638.703623936, 62638.703623936, 62638.703623936, 62638.703623936, 62638.703623936]",False,Feasible candidate rejected because its combined robust objective is higher or it failed a decision gate.
2026-07-02,368321,Diesel,1.49,0.0,0.1938465993415817,0.6499988634599563,Crude | Currency | Refined product,,0.0,7.0,0.0,0.0,0.0,0.0,0.0,0.0,0.0,0.0,1.4816216771512596,"[0.0, 0.0, 0.0, 0.0, 0.0]",True,Selected because it is the operational minimum after combined-signal decision gates.
2026-07-02,368321,Diesel,1.49,0.0,0.1938465993415817,0.6499988634599563,Crude | Currency | Refined product,,6680.688352,7.0,9954.22564448,0.0,9954.22564448,0.0,0.0,0.0,0.0,9954.22564448,1.4816216771512596,"[9954.22564448, 9954.22564448, 9954.22564448, 9954.22564448, 9954.22564448]",False,Feasible candidate rejected because its combined robust objective is higher or it failed a decision gate.
2026-07-02,368321,Verde,1.408,0.0,0.1390987813637758,0.532829765168324,Crude | Currency,,0.0,7.0,0.0,0.0,0.0,0.0,0.0,0.0,0.0,0.0,1.39963316182942,"[0.0, 0.0, 0.0, 0.0, 0.0]",True,Selected because it is the operational minimum after combined-signal decision gates.
2026-07-02,368321,Verde,1.408,0.0,0.1390987813637758,0.532829765168324,Crude | Currency,,6925.352317,7.0,9750.896062336,0.0,9750.896062336,0.0,0.0,0.0,0.0,9750.896062336,1.39963316182942,"[9750.896062336, 9750.896062336, 9750.896062336, 9750.896062336, 9750.896062336]",False,Feasible candidate rejected because its combined robust objective is higher or it failed a decision gate.
2026-07-02,368322,Diesel,1.49,0.0,0.1938465993415817,0.6499988634599563,Crude | Currency | Refined product,,0.0,7.0,0.0,0.0,0.0,0.0,0.0,0.0,0.0,0.0,1.4816216771512596,"[0.0, 0.0, 0.0, 0.0, 0.0]",True,Selected because it is the operational minimum after combined-signal decision gates.
2026-07-02,368322,Diesel,1.49,0.0,0.1938465993415817,0.6499988634599563,Crude | Currency | Refined product,,9559.834221,7.0,14244.152989289998,0.0,14244.152989289998,0.0,0.0,0.0,0.0,14244.152989289998,1.4816216771512596,"[14244.152989289998, 14244.152989289998, 14244.152989289998, 14244.152989289998, 14244.152989289998]",False,Feasible candidate rejected because its combined robust objective is higher or it failed a decision gate.
2026-07-02,368322,Verde,1.408,0.0,0.1390987813637758,0.532829765168324,Crude | Currency,,0.0,7.0,0.0,0.0,0.0,0.0,0.0,0.0,0.0,0.0,1.39963316182942,"[0.0, 0.0, 0.0, 0.0, 0.0]",True,Selected because it is the operational minimum after combined-signal decision gates.
2026-07-02,368322,Verde,1.408,0.0,0.1390987813637758,0.532829765168324,Crude | Currency,,10856.97517,7.0,15286.62103936,0.0,15286.62103936,0.0,0.0,0.0,0.0,15286.62103936,1.39963316182942,"[15286.62103936, 15286.62103936, 15286.62103936, 15286.62103936, 15286.62103936]",False,Feasible candidate rejected because its combined robust objective is higher or it failed a decision gate.
2026-07-03,368318,Diesel,1.498,0.0,0.08120619113316228,0.6632213057090224,Crude | Currency | Refined product | Supply,GULF_SUPPLY_RECOVERY,0.0,6.0,0.0,0.0,0.0,0.0,0.0,0.0,0.0,0.0,1.5034734013249091,"[0.0, 0.0, 0.0, 0.0, 0.0]",True,Selected because it is the operational minimum after combined-signal decision gates.
2026-07-03,368318,Diesel,1.498,0.0,0.08120619113316228,0.6632213057090224,Crude | Currency | Refined product | Supply,GULF_SUPPLY_RECOVERY,22790.636242,6.0,34140.373090516,0.0,34140.373090516,0.0,0.0,0.0,0.0,34140.373090516,1.5034734013249091,"[34140.373090516, 34140.373090516, 34140.373090516, 34140.373090516, 34140.373090516]",False,Feasible candidate rejected because its combined robust objective is higher or it failed a decision gate.
2026-07-03,368318,Verde,1.41,0.0,0.07715673540328309,0.5977692071484195,Crude | Currency | Supply,GULF_SUPPLY_RECOVERY,0.0,6.0,0.0,5.786445236355608e-07,5.786445236355607e-07,1.8092478108836972e-08,0.0,0.0,0.0,5.786445236355607e-07,1.409770001387561,"[5.431159961435548e-07, 5.666799627564169e-07, 5.82363229083101e-07, 5.918896983112084e-07, 5.967370017443977e-07]",True,Selected because it is the operational minimum after combined-signal decision gates.
2026-07-03,368318,Verde,1.41,0.0,0.07715673540328309,0.5977692071484195,Crude | Currency | Supply,GULF_SUPPLY_RECOVERY,22985.689063,6.0,32409.82157883,0.0,32409.82157883,0.0,0.0,0.0,0.0,32409.82157883,1.4097700013875523,"[32409.82157883, 32409.82157883, 32409.82157883, 32409.82157883, 32409.82157883]",False,Feasible candidate rejected because its combined robust objective is higher or it failed a decision gate.
2026-07-03,368319,Diesel,1.498,0.0,0.08120619113316228,0.6632213057090224,Crude | Currency | Refined product | Supply,GULF_SUPPLY_RECOVERY,0.0,6.0,0.0,0.0,0.0,0.0,0.0,0.0,0.0,0.0,1.5034734013249091,"[0.0, 0.0, 0.0, 0.0, 0.0]",True,Selected because it is the operational minimum after combined-signal decision gates.
2026-07-03,368319,Diesel,1.498,0.0,0.08120619113316228,0.6632213057090224,Crude | Currency | Refined product | Supply,GULF_SUPPLY_RECOVERY,7008.733556,6.0,10499.082866888,0.0,10499.082866888,0.0,0.0,0.0,0.0,10499.082866888,1.5034734013249091,"[10499.082866888, 10499.082866888, 10499.082866888, 10499.082866888, 10499.082866888]",False,Feasible candidate rejected because its combined robust objective is higher or it failed a decision gate.
2026-07-03,368319,Verde,1.41,0.0,0.07715673540328309,0.5977692071484195,Crude | Currency | Supply,GULF_SUPPLY_RECOVERY,0.0,6.0,0.0,5.236076591806046e-07,5.236076591806046e-07,1.6371640487267032e-08,0.0,0.0,0.0,5.236076591806046e-07,1.409770001387572,"[4.91458371745126e-07, 5.127810887062322e-07, 5.269726658037401e-07, 5.355930398828117e-07, 5.399792996678716e-07]",True,Selected because it is the operational minimum after combined-signal decision gates.
2026-07-03,368319,Verde,1.41,0.0,0.07715673540328309,0.5977692071484195,Crude | Currency | Supply,GULF_SUPPLY_RECOVERY,7202.117714,6.0,10154.98597674,0.0,10154.98597674,0.0,0.0,0.0,0.0,10154.98597674,1.4097700013875523,"[10154.98597674, 10154.98597674, 10154.98597674, 10154.98597674, 10154.98597674]",False,Feasible candidate rejected because its combined robust objective is higher or it failed a decision gate.
2026-07-03,368320,Diesel,1.498,0.0,0.08120619113316228,0.6632213057090224,Crude | Currency | Refined product | Supply,GULF_SUPPLY_RECOVERY,0.0,6.0,0.0,0.0,0.0,0.0,0.0,0.0,0.0,0.0,1.5034734013249091,"[0.0, 0.0, 0.0, 0.0, 0.0]",True,Selected because it is the operational minimum after combined-signal decision gates.
2026-07-03,368320,Diesel,1.498,0.0,0.08120619113316228,0.6632213057090224,Crude | Currency | Refined product | Supply,GULF_SUPPLY_RECOVERY,24244.058824,6.0,36317.600118352,0.0,36317.600118352,0.0,0.0,0.0,0.0,36317.600118352,1.5034734013249091,"[36317.600118352, 36317.600118352, 36317.600118352, 36317.600118352, 36317.600118352]",False,Feasible candidate rejected because its combined robust objective is higher or it failed a decision gate.
2026-07-03,368320,Verde,1.41,0.0,0.07715673540328309,0.5977692071484195,Crude | Currency | Supply,GULF_SUPPLY_RECOVERY,0.0,6.0,0.0,2.0537419890593202e-07,2.0537419890593202e-07,6.4214350021762044e-09,0.0,0.0,0.0,2.0537419890593202e-07,1.409770001387557,"[1.9276431049592395e-07, 2.0112770212683816e-07, 2.0669405266946674e-07, 2.1007521486187227e-07, 2.1179563390810822e-07]",True,Selected because it is the operational minimum after combined-signal decision gates.
2026-07-03,368320,Verde,1.41,0.0,0.07715673540328309,0.5977692071484195,Crude | Currency | Supply,GULF_SUPPLY_RECOVERY,45361.606737,6.0,63959.86549917,0.0,63959.86549917001,0.0,0.0,0.0,0.0,63959.86549917001,1.4097700013875523,"[63959.86549917, 63959.86549917, 63959.86549917, 63959.86549917, 63959.86549917]",False,Feasible candidate rejected because its combined robust objective is higher or it failed a decision gate.
2026-07-03,368321,Diesel,1.498,0.0,0.08120619113316228,0.6632213057090224,Crude | Currency | Refined product | Supply,GULF_SUPPLY_RECOVERY,0.0,6.0,0.0,0.0,0.0,0.0,0.0,0.0,0.0,0.0,1.5034734013249091,"[0.0, 0.0, 0.0, 0.0, 0.0]",True,Selected because it is the operational minimum after combined-signal decision gates.
2026-07-03,368321,Diesel,1.498,0.0,0.08120619113316228,0.6632213057090224,Crude | Currency | Refined product | Supply,GULF_SUPPLY_RECOVERY,7220.736386,6.0,10816.663106228,0.0,10816.663106228,0.0,0.0,0.0,0.0,10816.663106228,1.5034734013249091,"[10816.663106228, 10816.663106228, 10816.663106228, 10816.663106228, 10816.663106228]",False,Feasible candidate rejected because its combined robust objective is higher or it failed a decision gate.
2026-07-03,368321,Verde,1.41,0.0,0.07715673540328309,0.5977692071484195,Crude | Currency | Supply,GULF_SUPPLY_RECOVERY,0.0,6.0,0.0,0.0,0.0,0.0,0.0,0.0,0.0,0.0,1.4097700013875523,"[0.0, 0.0, 0.0, 0.0, 0.0]",True,Selected because it is the operational minimum after combined-signal decision gates.
2026-07-03,368321,Verde,1.41,0.0,0.07715673540328309,0.5977692071484195,Crude | Currency | Supply,GULF_SUPPLY_RECOVERY,7310.836371,6.0,10308.27928311,0.0,10308.279283110001,0.0,0.0,0.0,0.0,10308.279283110001,1.4097700013875523,"[10308.27928311, 10308.27928311, 10308.27928311, 10308.27928311, 10308.27928311]",False,Feasible candidate rejected because its combined robust objective is higher or it failed a decision gate.
2026-07-03,368322,Diesel,1.498,0.0,0.08120619113316228,0.6632213057090224,Crude | Currency | Refined product | Supply,GULF_SUPPLY_RECOVERY,0.0,6.0,0.0,0.0,0.0,0.0,0.0,0.0,0.0,0.0,1.5034734013249091,"[0.0, 0.0, 0.0, 0.0, 0.0]",True,Selected because it is the operational minimum after combined-signal decision gates.
2026-07-03,368322,Diesel,1.498,0.0,0.08120619113316228,0.6632213057090224,Crude | Currency | Refined product | Supply,GULF_SUPPLY_RECOVERY,10187.622981,6.0,15261.059225538,0.0,15261.059225538002,0.0,0.0,0.0,0.0,15261.059225538002,1.5034734013249091,"[15261.059225538, 15261.059225538, 15261.059225538, 15261.059225538, 15261.059225538]",False,Feasible candidate rejected because its combined robust objective is higher or it failed a decision gate.
2026-07-03,368322,Verde,1.41,0.0,0.07715673540328309,0.5977692071484195,Crude | Currency | Supply,GULF_SUPPLY_RECOVERY,0.0,6.0,0.0,0.0,0.0,0.0,0.0,0.0,0.0,0.0,1.4097700013875523,"[0.0, 0.0, 0.0, 0.0, 0.0]",True,Selected because it is the operational minimum after combined-signal decision gates.
2026-07-03,368322,Verde,1.41,0.0,0.07715673540328309,0.5977692071484195,Crude | Currency | Supply,GULF_SUPPLY_RECOVERY,11338.573717,6.0,15987.388940969999,0.0,15987.388940969999,0.0,0.0,0.0,0.0,15987.388940969999,1.4097700013875523,"[15987.388940969999, 15987.388940969999, 15987.388940969999, 15987.388940969999, 15987.388940969999]",False,Feasible candidate rejected because its combined robust objective is higher or it failed a decision gate.
2026-07-04,368318,Diesel,1.5058099999999999,0.0,0.2366970897652964,0.7376172680896069,Crude | Currency | Refined product | Supply,GULF_SUPPLY_RECOVERY | OPEC_OUTPUT_INCREASE,0.0,5.0,0.0,0.0,0.0,0.0,0.0,0.0,0.0,0.0,1.5183591160546788,"[0.0, 0.0, 0.0, 0.0, 0.0]",True,Selected because it is the operational minimum after combined-signal decision gates.
2026-07-04,368318,Diesel,1.5058099999999999,0.0,0.2366970897652964,0.7376172680896069,Crude | Currency | Refined product | Supply,GULF_SUPPLY_RECOVERY | OPEC_OUTPUT_INCREASE,25038.746423,5.0,37703.59475121763,0.0,37703.59475121763,0.0,0.0,0.0,0.0,37703.59475121763,1.5183591160546788,"[37703.59475121763, 37703.59475121763, 37703.59475121763, 37703.59475121763, 37703.59475121763]",False,Feasible candidate rejected because its combined robust objective is higher or it failed a decision gate.
2026-07-04,368318,Verde,1.4447,0.0,0.18432619656660565,0.6620302920106497,Crude | Currency | Supply,GULF_SUPPLY_RECOVERY | OPEC_OUTPUT_INCREASE,0.0,5.0,0.0,5.959148353874623e-07,5.959148353874623e-07,1.648907591863925e-08,0.0,0.0,0.0,5.959148353874623e-07,1.4518462095394524,"[5.762160159147935e-07, 5.871767275274112e-07, 5.977269860001273e-07, 6.026335137991982e-07, 6.124039113061016e-07]",True,Selected because it is the operational minimum after combined-signal decision gates.
2026-07-04,368318,Verde,1.4447,0.0,0.18432619656660565,0.6620302920106497,Crude | Currency | Supply,GULF_SUPPLY_RECOVERY | OPEC_OUTPUT_INCREASE,24310.898033,5.0,35121.9543882751,0.0,35121.9543882751,0.0,0.0,0.0,0.0,35121.9543882751,1.4518462095397877,"[35121.9543882751, 35121.9543882751, 35121.9543882751, 35121.9543882751, 35121.9543882751]",False,Feasible candidate rejected because its combined robust objective is higher or it failed a decision gate.
2026-07-04,368319,Diesel,1.5058099999999999,0.0,0.2366970897652964,0.7376172680896069,Crude | Currency | Refined product | Supply,GULF_SUPPLY_RECOVERY | OPEC_OUTPUT_INCREASE,0.0,5.0,0.0,0.0,0.0,0.0,0.0,0.0,0.0,0.0,1.5183591160546788,"[0.0, 0.0, 0.0, 0.0, 0.0]",True,Selected because it is the operational minimum after combined-signal decision gates.
2026-07-04,368319,Diesel,1.5058099999999999,0.0,0.2366970897652964,0.7376172680896069,Crude | Currency | Refined product | Supply,GULF_SUPPLY_RECOVERY | OPEC_OUTPUT_INCREASE,7436.794355,5.0,11198.39930770255,0.0,11198.39930770255,0.0,0.0,0.0,0.0,11198.39930770255,1.5183591160546788,"[11198.39930770255, 11198.39930770255, 11198.39930770255, 11198.39930770255, 11198.39930770255]",False,Feasible candidate rejected because its combined robust objective is higher or it failed a decision gate.
2026-07-04,368319,Verde,1.4447,0.0,0.18432619656660565,0.6620302920106497,Crude | Currency | Supply,GULF_SUPPLY_RECOVERY | OPEC_OUTPUT_INCREASE,0.0,5.0,0.0,5.392353323724548e-07,5.392353323724548e-07,1.4920743376268896e-08,0.0,0.0,0.0,5.392353323724548e-07,1.4518462095389888,"[5.214101351559819e-07, 5.313283359090205e-07, 5.40875123127506e-07, 5.453149742458887e-07, 5.541560757487237e-07]",True,Selected because it is the operational minimum after combined-signal decision gates.
2026-07-04,368319,Verde,1.4447,0.0,0.18432619656660565,0.6620302920106497,Crude | Currency | Supply,GULF_SUPPLY_RECOVERY | OPEC_OUTPUT_INCREASE,7840.524589,5.0,11327.2058737283,0.0,11327.2058737283,0.0,0.0,0.0,0.0,11327.2058737283,1.4518462095397877,"[11327.2058737283, 11327.2058737283, 11327.2058737283, 11327.2058737283, 11327.2058737283]",False,Feasible candidate rejected because its combined robust objective is higher or it failed a decision gate.
2026-07-04,368320,Diesel,1.5058099999999999,0.0,0.2366970897652964,0.7376172680896069,Crude | Currency | Refined product | Supply,GULF_SUPPLY_RECOVERY | OPEC_OUTPUT_INCREASE,0.0,5.0,0.0,0.0,0.0,0.0,0.0,0.0,0.0,0.0,1.5183591160546788,"[0.0, 0.0, 0.0, 0.0, 0.0]",True,Selected because it is the operational minimum after combined-signal decision gates.
2026-07-04,368320,Diesel,1.5058099999999999,0.0,0.2366970897652964,0.7376172680896069,Crude | Currency | Refined product | Supply,GULF_SUPPLY_RECOVERY | OPEC_OUTPUT_INCREASE,25798.268958,5.0,38847.291379645976,0.0,38847.291379645976,0.0,0.0,0.0,0.0,38847.291379645976,1.5183591160546788,"[38847.291379645976, 38847.291379645976, 38847.291379645976, 38847.291379645976, 38847.291379645976]",False,Feasible candidate rejected because its combined robust objective is higher or it failed a decision gate.
2026-07-04,368320,Verde,1.4447,0.0,0.18432619656660565,0.6620302920106497,Crude | Currency | Supply,GULF_SUPPLY_RECOVERY | OPEC_OUTPUT_INCREASE,0.0,5.0,0.0,2.115044884543025e-07,2.115044884543025e-07,5.852369097443021e-09,0.0,0.0,0.0,2.115044884543025e-07,1.4518462095396039,"[2.0451290427415825e-07, 2.0840312409267199e-07, 2.1214766423309097e-07, 2.1388910879970666e-07, 2.1735685755174553e-07]",True,Selected because it is the operational minimum after combined-signal decision gates.
2026-07-04,368320,Verde,1.4447,0.0,0.18432619656660565,0.6620302920106497,Crude | Currency | Supply,GULF_SUPPLY_RECOVERY | OPEC_OUTPUT_INCREASE,46318.63978,5.0,66916.538890166,0.0,66916.538890166,0.0,0.0,0.0,0.0,66916.538890166,1.4518462095397877,"[66916.538890166, 66916.538890166, 66916.538890166, 66916.538890166, 66916.538890166]",False,Feasible candidate rejected because its combined robust objective is higher or it failed a decision gate.
2026-07-04,368321,Diesel,1.5058099999999999,0.0,0.2366970897652964,0.7376172680896069,Crude | Currency | Refined product | Supply,GULF_SUPPLY_RECOVERY | OPEC_OUTPUT_INCREASE,0.0,5.0,0.0,0.0,0.0,0.0,0.0,0.0,0.0,0.0,1.5183591160546788,"[0.0, 0.0, 0.0, 0.0, 0.0]",True,Selected because it is the operational minimum after combined-signal decision gates.
2026-07-04,368321,Diesel,1.5058099999999999,0.0,0.2366970897652964,0.7376172680896069,Crude | Currency | Refined product | Supply,GULF_SUPPLY_RECOVERY | OPEC_OUTPUT_INCREASE,7788.389649,5.0,11727.835017360689,0.0,11727.835017360689,0.0,0.0,0.0,0.0,11727.835017360689,1.5183591160546788,"[11727.835017360689, 11727.835017360689, 11727.835017360689, 11727.835017360689, 11727.835017360689]",False,Feasible candidate rejected because its combined robust objective is higher or it failed a decision gate.
2026-07-04,368321,Verde,1.4447,0.0,0.18432619656660565,0.6620302920106497,Crude | Currency | Supply,GULF_SUPPLY_RECOVERY | OPEC_OUTPUT_INCREASE,0.0,5.0,0.0,0.0,0.0,0.0,0.0,0.0,0.0,0.0,1.4518462095397877,"[0.0, 0.0, 0.0, 0.0, 0.0]",True,Selected because it is the operational minimum after combined-signal decision gates.
2026-07-04,368321,Verde,1.4447,0.0,0.18432619656660565,0.6620302920106497,Crude | Currency | Supply,GULF_SUPPLY_RECOVERY | OPEC_OUTPUT_INCREASE,7718.328102,5.0,11150.6686089594,0.0,11150.668608959402,0.0,0.0,0.0,0.0,11150.668608959402,1.4518462095397877,"[11150.6686089594, 11150.6686089594, 11150.6686089594, 11150.6686089594, 11150.6686089594]",False,Feasible candidate rejected because its combined robust objective is higher or it failed a decision gate.
2026-07-04,368322,Diesel,1.5058099999999999,0.0,0.2366970897652964,0.7376172680896069,Crude | Currency | Refined product | Supply,GULF_SUPPLY_RECOVERY | OPEC_OUTPUT_INCREASE,0.0,5.0,0.0,0.0,0.0,0.0,0.0,0.0,0.0,0.0,1.5183591160546788,"[0.0, 0.0, 0.0, 0.0, 0.0]",True,Selected because it is the operational minimum after combined-signal decision gates.
2026-07-04,368322,Diesel,1.5058099999999999,0.0,0.2366970897652964,0.7376172680896069,Crude | Currency | Refined product | Supply,GULF_SUPPLY_RECOVERY | OPEC_OUTPUT_INCREASE,10834.909985,5.0,16315.31580451285,0.0,16315.31580451285,0.0,0.0,0.0,0.0,16315.31580451285,1.5183591160546788,"[16315.31580451285, 16315.31580451285, 16315.31580451285, 16315.31580451285, 16315.31580451285]",False,Feasible candidate rejected because its combined robust objective is higher or it failed a decision gate.
2026-07-04,368322,Verde,1.4447,0.0,0.18432619656660565,0.6620302920106497,Crude | Currency | Supply,GULF_SUPPLY_RECOVERY | OPEC_OUTPUT_INCREASE,0.0,5.0,0.0,0.0,0.0,0.0,0.0,0.0,0.0,0.0,1.4518462095397877,"[0.0, 0.0, 0.0, 0.0, 0.0]",True,Selected because it is the operational minimum after combined-signal decision gates.
2026-07-04,368322,Verde,1.4447,0.0,0.18432619656660565,0.6620302920106497,Crude | Currency | Supply,GULF_SUPPLY_RECOVERY | OPEC_OUTPUT_INCREASE,11816.12501,5.0,17070.755801947,0.0,17070.755801947,0.0,0.0,0.0,0.0,17070.755801947,1.4518462095397877,"[17070.755801947, 17070.755801947, 17070.755801947, 17070.755801947, 17070.755801947]",False,Feasible candidate rejected because its combined robust objective is higher or it failed a decision gate.
2026-07-07,368318,Diesel,1.547,0.0,0.18863214873625678,0.7102883474621604,Crude | Currency | Refined product | Supply,OPEC_OUTPUT_INCREASE,0.0,2.0,0.0,0.0,0.0,0.0,0.0,0.0,0.0,0.0,1.5517219585391442,"[0.0, 0.0, 0.0, 0.0, 0.0]",True,Selected because it is the operational minimum after combined-signal decision gates.
2026-07-07,368318,Diesel,1.547,0.0,0.18863214873625678,0.7102883474621604,Crude | Currency | Refined product | Supply,OPEC_OUTPUT_INCREASE,31010.237392,2.0,47972.837245423994,0.0,47972.837245424,0.0,0.0,0.0,0.0,47972.837245424,1.5517219585391442,"[47972.837245423994, 47972.837245423994, 47972.837245423994, 47972.837245423994, 47972.837245423994]",False,Feasible candidate rejected because its combined robust objective is higher or it failed a decision gate.
2026-07-07,368318,Verde,1.443,0.0,-0.4558541201508248,0.6387575466583303,Crude | Currency | Supply,OPEC_OUTPUT_INCREASE,0.0,2.0,0.0,5.899649831030447e-07,5.899649831030447e-07,5.742349903152157e-09,0.0,0.0,0.0,5.899649831030447e-07,1.4373488032919879,"[5.814906540741103e-07, 5.860134942904322e-07, 5.913326144803144e-07, 5.925471987240093e-07, 5.957073330061969e-07]",True,Selected because it is the operational minimum after combined-signal decision gates.
2026-07-07,368318,Verde,1.443,0.0,-0.4558541201508248,0.6387575466583303,Crude | Currency | Supply,OPEC_OUTPUT_INCREASE,27781.284999,2.0,40088.394253557,0.0,40088.394253557,0.0,0.0,0.0,0.0,40088.394253557,1.4373488032913082,"[40088.394253557, 40088.394253557, 40088.394253557, 40088.394253557, 40088.394253557]",False,Feasible candidate rejected because its combined robust objective is higher or it failed a decision gate.
2026-07-07,368319,Diesel,1.547,0.0,0.18863214873625678,0.7102883474621604,Crude | Currency | Refined product | Supply,OPEC_OUTPUT_INCREASE,0.0,2.0,0.0,0.0,0.0,0.0,0.0,0.0,0.0,0.0,1.5517219585391442,"[0.0, 0.0, 0.0, 0.0, 0.0]",True,Selected because it is the operational minimum after combined-signal decision gates.
2026-07-07,368319,Diesel,1.547,0.0,0.18863214873625678,0.7102883474621604,Crude | Currency | Refined product | Supply,OPEC_OUTPUT_INCREASE,8488.19033,2.0,13131.230440509999,0.0,13131.230440509999,0.0,0.0,0.0,0.0,13131.230440509999,1.5517219585391442,"[13131.230440509999, 13131.230440509999, 13131.230440509999, 13131.230440509999, 13131.230440509999]",False,Feasible candidate rejected because its combined robust objective is higher or it failed a decision gate.
2026-07-07,368319,Verde,1.443,0.0,-0.4558541201508248,0.6387575466583303,Crude | Currency | Supply,OPEC_OUTPUT_INCREASE,0.0,2.0,0.0,5.33851126291449e-07,5.338511262914491e-07,5.196172740115635e-09,0.0,0.0,0.0,5.338511262914491e-07,1.4373488032929693,"[5.261828235524001e-07, 5.302754789001785e-07, 5.350886769459632e-07, 5.361877373731582e-07, 5.390472990315648e-07]",True,Selected because it is the operational minimum after combined-signal decision gates.
2026-07-07,368319,Verde,1.443,0.0,-0.4558541201508248,0.6387575466583303,Crude | Currency | Supply,OPEC_OUTPUT_INCREASE,9178.680589,2.0,13244.836089927,0.0,13244.836089927001,0.0,0.0,0.0,0.0,13244.836089927001,1.4373488032913082,"[13244.836089927, 13244.836089927, 13244.836089927, 13244.836089927, 13244.836089927]",False,Feasible candidate rejected because its combined robust objective is higher or it failed a decision gate.
2026-07-07,368320,Diesel,1.547,0.0,0.18863214873625678,0.7102883474621604,Crude | Currency | Refined product | Supply,OPEC_OUTPUT_INCREASE,0.0,2.0,0.0,0.0,0.0,0.0,0.0,0.0,0.0,0.0,1.5517219585391442,"[0.0, 0.0, 0.0, 0.0, 0.0]",True,Selected because it is the operational minimum after combined-signal decision gates.
2026-07-07,368320,Diesel,1.547,0.0,0.18863214873625678,0.7102883474621604,Crude | Currency | Refined product | Supply,OPEC_OUTPUT_INCREASE,29618.545693,2.0,45819.890187070996,0.0,45819.890187070996,0.0,0.0,0.0,0.0,45819.890187070996,1.5517219585391442,"[45819.890187070996, 45819.890187070996, 45819.890187070996, 45819.890187070996, 45819.890187070996]",False,Feasible candidate rejected because its combined robust objective is higher or it failed a decision gate.
2026-07-07,368320,Verde,1.443,0.0,-0.4558541201508248,0.6387575466583303,Crude | Currency | Supply,OPEC_OUTPUT_INCREASE,0.0,2.0,0.0,2.0939153053299764e-07,2.0939153053299767e-07,2.038086106098264e-09,0.0,0.0,0.0,2.0939153053299767e-07,1.4373488032916608,"[2.0638380502973362e-07, 2.0798906036255964e-07, 2.098769329475644e-07, 2.1030801557288502e-07, 2.1142961663909593e-07]",True,Selected because it is the operational minimum after combined-signal decision gates.
2026-07-07,368320,Verde,1.443,0.0,-0.4558541201508248,0.6387575466583303,Crude | Currency | Supply,OPEC_OUTPUT_INCREASE,48483.404094,2.0,69961.552107642,0.0,69961.552107642,0.0,0.0,0.0,0.0,69961.552107642,1.4373488032913082,"[69961.552107642, 69961.552107642, 69961.552107642, 69961.552107642, 69961.552107642]",False,Feasible candidate rejected because its combined robust objective is higher or it failed a decision gate.
2026-07-07,368321,Diesel,1.547,0.0,0.18863214873625678,0.7102883474621604,Crude | Currency | Refined product | Supply,OPEC_OUTPUT_INCREASE,0.0,2.0,0.0,0.0,0.0,0.0,0.0,0.0,0.0,0.0,1.5517219585391442,"[0.0, 0.0, 0.0, 0.0, 0.0]",True,Selected because it is the operational minimum after combined-signal decision gates.
2026-07-07,368321,Diesel,1.547,0.0,0.18863214873625678,0.7102883474621604,Crude | Currency | Refined product | Supply,OPEC_OUTPUT_INCREASE,9044.460993,2.0,13991.781156171,0.0,13991.781156171,0.0,0.0,0.0,0.0,13991.781156171,1.5517219585391442,"[13991.781156171, 13991.781156171, 13991.781156171, 13991.781156171, 13991.781156171]",False,Feasible candidate rejected because its combined robust objective is higher or it failed a decision gate.
2026-07-07,368321,Verde,1.443,0.0,-0.4558541201508248,0.6387575466583303,Crude | Currency | Supply,OPEC_OUTPUT_INCREASE,0.0,2.0,0.0,0.0,0.0,0.0,0.0,0.0,0.0,0.0,1.4373488032913082,"[0.0, 0.0, 0.0, 0.0, 0.0]",True,Selected because it is the operational minimum after combined-signal decision gates.
2026-07-07,368321,Verde,1.443,0.0,-0.4558541201508248,0.6387575466583303,Crude | Currency | Supply,OPEC_OUTPUT_INCREASE,8724.908419,2.0,12590.042848617,0.0,12590.042848617002,0.0,0.0,0.0,0.0,12590.042848617002,1.4373488032913082,"[12590.042848617, 12590.042848617, 12590.042848617, 12590.042848617, 12590.042848617]",False,Feasible candidate rejected because its combined robust objective is higher or it failed a decision gate.
2026-07-07,368322,Diesel,1.547,0.0,0.18863214873625678,0.7102883474621604,Crude | Currency | Refined product | Supply,OPEC_OUTPUT_INCREASE,0.0,2.0,0.0,0.0,0.0,0.0,0.0,0.0,0.0,0.0,1.5517219585391442,"[0.0, 0.0, 0.0, 0.0, 0.0]",True,Selected because it is the operational minimum after combined-signal decision gates.
2026-07-07,368322,Diesel,1.547,0.0,0.18863214873625678,0.7102883474621604,Crude | Currency | Refined product | Supply,OPEC_OUTPUT_INCREASE,12464.972375,2.0,19283.312264124997,0.0,19283.312264124997,0.0,0.0,0.0,0.0,19283.312264124997,1.5517219585391442,"[19283.312264124997, 19283.312264124997, 19283.312264124997, 19283.312264124997, 19283.312264124997]",False,Feasible candidate rejected because its combined robust objective is higher or it failed a decision gate.
2026-07-07,368322,Verde,1.443,0.0,-0.4558541201508248,0.6387575466583303,Crude | Currency | Supply,OPEC_OUTPUT_INCREASE,0.0,2.0,0.0,0.0,0.0,0.0,0.0,0.0,0.0,0.0,1.4373488032913082,"[0.0, 0.0, 0.0, 0.0, 0.0]",True,Selected because it is the operational minimum after combined-signal decision gates.
2026-07-07,368322,Verde,1.443,0.0,-0.4558541201508248,0.6387575466583303,Crude | Currency | Supply,OPEC_OUTPUT_INCREASE,13078.505715,2.0,18872.283746745,0.0,18872.283746745,0.0,0.0,0.0,0.0,18872.283746745,1.4373488032913082,"[18872.283746745, 18872.283746745, 18872.283746745, 18872.283746745, 18872.283746745]",False,Feasible candidate rejected because its combined robust objective is higher or it failed a decision gate.
