date,strategy,distributor_id,product,quotation_eur_per_litre,inventory_before_litres,purchase_litres,purchase_spend_eur,selected_cover_days,operational_required_litres,discretionary_litres,internal_signal_score,internal_signal_confidence,internal_expected_change_eur_per_litre_day,external_signal_score,external_signal_confidence,external_expected_change_eur_per_litre_day,combined_signal_score,combined_signal_confidence,combined_expected_change_eur_per_litre_day,combined_uncertainty_eur_per_litre_day,candidates_evaluated,selected_expected_cost_eur,required_only_expected_cost_eur,expected_advantage_eur,downside_cost_eur,patterns_used,external_drivers,external_themes,caveats,reason
2026-06-16,WIDGET_EXTERNAL,368318,Diesel,1.493,20300.0,0.0,0.0,9.0,0.0,0.0,0.0,0.0,0.0,0.11282347583944763,0.32956373718399556,-0.0003694238515846806,0.11282347583944764,0.148303681732798,-0.0003694238515846806,0.0008703684127165528,7,13142.500707681962,13142.500707681962,0.0,0.0,P07 price percentile 0.50,Crude | Currency,,"Pattern confidence is detection confidence, not validated predictive probability.",Operational minimum: objective improvement is below action threshold
2026-06-16,WIDGET_EXTERNAL,368318,Verde,1.398,10000.0,0.0,0.0,8.0,0.0,0.0,0.0,0.0,0.0,-0.027448390863003644,0.40717155469387145,-0.000491018967601627,-0.02744839086300364,0.18322719961224215,-0.000491018967601627,0.0013409222083455865,8,9255.185015346735,9255.185015346735,0.0,0.0,P07 price percentile 0.50,Crude | Currency,,"Pattern confidence is detection confidence, not validated predictive probability.",Operational minimum: objective improvement is below action threshold
2026-06-16,WIDGET_EXTERNAL,368319,Diesel,1.493,9600.0,0.0,0.0,14.0,0.0,0.0,0.0,0.0,0.0,0.11282347583944763,0.32956373718399556,-0.0003694238515846806,0.11282347583944764,0.148303681732798,-0.0003694238515846806,0.0008703684127165528,2,0.0,0.0,0.0,0.0,P07 price percentile 0.50,Crude | Currency,,"Pattern confidence is detection confidence, not validated predictive probability.",Operational minimum: objective improvement is below action threshold
2026-06-16,WIDGET_EXTERNAL,368319,Verde,1.398,8000.0,0.0,0.0,14.0,0.0,0.0,0.0,0.0,0.0,-0.027448390863003644,0.40717155469387145,-0.000491018967601627,-0.02744839086300364,0.18322719961224215,-0.000491018967601627,0.0013409222083455865,2,0.0,0.0,0.0,0.0,P07 price percentile 0.50,Crude | Currency,,"Pattern confidence is detection confidence, not validated predictive probability.",Operational minimum: objective improvement is below action threshold
2026-06-16,WIDGET_EXTERNAL,368320,Diesel,1.493,47800.0,0.0,0.0,14.0,0.0,0.0,0.0,0.0,0.0,0.11282347583944763,0.32956373718399556,-0.0003694238515846806,0.11282347583944764,0.148303681732798,-0.0003694238515846806,0.0008703684127165528,2,0.0,0.0,0.0,0.0,P07 price percentile 0.50,Crude | Currency,,"Pattern confidence is detection confidence, not validated predictive probability.",Operational minimum: objective improvement is below action threshold
2026-06-16,WIDGET_EXTERNAL,368320,Verde,1.398,14000.0,0.0,0.0,14.0,0.0,0.0,0.0,0.0,0.0,-0.027448390863003644,0.40717155469387145,-0.000491018967601627,-0.02744839086300364,0.18322719961224215,-0.000491018967601627,0.0013409222083455865,2,0.0,0.0,0.0,0.0,P07 price percentile 0.50,Crude | Currency,,"Pattern confidence is detection confidence, not validated predictive probability.",Operational minimum: objective improvement is below action threshold
2026-06-16,WIDGET_EXTERNAL,368321,Diesel,1.493,9600.0,0.0,0.0,14.0,0.0,0.0,0.0,0.0,0.0,0.11282347583944763,0.32956373718399556,-0.0003694238515846806,0.11282347583944764,0.148303681732798,-0.0003694238515846806,0.0008703684127165528,2,0.0,0.0,0.0,0.0,P07 price percentile 0.50,Crude | Currency,,"Pattern confidence is detection confidence, not validated predictive probability.",Operational minimum: objective improvement is below action threshold
2026-06-16,WIDGET_EXTERNAL,368321,Verde,1.398,8800.0,0.0,0.0,14.0,0.0,0.0,0.0,0.0,0.0,-0.027448390863003644,0.40717155469387145,-0.000491018967601627,-0.02744839086300364,0.18322719961224215,-0.000491018967601627,0.0013409222083455865,2,0.0,0.0,0.0,0.0,P07 price percentile 0.50,Crude | Currency,,"Pattern confidence is detection confidence, not validated predictive probability.",Operational minimum: objective improvement is below action threshold
2026-06-16,WIDGET_EXTERNAL,368322,Diesel,1.493,13600.0,0.0,0.0,14.0,0.0,0.0,0.0,0.0,0.0,0.11282347583944763,0.32956373718399556,-0.0003694238515846806,0.11282347583944764,0.148303681732798,-0.0003694238515846806,0.0008703684127165528,2,0.0,0.0,0.0,0.0,P07 price percentile 0.50,Crude | Currency,,"Pattern confidence is detection confidence, not validated predictive probability.",Operational minimum: objective improvement is below action threshold
2026-06-16,WIDGET_EXTERNAL,368322,Verde,1.398,9600.0,0.0,0.0,14.0,0.0,0.0,0.0,0.0,0.0,-0.027448390863003644,0.40717155469387145,-0.000491018967601627,-0.02744839086300364,0.18322719961224215,-0.000491018967601627,0.0013409222083455865,2,0.0,0.0,0.0,0.0,P07 price percentile 0.50,Crude | Currency,,"Pattern confidence is detection confidence, not validated predictive probability.",Operational minimum: objective improvement is below action threshold
2026-06-17,WIDGET_EXTERNAL,368318,Diesel,1.478,18367.31371607538,0.0,0.0,8.0,0.0,0.0,0.030837004405286365,0.6000000000000001,0.0002775330396475773,-0.6893848072957088,0.616219545519989,-0.000983656480228983,-0.29802358670920737,0.6011313946029379,-0.00029833889907426555,0.0015981791171771308,8,15869.111968022542,15869.111968022542,0.0,0.0,P02 streak 1 | P07 price percentile 0.00,Crude | Currency | Geopolitics,HORMUZ_RECOVERY,"Pattern confidence is detection confidence, not validated predictive probability. | Internal and external evidence disagree; discretionary volume is penalised.",Operational minimum: objective improvement is below action threshold
2026-06-17,WIDGET_EXTERNAL,368318,Verde,1.384,8925.701584498891,0.0,0.0,7.0,0.0,0.0,0.030837004405286365,0.6000000000000001,0.0002590308370044055,-0.6999824357479127,0.67798527783983,-0.0009827790048628263,-0.3202423459698513,0.6289259741468662,-0.000337523891316462,0.0022485849992084487,9,10657.335618622184,10657.335618622184,0.0,0.0,P02 streak 1 | P07 price percentile 0.00,Crude | Currency | Geopolitics,HORMUZ_RECOVERY,"Pattern confidence is detection confidence, not validated predictive probability. | Internal and external evidence disagree; discretionary volume is penalised.",Operational minimum: objective improvement is below action threshold
2026-06-17,WIDGET_EXTERNAL,368319,Diesel,1.478,9174.864818561422,0.0,0.0,14.0,0.0,0.0,0.030837004405286365,0.6000000000000001,0.0002775330396475773,-0.6893848072957088,0.616219545519989,-0.000983656480228983,-0.29802358670920737,0.6011313946029379,-0.00029833889907426555,0.0015981791171771308,2,0.0,0.0,0.0,0.0,P02 streak 1 | P07 price percentile 0.00,Crude | Currency | Geopolitics,HORMUZ_RECOVERY,"Pattern confidence is detection confidence, not validated predictive probability. | Internal and external evidence disagree; discretionary volume is penalised.",Operational minimum: objective improvement is below action threshold
2026-06-17,WIDGET_EXTERNAL,368319,Verde,1.384,7618.817008949127,0.0,0.0,14.0,0.0,0.0,0.030837004405286365,0.6000000000000001,0.0002590308370044055,-0.6999824357479127,0.67798527783983,-0.0009827790048628263,-0.3202423459698513,0.6289259741468662,-0.000337523891316462,0.0022485849992084487,2,0.0,0.0,0.0,0.0,P02 streak 1 | P07 price percentile 0.00,Crude | Currency | Geopolitics,HORMUZ_RECOVERY,"Pattern confidence is detection confidence, not validated predictive probability. | Internal and external evidence disagree; discretionary volume is penalised.",Operational minimum: objective improvement is below action threshold
2026-06-17,WIDGET_EXTERNAL,368320,Diesel,1.478,46600.367732913845,0.0,0.0,14.0,0.0,0.0,0.030837004405286365,0.6000000000000001,0.0002775330396475773,-0.6893848072957088,0.616219545519989,-0.000983656480228983,-0.29802358670920737,0.6011313946029379,-0.00029833889907426555,0.0015981791171771308,2,0.0,0.0,0.0,0.0,P02 streak 1 | P07 price percentile 0.00,Crude | Currency | Geopolitics,HORMUZ_RECOVERY,"Pattern confidence is detection confidence, not validated predictive probability. | Internal and external evidence disagree; discretionary volume is penalised.",Operational minimum: objective improvement is below action threshold
2026-06-17,WIDGET_EXTERNAL,368320,Verde,1.384,13303.352515736471,0.0,0.0,14.0,0.0,0.0,0.030837004405286365,0.6000000000000001,0.0002590308370044055,-0.6999824357479127,0.67798527783983,-0.0009827790048628263,-0.3202423459698513,0.6289259741468662,-0.000337523891316462,0.0022485849992084487,2,0.0,0.0,0.0,0.0,P02 streak 1 | P07 price percentile 0.00,Crude | Currency | Geopolitics,HORMUZ_RECOVERY,"Pattern confidence is detection confidence, not validated predictive probability. | Internal and external evidence disagree; discretionary volume is penalised.",Operational minimum: objective improvement is below action threshold
2026-06-17,WIDGET_EXTERNAL,368321,Diesel,1.478,9122.40343726567,0.0,0.0,14.0,0.0,0.0,0.030837004405286365,0.6000000000000001,0.0002775330396475773,-0.6893848072957088,0.616219545519989,-0.000983656480228983,-0.29802358670920737,0.6011313946029379,-0.00029833889907426555,0.0015981791171771308,2,0.0,0.0,0.0,0.0,P02 streak 1 | P07 price percentile 0.00,Crude | Currency | Geopolitics,HORMUZ_RECOVERY,"Pattern confidence is detection confidence, not validated predictive probability. | Internal and external evidence disagree; discretionary volume is penalised.",Operational minimum: objective improvement is below action threshold
2026-06-17,WIDGET_EXTERNAL,368321,Verde,1.384,8449.012241432312,0.0,0.0,14.0,0.0,0.0,0.030837004405286365,0.6000000000000001,0.0002590308370044055,-0.6999824357479127,0.67798527783983,-0.0009827790048628263,-0.3202423459698513,0.6289259741468662,-0.000337523891316462,0.0022485849992084487,2,0.0,0.0,0.0,0.0,P02 streak 1 | P07 price percentile 0.00,Crude | Currency | Geopolitics,HORMUZ_RECOVERY,"Pattern confidence is detection confidence, not validated predictive probability. | Internal and external evidence disagree; discretionary volume is penalised.",Operational minimum: objective improvement is below action threshold
2026-06-17,WIDGET_EXTERNAL,368322,Diesel,1.478,13039.09709799414,0.0,0.0,14.0,0.0,0.0,0.030837004405286365,0.6000000000000001,0.0002775330396475773,-0.6893848072957088,0.616219545519989,-0.000983656480228983,-0.29802358670920737,0.6011313946029379,-0.00029833889907426555,0.0015981791171771308,2,0.0,0.0,0.0,0.0,P02 streak 1 | P07 price percentile 0.00,Crude | Currency | Geopolitics,HORMUZ_RECOVERY,"Pattern confidence is detection confidence, not validated predictive probability. | Internal and external evidence disagree; discretionary volume is penalised.",Operational minimum: objective improvement is below action threshold
2026-06-17,WIDGET_EXTERNAL,368322,Verde,1.384,9181.901023431423,0.0,0.0,14.0,0.0,0.0,0.030837004405286365,0.6000000000000001,0.0002590308370044055,-0.6999824357479127,0.67798527783983,-0.0009827790048628263,-0.3202423459698513,0.6289259741468662,-0.000337523891316462,0.0022485849992084487,2,0.0,0.0,0.0,0.0,P02 streak 1 | P07 price percentile 0.00,Crude | Currency | Geopolitics,HORMUZ_RECOVERY,"Pattern confidence is detection confidence, not validated predictive probability. | Internal and external evidence disagree; discretionary volume is penalised.",Operational minimum: objective improvement is below action threshold
2026-06-18,WIDGET_EXTERNAL,368318,Diesel,1.465,16310.23739238428,0.0,0.0,7.0,0.0,0.0,-0.3623978201634877,0.6333333333333333,-0.003213260672116257,-0.6903581331063069,0.5790935264305512,-0.0007548665502247065,-0.5027497574109501,0.6451652022434302,-0.0021611810029966223,0.0014635411789722156,9,18500.11927837909,18500.11927837909,0.0,0.0,P01 falling | P02 streak 2 | P07 price percentile 0.00,Crude | Currency | Geopolitics,HORMUZ_RECOVERY,"Pattern confidence is detection confidence, not validated predictive probability.",Operational minimum: objective improvement is below action threshold
2026-06-18,WIDGET_EXTERNAL,368318,Verde,1.375,7781.284998683539,0.0,0.0,6.0,0.0,0.0,-0.3623978201634877,0.6333333333333333,-0.002639464123524069,-0.7057842459557951,0.6468343305144988,-0.0008035386595781906,-0.5187162205036191,0.6756485640812065,-0.0018037032718667746,0.0021082995568592103,10,12040.573433189584,12040.573433189584,0.0,0.0,P01 falling | P02 streak 2 | P07 price percentile 0.00,Crude | Currency | Geopolitics,HORMUZ_RECOVERY,"Pattern confidence is detection confidence, not validated predictive probability.",Operational minimum: objective improvement is below action threshold
2026-06-18,WIDGET_EXTERNAL,368319,Diesel,1.465,8777.3799233173,0.0,0.0,14.0,0.0,0.0,-0.3623978201634877,0.6333333333333333,-0.003213260672116257,-0.6903581331063069,0.5790935264305512,-0.0007548665502247065,-0.5027497574109501,0.6451652022434302,-0.0021611810029966223,0.0014635411789722156,2,0.0,0.0,0.0,0.0,P01 falling | P02 streak 2 | P07 price percentile 0.00,Crude | Currency | Geopolitics,HORMUZ_RECOVERY,"Pattern confidence is detection confidence, not validated predictive probability.",Operational minimum: objective improvement is below action threshold
2026-06-18,WIDGET_EXTERNAL,368319,Verde,1.375,7178.680588456058,0.0,0.0,14.0,0.0,0.0,-0.3623978201634877,0.6333333333333333,-0.002639464123524069,-0.7057842459557951,0.6468343305144988,-0.0008035386595781906,-0.5187162205036191,0.6756485640812065,-0.0018037032718667746,0.0021082995568592103,2,0.0,0.0,0.0,0.0,P01 falling | P02 streak 2 | P07 price percentile 0.00,Crude | Currency | Geopolitics,HORMUZ_RECOVERY,"Pattern confidence is detection confidence, not validated predictive probability.",Operational minimum: objective improvement is below action threshold
2026-06-18,WIDGET_EXTERNAL,368320,Diesel,1.465,45373.72462646737,0.0,0.0,14.0,0.0,0.0,-0.3623978201634877,0.6333333333333333,-0.003213260672116257,-0.6903581331063069,0.5790935264305512,-0.0007548665502247065,-0.5027497574109501,0.6451652022434302,-0.0021611810029966223,0.0014635411789722156,2,0.0,0.0,0.0,0.0,P01 falling | P02 streak 2 | P07 price percentile 0.00,Crude | Currency | Geopolitics,HORMUZ_RECOVERY,"Pattern confidence is detection confidence, not validated predictive probability.",Operational minimum: objective improvement is below action threshold
2026-06-18,WIDGET_EXTERNAL,368320,Verde,1.375,12483.404094125459,0.0,0.0,14.0,0.0,0.0,-0.3623978201634877,0.6333333333333333,-0.002639464123524069,-0.7057842459557951,0.6468343305144988,-0.0008035386595781906,-0.5187162205036191,0.6756485640812065,-0.0018037032718667746,0.0021082995568592103,2,0.0,0.0,0.0,0.0,P01 falling | P02 streak 2 | P07 price percentile 0.00,Crude | Currency | Geopolitics,HORMUZ_RECOVERY,"Pattern confidence is detection confidence, not validated predictive probability.",Operational minimum: objective improvement is below action threshold
2026-06-18,WIDGET_EXTERNAL,368321,Diesel,1.465,8644.460993413799,0.0,0.0,14.0,0.0,0.0,-0.3623978201634877,0.6333333333333333,-0.003213260672116257,-0.6903581331063069,0.5790935264305512,-0.0007548665502247065,-0.5027497574109501,0.6451652022434302,-0.0021611810029966223,0.0014635411789722156,2,0.0,0.0,0.0,0.0,P01 falling | P02 streak 2 | P07 price percentile 0.00,Crude | Currency | Geopolitics,HORMUZ_RECOVERY,"Pattern confidence is detection confidence, not validated predictive probability.",Operational minimum: objective improvement is below action threshold
2026-06-18,WIDGET_EXTERNAL,368321,Verde,1.375,8091.2532952336915,0.0,0.0,14.0,0.0,0.0,-0.3623978201634877,0.6333333333333333,-0.002639464123524069,-0.7057842459557951,0.6468343305144988,-0.0008035386595781906,-0.5187162205036191,0.6756485640812065,-0.0018037032718667746,0.0021082995568592103,2,0.0,0.0,0.0,0.0,P01 falling | P02 streak 2 | P07 price percentile 0.00,Crude | Currency | Geopolitics,HORMUZ_RECOVERY,"Pattern confidence is detection confidence, not validated predictive probability.",Operational minimum: objective improvement is below action threshold
2026-06-18,WIDGET_EXTERNAL,368322,Diesel,1.465,12483.480695578608,0.0,0.0,14.0,0.0,0.0,-0.3623978201634877,0.6333333333333333,-0.003213260672116257,-0.6903581331063069,0.5790935264305512,-0.0007548665502247065,-0.5027497574109501,0.6451652022434302,-0.0021611810029966223,0.0014635411789722156,2,0.0,0.0,0.0,0.0,P01 falling | P02 streak 2 | P07 price percentile 0.00,Crude | Currency | Geopolitics,HORMUZ_RECOVERY,"Pattern confidence is detection confidence, not validated predictive probability.",Operational minimum: objective improvement is below action threshold
2026-06-18,WIDGET_EXTERNAL,368322,Verde,1.375,8678.505715674524,0.0,0.0,14.0,0.0,0.0,-0.3623978201634877,0.6333333333333333,-0.002639464123524069,-0.7057842459557951,0.6468343305144988,-0.0008035386595781906,-0.5187162205036191,0.6756485640812065,-0.0018037032718667746,0.0021082995568592103,2,0.0,0.0,0.0,0.0,P01 falling | P02 streak 2 | P07 price percentile 0.00,Crude | Currency | Geopolitics,HORMUZ_RECOVERY,"Pattern confidence is detection confidence, not validated predictive probability.",Operational minimum: objective improvement is below action threshold
2026-06-19,WIDGET_EXTERNAL,368318,Diesel,1.445,13955.950256598173,0.0,0.0,6.0,0.0,0.0,-0.39534883720930225,0.6666666666666666,-0.003953488372093022,-0.9350422489687662,0.5383760235192059,-0.0003826068741716676,-0.6100694698883513,0.6484707609712395,-0.002532789290449771,0.0015359572317988688,10,21490.91030747091,21490.91030747091,0.0,570.3772477422172,P01 falling | P02 streak 3 | P07 price percentile 0.00,Crude | Currency | Geopolitics,HORMUZ_RECOVERY,"Pattern confidence is detection confidence, not validated predictive probability.",Operational minimum: objective improvement is below action threshold
2026-06-19,WIDGET_EXTERNAL,368318,Verde,1.36,6473.346646072674,0.0,0.0,5.0,0.0,0.0,-0.39534883720930225,0.6666666666666666,-0.003689922480620154,-0.918183284715107,0.612669913765298,-0.0004386955730989706,-0.6197469897454269,0.6819030115819811,-0.002294510768549688,0.002285357070972057,11,13697.617044305005,13697.617044305005,0.0,526.7490011709906,P01 falling | P02 streak 3 | P07 price percentile 0.00,Crude | Currency | Geopolitics,HORMUZ_RECOVERY,"Pattern confidence is detection confidence, not validated predictive probability.",Operational minimum: objective improvement is below action threshold
2026-06-19,WIDGET_EXTERNAL,368319,Diesel,1.445,8383.393330495626,0.0,0.0,14.0,0.0,0.0,-0.39534883720930225,0.6666666666666666,-0.003953488372093022,-0.9350422489687662,0.5383760235192059,-0.0003826068741716676,-0.6100694698883513,0.6484707609712395,-0.002532789290449771,0.0015359572317988688,2,0.0,0.0,0.0,0.0,P01 falling | P02 streak 3 | P07 price percentile 0.00,Crude | Currency | Geopolitics,HORMUZ_RECOVERY,"Pattern confidence is detection confidence, not validated predictive probability.",Operational minimum: objective improvement is below action threshold
2026-06-19,WIDGET_EXTERNAL,368319,Verde,1.36,6695.27442419071,0.0,0.0,14.0,0.0,0.0,-0.39534883720930225,0.6666666666666666,-0.003689922480620154,-0.918183284715107,0.612669913765298,-0.0004386955730989706,-0.6197469897454269,0.6819030115819811,-0.002294510768549688,0.002285357070972057,2,0.0,0.0,0.0,0.0,P01 falling | P02 streak 3 | P07 price percentile 0.00,Crude | Currency | Geopolitics,HORMUZ_RECOVERY,"Pattern confidence is detection confidence, not validated predictive probability.",Operational minimum: objective improvement is below action threshold
2026-06-19,WIDGET_EXTERNAL,368320,Diesel,1.445,44034.97163767555,0.0,0.0,14.0,0.0,0.0,-0.39534883720930225,0.6666666666666666,-0.003953488372093022,-0.9350422489687662,0.5383760235192059,-0.0003826068741716676,-0.6100694698883513,0.6484707609712395,-0.002532789290449771,0.0015359572317988688,2,0.0,0.0,0.0,0.0,P01 falling | P02 streak 3 | P07 price percentile 0.00,Crude | Currency | Geopolitics,HORMUZ_RECOVERY,"Pattern confidence is detection confidence, not validated predictive probability.",Operational minimum: objective improvement is below action threshold
2026-06-19,WIDGET_EXTERNAL,368320,Verde,1.36,11609.512999233086,0.0,0.0,14.0,0.0,0.0,-0.39534883720930225,0.6666666666666666,-0.003689922480620154,-0.918183284715107,0.612669913765298,-0.0004386955730989706,-0.6197469897454269,0.6819030115819811,-0.002294510768549688,0.002285357070972057,2,0.0,0.0,0.0,0.0,P01 falling | P02 streak 3 | P07 price percentile 0.00,Crude | Currency | Geopolitics,HORMUZ_RECOVERY,"Pattern confidence is detection confidence, not validated predictive probability.",Operational minimum: objective improvement is below action threshold
2026-06-19,WIDGET_EXTERNAL,368321,Diesel,1.445,8104.4129593838925,0.0,0.0,14.0,0.0,0.0,-0.39534883720930225,0.6666666666666666,-0.003953488372093022,-0.9350422489687662,0.5383760235192059,-0.0003826068741716676,-0.6100694698883513,0.6484707609712395,-0.002532789290449771,0.0015359572317988688,2,0.0,0.0,0.0,0.0,P01 falling | P02 streak 3 | P07 price percentile 0.00,Crude | Currency | Geopolitics,HORMUZ_RECOVERY,"Pattern confidence is detection confidence, not validated predictive probability.",Operational minimum: objective improvement is below action threshold
2026-06-19,WIDGET_EXTERNAL,368321,Verde,1.36,7705.76924153959,0.0,0.0,14.0,0.0,0.0,-0.39534883720930225,0.6666666666666666,-0.003689922480620154,-0.918183284715107,0.612669913765298,-0.0004386955730989706,-0.6197469897454269,0.6819030115819811,-0.002294510768549688,0.002285357070972057,2,0.0,0.0,0.0,0.0,P01 falling | P02 streak 3 | P07 price percentile 0.00,Crude | Currency | Geopolitics,HORMUZ_RECOVERY,"Pattern confidence is detection confidence, not validated predictive probability.",Operational minimum: objective improvement is below action threshold
2026-06-19,WIDGET_EXTERNAL,368322,Diesel,1.445,11855.691936031775,0.0,0.0,14.0,0.0,0.0,-0.39534883720930225,0.6666666666666666,-0.003953488372093022,-0.9350422489687662,0.5383760235192059,-0.0003826068741716676,-0.6100694698883513,0.6484707609712395,-0.002532789290449771,0.0015359572317988688,2,0.0,0.0,0.0,0.0,P01 falling | P02 streak 3 | P07 price percentile 0.00,Crude | Currency | Geopolitics,HORMUZ_RECOVERY,"Pattern confidence is detection confidence, not validated predictive probability.",Operational minimum: objective improvement is below action threshold
2026-06-19,WIDGET_EXTERNAL,368322,Verde,1.36,8196.907168766365,0.0,0.0,14.0,0.0,0.0,-0.39534883720930225,0.6666666666666666,-0.003689922480620154,-0.918183284715107,0.612669913765298,-0.0004386955730989706,-0.6197469897454269,0.6819030115819811,-0.002294510768549688,0.002285357070972057,2,0.0,0.0,0.0,0.0,P01 falling | P02 streak 3 | P07 price percentile 0.00,Crude | Currency | Geopolitics,HORMUZ_RECOVERY,"Pattern confidence is detection confidence, not validated predictive probability.",Operational minimum: objective improvement is below action threshold
2026-06-20,WIDGET_EXTERNAL,368318,Diesel,1.415,11707.840075092876,0.0,0.0,5.0,0.0,0.0,-0.3673036093418258,0.7000000000000001,-0.004499469214437367,-0.8171703117258161,0.589152836258734,-0.0003399486144669574,-0.5507594853854677,0.686849137250613,-0.0028032145426750603,0.0011381929418187255,11,24087.54851531423,24087.54851531423,0.0,936.5806076939334,P01 falling | P02 streak 4 | P04 multi-day quotation | P07 price percentile 0.00,Crude | Currency | Geopolitics | Supply and demand,HORMUZ_RECOVERY,"Pattern confidence is detection confidence, not validated predictive probability.",Operational minimum: objective improvement is below action threshold
2026-06-20,WIDGET_EXTERNAL,368318,Verde,1.353,5148.137675644144,0.0,0.0,4.0,0.0,0.0,-0.3673036093418258,0.7000000000000001,-0.0029567940552016982,-0.8127016578978277,0.6552746922411903,-0.00042471443761224156,-0.5604808836371872,0.7166039724427183,-0.0018585848456854365,0.0016753250755190089,12,15400.380980463417,15400.380980463417,0.0,520.979717317412,P01 falling | P02 streak 4 | P04 multi-day quotation | P07 price percentile 0.00,Crude | Currency | Geopolitics | Supply and demand,HORMUZ_RECOVERY,"Pattern confidence is detection confidence, not validated predictive probability.",Operational minimum: objective improvement is below action threshold
2026-06-20,WIDGET_EXTERNAL,368319,Diesel,1.415,7955.332531697828,0.0,0.0,14.0,0.0,0.0,-0.3673036093418258,0.7000000000000001,-0.004499469214437367,-0.8171703117258161,0.589152836258734,-0.0003399486144669574,-0.5507594853854677,0.686849137250613,-0.0028032145426750603,0.0011381929418187255,2,0.0,0.0,0.0,0.0,P01 falling | P02 streak 4 | P04 multi-day quotation | P07 price percentile 0.00,Crude | Currency | Geopolitics | Supply and demand,HORMUZ_RECOVERY,"Pattern confidence is detection confidence, not validated predictive probability.",Operational minimum: objective improvement is below action threshold
2026-06-20,WIDGET_EXTERNAL,368319,Verde,1.353,6056.867549259561,0.0,0.0,13.0,0.0,0.0,-0.3673036093418258,0.7000000000000001,-0.0029567940552016982,-0.8127016578978277,0.6552746922411903,-0.00042471443761224156,-0.5604808836371872,0.7166039724427183,-0.0018585848456854365,0.0016753250755190089,3,672.5322367882898,672.5322367882898,0.0,39.50550031247269,P01 falling | P02 streak 4 | P04 multi-day quotation | P07 price percentile 0.00,Crude | Currency | Geopolitics | Supply and demand,HORMUZ_RECOVERY,"Pattern confidence is detection confidence, not validated predictive probability.",Operational minimum: objective improvement is below action threshold
2026-06-20,WIDGET_EXTERNAL,368320,Diesel,1.415,42480.76150404869,0.0,0.0,14.0,0.0,0.0,-0.3673036093418258,0.7000000000000001,-0.004499469214437367,-0.8171703117258161,0.589152836258734,-0.0003399486144669574,-0.5507594853854677,0.686849137250613,-0.0028032145426750603,0.0011381929418187255,2,0.0,0.0,0.0,0.0,P01 falling | P02 streak 4 | P04 multi-day quotation | P07 price percentile 0.00,Crude | Currency | Geopolitics | Supply and demand,HORMUZ_RECOVERY,"Pattern confidence is detection confidence, not validated predictive probability.",Operational minimum: objective improvement is below action threshold
2026-06-20,WIDGET_EXTERNAL,368320,Verde,1.353,10652.479955580331,0.0,0.0,13.0,0.0,0.0,-0.3673036093418258,0.7000000000000001,-0.0029567940552016982,-0.8127016578978277,0.6552746922411903,-0.00042471443761224156,-0.5604808836371872,0.7166039724427183,-0.0018585848456854365,0.0016753250755190089,3,494.5780703438633,494.5780703438633,0.0,29.92860311341707,P01 falling | P02 streak 4 | P04 multi-day quotation | P07 price percentile 0.00,Crude | Currency | Geopolitics | Supply and demand,HORMUZ_RECOVERY,"Pattern confidence is detection confidence, not validated predictive probability.",Operational minimum: objective improvement is below action threshold
2026-06-20,WIDGET_EXTERNAL,368321,Diesel,1.415,7536.759696539012,0.0,0.0,14.0,0.0,0.0,-0.3673036093418258,0.7000000000000001,-0.004499469214437367,-0.8171703117258161,0.589152836258734,-0.0003399486144669574,-0.5507594853854677,0.686849137250613,-0.0028032145426750603,0.0011381929418187255,2,0.0,0.0,0.0,0.0,P01 falling | P02 streak 4 | P04 multi-day quotation | P07 price percentile 0.00,Crude | Currency | Geopolitics | Supply and demand,HORMUZ_RECOVERY,"Pattern confidence is detection confidence, not validated predictive probability.",Operational minimum: objective improvement is below action threshold
2026-06-20,WIDGET_EXTERNAL,368321,Verde,1.353,7298.27751028308,0.0,0.0,14.0,0.0,0.0,-0.3673036093418258,0.7000000000000001,-0.0029567940552016982,-0.8127016578978277,0.6552746922411903,-0.00042471443761224156,-0.5604808836371872,0.7166039724427183,-0.0018585848456854365,0.0016753250755190089,2,0.0,0.0,0.0,0.0,P01 falling | P02 streak 4 | P04 multi-day quotation | P07 price percentile 0.00,Crude | Currency | Geopolitics | Supply and demand,HORMUZ_RECOVERY,"Pattern confidence is detection confidence, not validated predictive probability.",Operational minimum: objective improvement is below action threshold
2026-06-20,WIDGET_EXTERNAL,368322,Diesel,1.415,11208.404931964455,0.0,0.0,14.0,0.0,0.0,-0.3673036093418258,0.7000000000000001,-0.004499469214437367,-0.8171703117258161,0.589152836258734,-0.0003399486144669574,-0.5507594853854677,0.686849137250613,-0.0028032145426750603,0.0011381929418187255,2,0.0,0.0,0.0,0.0,P01 falling | P02 streak 4 | P04 multi-day quotation | P07 price percentile 0.00,Crude | Currency | Geopolitics | Supply and demand,HORMUZ_RECOVERY,"Pattern confidence is detection confidence, not validated predictive probability.",Operational minimum: objective improvement is below action threshold
2026-06-20,WIDGET_EXTERNAL,368322,Verde,1.353,7719.355875446529,0.0,0.0,14.0,0.0,0.0,-0.3673036093418258,0.7000000000000001,-0.0029567940552016982,-0.8127016578978277,0.6552746922411903,-0.00042471443761224156,-0.5604808836371872,0.7166039724427183,-0.0018585848456854365,0.0016753250755190089,2,0.0,0.0,0.0,0.0,P01 falling | P02 streak 4 | P04 multi-day quotation | P07 price percentile 0.00,Crude | Currency | Geopolitics | Supply and demand,HORMUZ_RECOVERY,"Pattern confidence is detection confidence, not validated predictive probability.",Operational minimum: objective improvement is below action threshold
2026-06-23,WIDGET_EXTERNAL,368318,Diesel,1.425,5736.349106355129,23390.952681,33332.107570424996,14.0,0.0,23390.952681,0.22190201729106634,0.6,0.001997118155619597,-0.2808101515165389,0.32956373718399556,0.0001781078366895732,0.06603019707853247,0.43392327827458477,0.0014331126133039578,0.0008228225377503554,14,33332.107570424996,33537.6569548457,205.54938442070124,0.0,P01 falling | P02 streak 1 | P07 price percentile 0.13,Crude | Currency,,"Pattern confidence is detection confidence, not validated predictive probability. | Internal and external evidence disagree; discretionary volume is penalised.",Combined internal/external robust objective supports advance purchase
2026-06-23,WIDGET_EXTERNAL,368318,Verde,1.358,1677.7507096353363,14966.747871,20324.843608818002,14.0,0.0,14966.747871,0.8854625550660765,0.6000000000000001,0.004781497797356813,-0.22237535985369242,0.40717155469387145,0.0002001993256898792,0.4899534337093434,0.4687521276415037,0.0031459288131221864,0.0012568753404620914,15,20324.843608949468,20577.850167777633,253.006558828165,1.4486431609839201e-08,P02 streak 1 | P07 price percentile 0.11,Crude | Currency,,"Pattern confidence is detection confidence, not validated predictive probability. | Internal and external evidence disagree; discretionary volume is penalised.",Combined internal/external robust objective supports advance purchase
2026-06-23,WIDGET_EXTERNAL,368319,Diesel,1.425,6903.936556659463,0.0,0.0,14.0,0.0,0.0,0.22190201729106634,0.6,0.001997118155619597,-0.2808101515165389,0.32956373718399556,0.0001781078366895732,0.06603019707853247,0.43392327827458477,0.0014331126133039578,0.0008228225377503554,2,0.0,0.0,0.0,0.0,P01 falling | P02 streak 1 | P07 price percentile 0.13,Crude | Currency,,"Pattern confidence is detection confidence, not validated predictive probability. | Internal and external evidence disagree; discretionary volume is penalised.",Operational minimum: objective improvement is below action threshold
2026-06-23,WIDGET_EXTERNAL,368319,Verde,1.358,4718.711549724176,1843.865351,2503.969146658,14.0,0.0,1843.865351,0.8854625550660765,0.6000000000000001,0.004781497797356813,-0.22237535985369242,0.40717155469387145,0.0002001993256898792,0.4899534337093434,0.4687521276415037,0.0031459288131221864,0.0012568753404620914,6,2503.969146658,2565.2834485724793,61.314301914479074,0.0,P02 streak 1 | P07 price percentile 0.11,Crude | Currency,,"Pattern confidence is detection confidence, not validated predictive probability. | Internal and external evidence disagree; discretionary volume is penalised.",Combined internal/external robust objective supports advance purchase
2026-06-23,WIDGET_EXTERNAL,368320,Diesel,1.425,38660.48476897283,0.0,0.0,14.0,0.0,0.0,0.22190201729106634,0.6,0.001997118155619597,-0.2808101515165389,0.32956373718399556,0.0001781078366895732,0.06603019707853247,0.43392327827458477,0.0014331126133039578,0.0008228225377503554,2,0.0,0.0,0.0,0.0,P01 falling | P02 streak 1 | P07 price percentile 0.13,Crude | Currency,,"Pattern confidence is detection confidence, not validated predictive probability. | Internal and external evidence disagree; discretionary volume is penalised.",Operational minimum: objective improvement is below action threshold
2026-06-23,WIDGET_EXTERNAL,368320,Verde,1.358,8487.715641576287,2536.853075,3445.04647585,14.0,0.0,2536.853075,0.8854625550660765,0.6000000000000001,0.004781497797356813,-0.22237535985369242,0.40717155469387145,0.0002001993256898792,0.4899534337093434,0.4687521276415037,0.0031459288131221864,0.0012568753404620914,6,3445.046476229235,3532.816545721047,87.77006949181214,4.179673851467669e-08,P02 streak 1 | P07 price percentile 0.11,Crude | Currency,,"Pattern confidence is detection confidence, not validated predictive probability. | Internal and external evidence disagree; discretionary volume is penalised.",Combined internal/external robust objective supports advance purchase
2026-06-23,WIDGET_EXTERNAL,368321,Diesel,1.425,6280.688351956364,357.934944,510.0572952,14.0,0.0,357.934944,0.22190201729106634,0.6,0.001997118155619597,-0.2808101515165389,0.32956373718399556,0.0001781078366895732,0.06603019707853247,0.43392327827458477,0.0014331126133039578,0.0008228225377503554,3,510.05729538894934,516.4068122860497,6.3495168971003295,3.106157464571879e-08,P01 falling | P02 streak 1 | P07 price percentile 0.13,Crude | Currency,,"Pattern confidence is detection confidence, not validated predictive probability. | Internal and external evidence disagree; discretionary volume is penalised.",Combined internal/external robust objective supports advance purchase
2026-06-23,WIDGET_EXTERNAL,368321,Verde,1.358,6291.697193644826,0.0,0.0,14.0,0.0,0.0,0.8854625550660765,0.6000000000000001,0.004781497797356813,-0.22237535985369242,0.40717155469387145,0.0002001993256898792,0.4899534337093434,0.4687521276415037,0.0031459288131221864,0.0012568753404620914,2,0.0,0.0,0.0,0.0,P02 streak 1 | P07 price percentile 0.11,Crude | Currency,,"Pattern confidence is detection confidence, not validated predictive probability. | Internal and external evidence disagree; discretionary volume is penalised.",Operational minimum: objective improvement is below action threshold
2026-06-23,WIDGET_EXTERNAL,368322,Diesel,1.425,9578.342541728,0.0,0.0,14.0,0.0,0.0,0.22190201729106634,0.6,0.001997118155619597,-0.2808101515165389,0.32956373718399556,0.0001781078366895732,0.06603019707853247,0.43392327827458477,0.0014331126133039578,0.0008228225377503554,2,0.0,0.0,0.0,0.0,P01 falling | P02 streak 1 | P07 price percentile 0.13,Crude | Currency,,"Pattern confidence is detection confidence, not validated predictive probability. | Internal and external evidence disagree; discretionary volume is penalised.",Operational minimum: objective improvement is below action threshold
2026-06-23,WIDGET_EXTERNAL,368322,Verde,1.358,6456.9751702515605,0.0,0.0,14.0,0.0,0.0,0.8854625550660765,0.6000000000000001,0.004781497797356813,-0.22237535985369242,0.40717155469387145,0.0002001993256898792,0.4899534337093434,0.4687521276415037,0.0031459288131221864,0.0012568753404620914,2,0.0,0.0,0.0,0.0,P02 streak 1 | P07 price percentile 0.11,Crude | Currency,,"Pattern confidence is detection confidence, not validated predictive probability. | Internal and external evidence disagree; discretionary volume is penalised.",Operational minimum: objective improvement is below action threshold
2026-06-24,WIDGET_EXTERNAL,368318,Diesel,1.432,27194.61550343051,1932.686284,2767.606758688,14.0,0.0,1932.686284,0.8610354223433253,0.6333333333333333,0.007634514078110817,-0.9147853620134793,0.5806500995827688,-0.0005050208342925288,0.09989855379939788,0.43741879367691416,0.004145817375602874,0.001532115201104484,3,2767.606758688,2962.9726997385224,195.36594105052245,0.0,P01 rising | P02 streak 2 | P07 price percentile 0.22,Crude | Currency | Supply,IRAN_SUPPLY_ACCESS,"Pattern confidence is detection confidence, not validated predictive probability. | Internal and external evidence disagree; discretionary volume is penalised.",Combined internal/external robust objective supports advance purchase
2026-06-24,WIDGET_EXTERNAL,368318,Verde,1.368,15570.200165134227,1074.298416,1469.6402330880003,14.0,0.0,1074.298416,0.7874659400544938,0.6333333333333333,0.004737920072661204,-0.9179486038449856,0.6481403883537717,-0.0005684647724531676,0.0102638555670022,0.4825033200816319,0.002319661487105943,0.0022829064204728964,3,1469.6402330880003,1531.162598796679,61.52236570867876,0.0,P01 rising | P02 streak 2 | P07 price percentile 0.33,Crude | Currency | Supply,IRAN_SUPPLY_ACCESS,"Pattern confidence is detection confidence, not validated predictive probability. | Internal and external evidence disagree; discretionary volume is penalised.",Combined internal/external robust objective supports advance purchase
2026-06-24,WIDGET_EXTERNAL,368319,Diesel,1.432,6478.801375220884,0.0,0.0,14.0,0.0,0.0,0.8610354223433253,0.6333333333333333,0.007634514078110817,-0.9147853620134793,0.5806500995827688,-0.0005050208342925288,0.09989855379939788,0.43741879367691416,0.004145817375602874,0.001532115201104484,2,0.0,0.0,0.0,0.0,P01 rising | P02 streak 2 | P07 price percentile 0.22,Crude | Currency | Supply,IRAN_SUPPLY_ACCESS,"Pattern confidence is detection confidence, not validated predictive probability. | Internal and external evidence disagree; discretionary volume is penalised.",Operational minimum: objective improvement is below action threshold
2026-06-24,WIDGET_EXTERNAL,368319,Verde,1.368,6181.393909673303,381.182991,521.458331688,14.0,0.0,381.182991,0.7874659400544938,0.6333333333333333,0.004737920072661204,-0.9179486038449856,0.6481403883537717,-0.0005684647724531676,0.0102638555670022,0.4825033200816319,0.002319661487105943,0.0022829064204728964,3,521.458331688,543.3833887220336,21.925057034033557,0.0,P01 rising | P02 streak 2 | P07 price percentile 0.33,Crude | Currency | Supply,IRAN_SUPPLY_ACCESS,"Pattern confidence is detection confidence, not validated predictive probability. | Internal and external evidence disagree; discretionary volume is penalised.",Combined internal/external robust objective supports advance purchase
2026-06-24,WIDGET_EXTERNAL,368320,Diesel,1.432,37460.85250188668,0.0,0.0,14.0,0.0,0.0,0.8610354223433253,0.6333333333333333,0.007634514078110817,-0.9147853620134793,0.5806500995827688,-0.0005050208342925288,0.09989855379939788,0.43741879367691416,0.004145817375602874,0.001532115201104484,2,0.0,0.0,0.0,0.0,P01 rising | P02 streak 2 | P07 price percentile 0.22,Crude | Currency | Supply,IRAN_SUPPLY_ACCESS,"Pattern confidence is detection confidence, not validated predictive probability. | Internal and external evidence disagree; discretionary volume is penalised.",Operational minimum: objective improvement is below action threshold
2026-06-24,WIDGET_EXTERNAL,368320,Verde,1.368,10327.921232312758,696.647485,953.01375948,14.0,0.0,696.647485,0.7874659400544938,0.6333333333333333,0.004737920072661204,-0.9179486038449856,0.6481403883537717,-0.0005684647724531676,0.0102638555670022,0.4825033200816319,0.002319661487105943,0.0022829064204728964,3,953.01375948,992.9456372893416,39.931877809341586,0.0,P01 rising | P02 streak 2 | P07 price percentile 0.33,Crude | Currency | Supply,IRAN_SUPPLY_ACCESS,"Pattern confidence is detection confidence, not validated predictive probability. | Internal and external evidence disagree; discretionary volume is penalised.",Combined internal/external robust objective supports advance purchase
2026-06-24,WIDGET_EXTERNAL,368321,Diesel,1.432,6161.026733222034,477.596563,683.918278216,14.0,0.0,477.596563,0.8610354223433253,0.6333333333333333,0.007634514078110817,-0.9147853620134793,0.5806500995827688,-0.0005050208342925288,0.09989855379939788,0.43741879367691416,0.004145817375602874,0.001532115201104484,3,683.9182782160001,732.0129200086343,48.09464179263421,0.0,P01 rising | P02 streak 2 | P07 price percentile 0.22,Crude | Currency | Supply,IRAN_SUPPLY_ACCESS,"Pattern confidence is detection confidence, not validated predictive probability. | Internal and external evidence disagree; discretionary volume is penalised.",Combined internal/external robust objective supports advance purchase
2026-06-24,WIDGET_EXTERNAL,368321,Verde,1.368,5940.709435077139,0.0,0.0,14.0,0.0,0.0,0.7874659400544938,0.6333333333333333,0.004737920072661204,-0.9179486038449856,0.6481403883537717,-0.0005684647724531676,0.0102638555670022,0.4825033200816319,0.002319661487105943,0.0022829064204728964,2,0.0,0.0,0.0,0.0,P01 rising | P02 streak 2 | P07 price percentile 0.33,Crude | Currency | Supply,IRAN_SUPPLY_ACCESS,"Pattern confidence is detection confidence, not validated predictive probability. | Internal and external evidence disagree; discretionary volume is penalised.",Operational minimum: objective improvement is below action threshold
2026-06-24,WIDGET_EXTERNAL,368322,Diesel,1.432,9017.439639722139,0.0,0.0,14.0,0.0,0.0,0.8610354223433253,0.6333333333333333,0.007634514078110817,-0.9147853620134793,0.5806500995827688,-0.0005050208342925288,0.09989855379939788,0.43741879367691416,0.004145817375602874,0.001532115201104484,2,0.0,0.0,0.0,0.0,P01 rising | P02 streak 2 | P07 price percentile 0.22,Crude | Currency | Supply,IRAN_SUPPLY_ACCESS,"Pattern confidence is detection confidence, not validated predictive probability. | Internal and external evidence disagree; discretionary volume is penalised.",Operational minimum: objective improvement is below action threshold
2026-06-24,WIDGET_EXTERNAL,368322,Verde,1.368,6038.876193682982,247.173466,338.13330148800003,14.0,0.0,247.173466,0.7874659400544938,0.6333333333333333,0.004737920072661204,-0.9179486038449856,0.6481403883537717,-0.0005684647724531676,0.0102638555670022,0.4825033200816319,0.002319661487105943,0.0022829064204728964,3,338.13330148800003,352.5305346331939,14.397233145193866,0.0,P01 rising | P02 streak 2 | P07 price percentile 0.33,Crude | Currency | Supply,IRAN_SUPPLY_ACCESS,"Pattern confidence is detection confidence, not validated predictive probability. | Internal and external evidence disagree; discretionary volume is penalised.",Combined internal/external robust objective supports advance purchase
2026-06-25,WIDGET_EXTERNAL,368318,Diesel,1.44,27070.225463739407,2057.076324,2962.18990656,14.0,0.0,2057.076324,0.8062015503875977,0.6666666666666666,0.006987080103359179,-0.7147401144508059,0.8380942216473217,-0.0007624035796529964,0.035020322234802705,0.6008610435178003,0.003057766782292169,0.0016325562943980952,3,2962.18990656,3163.8099922713395,201.62008571133947,0.0,P01 rising | P02 streak 3 | P07 price percentile 0.32,Crude | Currency | Logistics | Refined product | Supply,HORMUZ_RECOVERY | IRAN_SUPPLY_ACCESS,"Pattern confidence is detection confidence, not validated predictive probability. | Internal and external evidence disagree; discretionary volume is penalised.",Combined internal/external robust objective supports advance purchase
2026-06-25,WIDGET_EXTERNAL,368318,Verde,1.374,15500.081995318875,1144.416585,1572.42838779,14.0,0.0,1144.416585,0.7178294573643389,0.6666666666666666,0.004306976744186033,-0.8610511442010164,0.7678719833255221,-0.0006226964250015266,-0.04819587397900186,0.5686431676902838,0.0019152477438440366,0.0021913046452373248,3,1572.4283883782973,1637.2521984993823,64.82381012108499,8.630468073533848e-08,P01 rising | P02 streak 3 | P07 price percentile 0.47,Crude | Currency | Logistics | Supply,HORMUZ_RECOVERY | IRAN_SUPPLY_ACCESS,"Pattern confidence is detection confidence, not validated predictive probability. | Internal and external evidence disagree; discretionary volume is penalised.",Combined internal/external robust objective supports advance purchase
2026-06-25,WIDGET_EXTERNAL,368319,Diesel,1.44,6081.316479976762,0.0,0.0,14.0,0.0,0.0,0.8062015503875977,0.6666666666666666,0.006987080103359179,-0.7147401144508059,0.8380942216473217,-0.0007624035796529964,0.035020322234802705,0.6008610435178003,0.003057766782292169,0.0016325562943980952,2,0.0,0.0,0.0,0.0,P01 rising | P02 streak 3 | P07 price percentile 0.32,Crude | Currency | Logistics | Refined product | Supply,HORMUZ_RECOVERY | IRAN_SUPPLY_ACCESS,"Pattern confidence is detection confidence, not validated predictive probability. | Internal and external evidence disagree; discretionary volume is penalised.",Operational minimum: objective improvement is below action threshold
2026-06-25,WIDGET_EXTERNAL,368319,Verde,1.374,6122.440480180234,440.13642,604.74744108,14.0,0.0,440.13642,0.7178294573643389,0.6666666666666666,0.004306976744186033,-0.8610511442010164,0.7678719833255221,-0.0006226964250015266,-0.04819587397900186,0.5686431676902838,0.0019152477438440366,0.0021913046452373248,3,604.7474416123466,629.7069757508825,24.9595341385359,7.809660473867552e-08,P01 rising | P02 streak 3 | P07 price percentile 0.47,Crude | Currency | Logistics | Supply,HORMUZ_RECOVERY | IRAN_SUPPLY_ACCESS,"Pattern confidence is detection confidence, not validated predictive probability. | Internal and external evidence disagree; discretionary volume is penalised.",Combined internal/external robust objective supports advance purchase
2026-06-25,WIDGET_EXTERNAL,368320,Diesel,1.44,36234.2093954402,0.0,0.0,14.0,0.0,0.0,0.8062015503875977,0.6666666666666666,0.006987080103359179,-0.7147401144508059,0.8380942216473217,-0.0007624035796529964,0.035020322234802705,0.6008610435178003,0.003057766782292169,0.0016325562943980952,2,0.0,0.0,0.0,0.0,P01 rising | P02 streak 3 | P07 price percentile 0.32,Crude | Currency | Logistics | Refined product | Supply,HORMUZ_RECOVERY | IRAN_SUPPLY_ACCESS,"Pattern confidence is detection confidence, not validated predictive probability. | Internal and external evidence disagree; discretionary volume is penalised.",Operational minimum: objective improvement is below action threshold
2026-06-25,WIDGET_EXTERNAL,368320,Verde,1.374,10204.620295701745,819.948421,1126.6091304540003,14.0,0.0,819.948421,0.7178294573643389,0.6666666666666666,0.004306976744186033,-0.8610511442010164,0.7678719833255221,-0.0006226964250015266,-0.04819587397900186,0.5686431676902838,0.0019152477438440366,0.0021913046452373248,3,1126.6091306627989,1172.8763711640454,46.26724050124653,3.0631099434685893e-08,P01 rising | P02 streak 3 | P07 price percentile 0.47,Crude | Currency | Logistics | Supply,HORMUZ_RECOVERY | IRAN_SUPPLY_ACCESS,"Pattern confidence is detection confidence, not validated predictive probability. | Internal and external evidence disagree; discretionary volume is penalised.",Combined internal/external robust objective supports advance purchase
2026-06-25,WIDGET_EXTERNAL,368321,Diesel,1.44,6160.680852370164,477.942444,688.23711936,14.0,0.0,477.942444,0.8062015503875977,0.6666666666666666,0.006987080103359179,-0.7147401144508059,0.8380942216473217,-0.0007624035796529964,0.035020322234802705,0.6008610435178003,0.003057766782292169,0.0016325562943980952,3,688.23711936,735.0379201593985,46.80080079939853,0.0,P01 rising | P02 streak 3 | P07 price percentile 0.32,Crude | Currency | Logistics | Refined product | Supply,HORMUZ_RECOVERY | IRAN_SUPPLY_ACCESS,"Pattern confidence is detection confidence, not validated predictive probability. | Internal and external evidence disagree; discretionary volume is penalised.",Combined internal/external robust objective supports advance purchase
2026-06-25,WIDGET_EXTERNAL,368321,Verde,1.374,5582.950488878518,0.0,0.0,14.0,0.0,0.0,0.7178294573643389,0.6666666666666666,0.004306976744186033,-0.8610511442010164,0.7678719833255221,-0.0006226964250015266,-0.04819587397900186,0.5686431676902838,0.0019152477438440366,0.0021913046452373248,2,0.0,0.0,0.0,0.0,P01 rising | P02 streak 3 | P07 price percentile 0.47,Crude | Currency | Logistics | Supply,HORMUZ_RECOVERY | IRAN_SUPPLY_ACCESS,"Pattern confidence is detection confidence, not validated predictive probability. | Internal and external evidence disagree; discretionary volume is penalised.",Operational minimum: objective improvement is below action threshold
2026-06-25,WIDGET_EXTERNAL,368322,Diesel,1.44,8461.823237306608,0.0,0.0,14.0,0.0,0.0,0.8062015503875977,0.6666666666666666,0.006987080103359179,-0.7147401144508059,0.8380942216473217,-0.0007624035796529964,0.035020322234802705,0.6008610435178003,0.003057766782292169,0.0016325562943980952,2,0.0,0.0,0.0,0.0,P01 rising | P02 streak 3 | P07 price percentile 0.32,Crude | Currency | Logistics | Refined product | Supply,HORMUZ_RECOVERY | IRAN_SUPPLY_ACCESS,"Pattern confidence is detection confidence, not validated predictive probability. | Internal and external evidence disagree; discretionary volume is penalised.",Operational minimum: objective improvement is below action threshold
2026-06-25,WIDGET_EXTERNAL,368322,Verde,1.374,5782.654351926084,503.395308,691.665153192,14.0,0.0,503.395308,0.7178294573643389,0.6666666666666666,0.004306976744186033,-0.8610511442010164,0.7678719833255221,-0.0006226964250015266,-0.04819587397900186,0.5686431676902838,0.0019152477438440366,0.0021913046452373248,3,691.665153192,719.9595293939689,28.294376201968817,0.0,P01 rising | P02 streak 3 | P07 price percentile 0.47,Crude | Currency | Logistics | Supply,HORMUZ_RECOVERY | IRAN_SUPPLY_ACCESS,"Pattern confidence is detection confidence, not validated predictive probability. | Internal and external evidence disagree; discretionary volume is penalised.",Combined internal/external robust objective supports advance purchase
2026-06-26,WIDGET_EXTERNAL,368318,Diesel,1.447,26773.0146519533,0.0,0.0,13.0,0.0,0.0,0.7641277641277642,0.7000000000000001,0.00534889434889435,-0.29349188619157035,0.807568778125406,0.0004875095192460281,0.25057589585617235,0.6897075729181187,0.002988335653810289,0.005749041376218138,2,0.0,0.0,0.0,0.0,P01 rising | P02 streak 4 | P07 price percentile 0.41,Crude | Currency | Logistics | Refined product | Supply,HORMUZ_RECOVERY | IRAN_SUPPLY_ACCESS,"Pattern confidence is detection confidence, not validated predictive probability. | Internal and external evidence disagree; discretionary volume is penalised.",Operational minimum: objective improvement is below action threshold
2026-06-26,WIDGET_EXTERNAL,368318,Verde,1.369,15336.56022770801,0.0,0.0,13.0,0.0,0.0,-0.33568281938326083,0.6000000000000001,-0.0014098678414096958,-0.8925324734836192,0.7241069569321086,-0.0006302853625367947,-0.612345068390985,0.6894164125577751,-0.0010225441889591144,0.0021788483024091513,2,5.665389980493784e-07,5.665389980493784e-07,0.0,7.48815459771806e-08,P02 streak 1 | P07 price percentile 0.36,Crude | Currency | Logistics | Supply,HORMUZ_RECOVERY | IRAN_SUPPLY_ACCESS,"Pattern confidence is detection confidence, not validated predictive probability.",Operational minimum: objective improvement is below action threshold
2026-06-26,WIDGET_EXTERNAL,368319,Diesel,1.447,5687.32988715509,0.0,0.0,13.0,0.0,0.0,0.7641277641277642,0.7000000000000001,0.00534889434889435,-0.29349188619157035,0.807568778125406,0.0004875095192460281,0.25057589585617235,0.6897075729181187,0.002988335653810289,0.005749041376218138,2,0.0,0.0,0.0,0.0,P01 rising | P02 streak 4 | P07 price percentile 0.41,Crude | Currency | Logistics | Refined product | Supply,HORMUZ_RECOVERY | IRAN_SUPPLY_ACCESS,"Pattern confidence is detection confidence, not validated predictive probability. | Internal and external evidence disagree; discretionary volume is penalised.",Operational minimum: objective improvement is below action threshold
2026-06-26,WIDGET_EXTERNAL,368319,Verde,1.369,6079.170735914886,0.0,0.0,13.0,0.0,0.0,-0.33568281938326083,0.6000000000000001,-0.0014098678414096958,-0.8925324734836192,0.7241069569321086,-0.0006302853625367947,-0.612345068390985,0.6894164125577751,-0.0010225441889591144,0.0021788483024091513,2,5.126554146669667e-07,5.126554146669667e-07,0.0,6.775955430280807e-08,P02 streak 1 | P07 price percentile 0.36,Crude | Currency | Logistics | Supply,HORMUZ_RECOVERY | IRAN_SUPPLY_ACCESS,"Pattern confidence is detection confidence, not validated predictive probability.",Operational minimum: objective improvement is below action threshold
2026-06-26,WIDGET_EXTERNAL,368320,Diesel,1.447,34895.45640664839,0.0,0.0,13.0,0.0,0.0,0.7641277641277642,0.7000000000000001,0.00534889434889435,-0.29349188619157035,0.807568778125406,0.0004875095192460281,0.25057589585617235,0.6897075729181187,0.002988335653810289,0.005749041376218138,2,0.0,0.0,0.0,0.0,P01 rising | P02 streak 4 | P07 price percentile 0.41,Crude | Currency | Logistics | Refined product | Supply,HORMUZ_RECOVERY | IRAN_SUPPLY_ACCESS,"Pattern confidence is detection confidence, not validated predictive probability. | Internal and external evidence disagree; discretionary volume is penalised.",Operational minimum: objective improvement is below action threshold
2026-06-26,WIDGET_EXTERNAL,368320,Verde,1.369,10150.677621809373,0.0,0.0,13.0,0.0,0.0,-0.33568281938326083,0.6000000000000001,-0.0014098678414096958,-0.8925324734836192,0.7241069569321086,-0.0006302853625367947,-0.612345068390985,0.6894164125577751,-0.0010225441889591144,0.0021788483024091513,2,2.010751598136201e-07,2.010751598136201e-07,0.0,2.6576844447450875e-08,P02 streak 1 | P07 price percentile 0.36,Crude | Currency | Logistics | Supply,HORMUZ_RECOVERY | IRAN_SUPPLY_ACCESS,"Pattern confidence is detection confidence, not validated predictive probability.",Operational minimum: objective improvement is below action threshold
2026-06-26,WIDGET_EXTERNAL,368321,Diesel,1.447,6098.575262340258,0.0,0.0,13.0,0.0,0.0,0.7641277641277642,0.7000000000000001,0.00534889434889435,-0.29349188619157035,0.807568778125406,0.0004875095192460281,0.25057589585617235,0.6897075729181187,0.002988335653810289,0.005749041376218138,2,0.0,0.0,0.0,0.0,P01 rising | P02 streak 4 | P07 price percentile 0.41,Crude | Currency | Logistics | Refined product | Supply,HORMUZ_RECOVERY | IRAN_SUPPLY_ACCESS,"Pattern confidence is detection confidence, not validated predictive probability. | Internal and external evidence disagree; discretionary volume is penalised.",Operational minimum: objective improvement is below action threshold
2026-06-26,WIDGET_EXTERNAL,368321,Verde,1.369,5197.466435184417,0.0,0.0,13.0,0.0,0.0,-0.33568281938326083,0.6000000000000001,-0.0014098678414096958,-0.8925324734836192,0.7241069569321086,-0.0006302853625367947,-0.612345068390985,0.6894164125577751,-0.0010225441889591144,0.0021788483024091513,2,0.0,0.0,0.0,0.0,P02 streak 1 | P07 price percentile 0.36,Crude | Currency | Logistics | Supply,HORMUZ_RECOVERY | IRAN_SUPPLY_ACCESS,"Pattern confidence is detection confidence, not validated predictive probability.",Operational minimum: objective improvement is below action threshold
2026-06-26,WIDGET_EXTERNAL,368322,Diesel,1.447,7834.034477759774,0.0,0.0,13.0,0.0,0.0,0.7641277641277642,0.7000000000000001,0.00534889434889435,-0.29349188619157035,0.807568778125406,0.0004875095192460281,0.25057589585617235,0.6897075729181187,0.002988335653810289,0.005749041376218138,2,0.0,0.0,0.0,0.0,P01 rising | P02 streak 4 | P07 price percentile 0.41,Crude | Currency | Logistics | Refined product | Supply,HORMUZ_RECOVERY | IRAN_SUPPLY_ACCESS,"Pattern confidence is detection confidence, not validated predictive probability. | Internal and external evidence disagree; discretionary volume is penalised.",Operational minimum: objective improvement is below action threshold
2026-06-26,WIDGET_EXTERNAL,368322,Verde,1.369,5804.451113017925,0.0,0.0,13.0,0.0,0.0,-0.33568281938326083,0.6000000000000001,-0.0014098678414096958,-0.8925324734836192,0.7241069569321086,-0.0006302853625367947,-0.612345068390985,0.6894164125577751,-0.0010225441889591144,0.0021788483024091513,2,0.0,0.0,0.0,0.0,P02 streak 1 | P07 price percentile 0.36,Crude | Currency | Logistics | Supply,HORMUZ_RECOVERY | IRAN_SUPPLY_ACCESS,"Pattern confidence is detection confidence, not validated predictive probability.",Operational minimum: objective improvement is below action threshold
2026-06-27,WIDGET_EXTERNAL,368318,Diesel,1.46,24524.904470448004,0.0,0.0,12.0,0.0,0.0,0.586278586278587,0.7166666666666667,0.004201663201663207,-0.31443410161623353,0.7344802964502425,-0.0006692808927725023,0.17547806102642347,0.6617959797460291,0.001980104185829986,0.008843179474000023,2,0.0,0.0,0.0,0.0,P01 rising | P02 streak 5 | P04 multi-day quotation | P07 price percentile 0.58,Crude | Currency | Logistics | Refined product,HORMUZ_RECOVERY,"Pattern confidence is detection confidence, not validated predictive probability. | Internal and external evidence disagree; discretionary volume is penalised.",Operational minimum: objective improvement is below action threshold
2026-06-27,WIDGET_EXTERNAL,368318,Verde,1.38,14011.35125727948,0.0,0.0,12.0,0.0,0.0,0.5026763990267645,0.6,0.002111240875912411,-0.2151117349756272,0.6193183294623221,-0.00028765239910747597,0.17403351166323858,0.5656709012629195,0.0010128955912342256,0.0025084375066711994,2,5.812651625584141e-07,5.812651625584141e-07,0.0,8.045971812553124e-08,P01 rising | P02 streak 1 | P04 multi-day quotation | P07 price percentile 0.60,Crude | Currency | Logistics,HORMUZ_RECOVERY,"Pattern confidence is detection confidence, not validated predictive probability. | Internal and external evidence disagree; discretionary volume is penalised.",Operational minimum: objective improvement is below action threshold
2026-06-27,WIDGET_EXTERNAL,368319,Diesel,1.46,5259.269088357291,0.0,0.0,12.0,0.0,0.0,0.586278586278587,0.7166666666666667,0.004201663201663207,-0.31443410161623353,0.7344802964502425,-0.0006692808927725023,0.17547806102642347,0.6617959797460291,0.001980104185829986,0.008843179474000023,2,0.0,0.0,0.0,0.0,P01 rising | P02 streak 5 | P04 multi-day quotation | P07 price percentile 0.58,Crude | Currency | Logistics | Refined product,HORMUZ_RECOVERY,"Pattern confidence is detection confidence, not validated predictive probability. | Internal and external evidence disagree; discretionary volume is penalised.",Operational minimum: objective improvement is below action threshold
2026-06-27,WIDGET_EXTERNAL,368319,Verde,1.38,5440.763860983738,0.0,0.0,12.0,0.0,0.0,0.5026763990267645,0.6,0.002111240875912411,-0.2151117349756272,0.6193183294623221,-0.00028765239910747597,0.17403351166323858,0.5656709012629195,0.0010128955912342256,0.0025084375066711994,2,5.259796841432408e-07,5.259796841432408e-07,0.0,7.280700762902421e-08,P01 rising | P02 streak 1 | P04 multi-day quotation | P07 price percentile 0.60,Crude | Currency | Logistics,HORMUZ_RECOVERY,"Pattern confidence is detection confidence, not validated predictive probability. | Internal and external evidence disagree; discretionary volume is penalised.",Operational minimum: objective improvement is below action threshold
2026-06-27,WIDGET_EXTERNAL,368320,Diesel,1.46,33341.24627302153,0.0,0.0,12.0,0.0,0.0,0.586278586278587,0.7166666666666667,0.004201663201663207,-0.31443410161623353,0.7344802964502425,-0.0006692808927725023,0.17547806102642347,0.6617959797460291,0.001980104185829986,0.008843179474000023,2,0.0,0.0,0.0,0.0,P01 rising | P02 streak 5 | P04 multi-day quotation | P07 price percentile 0.58,Crude | Currency | Logistics | Refined product,HORMUZ_RECOVERY,"Pattern confidence is detection confidence, not validated predictive probability. | Internal and external evidence disagree; discretionary volume is penalised.",Operational minimum: objective improvement is below action threshold
2026-06-27,WIDGET_EXTERNAL,368320,Verde,1.38,9193.644578156618,0.0,0.0,12.0,0.0,0.0,0.5026763990267645,0.6,0.002111240875912411,-0.2151117349756272,0.6193183294623221,-0.00028765239910747597,0.17403351166323858,0.5656709012629195,0.0010128955912342256,0.0025084375066711994,2,2.0630689967228402e-07,2.0630689967228402e-07,0.0,2.8557353965725522e-08,P01 rising | P02 streak 1 | P04 multi-day quotation | P07 price percentile 0.60,Crude | Currency | Logistics,HORMUZ_RECOVERY,"Pattern confidence is detection confidence, not validated predictive probability. | Internal and external evidence disagree; discretionary volume is penalised.",Operational minimum: objective improvement is below action threshold
2026-06-27,WIDGET_EXTERNAL,368321,Diesel,1.46,5530.921999495377,0.0,0.0,12.0,0.0,0.0,0.586278586278587,0.7166666666666667,0.004201663201663207,-0.31443410161623353,0.7344802964502425,-0.0006692808927725023,0.17547806102642347,0.6617959797460291,0.001980104185829986,0.008843179474000023,2,0.0,0.0,0.0,0.0,P01 rising | P02 streak 5 | P04 multi-day quotation | P07 price percentile 0.58,Crude | Currency | Logistics | Refined product,HORMUZ_RECOVERY,"Pattern confidence is detection confidence, not validated predictive probability. | Internal and external evidence disagree; discretionary volume is penalised.",Operational minimum: objective improvement is below action threshold
2026-06-27,WIDGET_EXTERNAL,368321,Verde,1.38,4789.974703927906,0.0,0.0,12.0,0.0,0.0,0.5026763990267645,0.6,0.002111240875912411,-0.2151117349756272,0.6193183294623221,-0.00028765239910747597,0.17403351166323858,0.5656709012629195,0.0010128955912342256,0.0025084375066711994,2,0.0,0.0,0.0,0.0,P01 rising | P02 streak 1 | P04 multi-day quotation | P07 price percentile 0.60,Crude | Currency | Logistics,HORMUZ_RECOVERY,"Pattern confidence is detection confidence, not validated predictive probability. | Internal and external evidence disagree; discretionary volume is penalised.",Operational minimum: objective improvement is below action threshold
2026-06-27,WIDGET_EXTERNAL,368322,Diesel,1.46,7186.747473692452,0.0,0.0,12.0,0.0,0.0,0.586278586278587,0.7166666666666667,0.004201663201663207,-0.31443410161623353,0.7344802964502425,-0.0006692808927725023,0.17547806102642347,0.6617959797460291,0.001980104185829986,0.008843179474000023,2,0.0,0.0,0.0,0.0,P01 rising | P02 streak 5 | P04 multi-day quotation | P07 price percentile 0.58,Crude | Currency | Logistics | Refined product,HORMUZ_RECOVERY,"Pattern confidence is detection confidence, not validated predictive probability. | Internal and external evidence disagree; discretionary volume is penalised.",Operational minimum: objective improvement is below action threshold
2026-06-27,WIDGET_EXTERNAL,368322,Verde,1.38,5326.899819698089,0.0,0.0,12.0,0.0,0.0,0.5026763990267645,0.6,0.002111240875912411,-0.2151117349756272,0.6193183294623221,-0.00028765239910747597,0.17403351166323858,0.5656709012629195,0.0010128955912342256,0.0025084375066711994,2,0.0,0.0,0.0,0.0,P01 rising | P02 streak 1 | P04 multi-day quotation | P07 price percentile 0.60,Crude | Currency | Logistics,HORMUZ_RECOVERY,"Pattern confidence is detection confidence, not validated predictive probability. | Internal and external evidence disagree; discretionary volume is penalised.",Operational minimum: objective improvement is below action threshold
2026-06-30,WIDGET_EXTERNAL,368318,Diesel,1.47,18553.41350171026,0.0,0.0,9.0,0.0,0.0,0.6043165467625907,0.7166666666666667,0.0043309352517985665,0.201800311384165,0.6076396083137752,0.0007644686815431093,0.43945372003844,0.687784521546282,0.0028701798623005153,0.008478322188699948,2,0.0,0.0,0.0,0.0,P01 rising | P02 streak 6 | P07 price percentile 0.71,Crude | Currency | Refined product,,"Pattern confidence is detection confidence, not validated predictive probability.",Operational minimum: objective improvement is below action threshold
2026-06-30,WIDGET_EXTERNAL,368318,Verde,1.389,10540.964291270671,0.0,0.0,9.0,0.0,0.0,0.489918256130789,0.6333333333333333,0.0021719709355131644,-0.3123913184974031,0.40717155469387145,-0.0003526094444598372,0.21336473593882974,0.46908226924609486,0.0013017562289111143,0.0016823944695495015,2,5.732658655172314e-07,5.732658655172314e-07,0.0,4.6741146676172513e-08,P01 rising | P02 streak 2 | P07 price percentile 0.80,Crude | Currency,,"Pattern confidence is detection confidence, not validated predictive probability. | Internal and external evidence disagree; discretionary volume is penalised.",Operational minimum: objective improvement is below action threshold
2026-06-30,WIDGET_EXTERNAL,368319,Diesel,1.47,4207.873113318927,0.0,0.0,9.0,0.0,0.0,0.6043165467625907,0.7166666666666667,0.0043309352517985665,0.201800311384165,0.6076396083137752,0.0007644686815431093,0.43945372003844,0.687784521546282,0.0028701798623005153,0.008478322188699948,2,0.0,0.0,0.0,0.0,P01 rising | P02 streak 6 | P07 price percentile 0.71,Crude | Currency | Refined product,,"Pattern confidence is detection confidence, not validated predictive probability.",Operational minimum: objective improvement is below action threshold
2026-06-30,WIDGET_EXTERNAL,368319,Verde,1.389,4102.607861448352,0.0,0.0,9.0,0.0,0.0,0.489918256130789,0.6333333333333333,0.0021719709355131644,-0.3123913184974031,0.40717155469387145,-0.0003526094444598372,0.21336473593882974,0.46908226924609486,0.0013017562289111143,0.0016823944695495015,2,5.18741218805957e-07,5.18741218805957e-07,0.0,4.229548775331409e-08,P01 rising | P02 streak 2 | P07 price percentile 0.80,Crude | Currency,,"Pattern confidence is detection confidence, not validated predictive probability. | Internal and external evidence disagree; discretionary volume is penalised.",Operational minimum: objective improvement is below action threshold
2026-06-30,WIDGET_EXTERNAL,368320,Diesel,1.47,29520.969537945664,0.0,0.0,9.0,0.0,0.0,0.6043165467625907,0.7166666666666667,0.0043309352517985665,0.201800311384165,0.6076396083137752,0.0007644686815431093,0.43945372003844,0.687784521546282,0.0028701798623005153,0.008478322188699948,2,0.0,0.0,0.0,0.0,P01 rising | P02 streak 6 | P07 price percentile 0.71,Crude | Currency | Refined product,,"Pattern confidence is detection confidence, not validated predictive probability.",Operational minimum: objective improvement is below action threshold
2026-06-30,WIDGET_EXTERNAL,368320,Verde,1.389,7028.880264152574,0.0,0.0,9.0,0.0,0.0,0.489918256130789,0.6333333333333333,0.0021719709355131644,-0.3123913184974031,0.40717155469387145,-0.0003526094444598372,0.21336473593882974,0.46908226924609486,0.0013017562289111143,0.0016823944695495015,2,2.0346646016813623e-07,2.0346646016813623e-07,0.0,1.658960742400346e-08,P01 rising | P02 streak 2 | P07 price percentile 0.80,Crude | Currency,,"Pattern confidence is detection confidence, not validated predictive probability. | Internal and external evidence disagree; discretionary volume is penalised.",Operational minimum: objective improvement is below action threshold
2026-06-30,WIDGET_EXTERNAL,368321,Diesel,1.47,4274.85065491273,0.0,0.0,9.0,0.0,0.0,0.6043165467625907,0.7166666666666667,0.0043309352517985665,0.201800311384165,0.6076396083137752,0.0007644686815431093,0.43945372003844,0.687784521546282,0.0028701798623005153,0.008478322188699948,2,0.0,0.0,0.0,0.0,P01 rising | P02 streak 6 | P07 price percentile 0.71,Crude | Currency | Refined product,,"Pattern confidence is detection confidence, not validated predictive probability.",Operational minimum: objective improvement is below action threshold
2026-06-30,WIDGET_EXTERNAL,368321,Verde,1.389,3783.394387289652,0.0,0.0,9.0,0.0,0.0,0.489918256130789,0.6333333333333333,0.0021719709355131644,-0.3123913184974031,0.40717155469387145,-0.0003526094444598372,0.21336473593882974,0.46908226924609486,0.0013017562289111143,0.0016823944695495015,2,0.0,0.0,0.0,0.0,P01 rising | P02 streak 2 | P07 price percentile 0.80,Crude | Currency,,"Pattern confidence is detection confidence, not validated predictive probability. | Internal and external evidence disagree; discretionary volume is penalised.",Operational minimum: objective improvement is below action threshold
2026-06-30,WIDGET_EXTERNAL,368322,Diesel,1.47,5556.685083455998,0.0,0.0,9.0,0.0,0.0,0.6043165467625907,0.7166666666666667,0.0043309352517985665,0.201800311384165,0.6076396083137752,0.0007644686815431093,0.43945372003844,0.687784521546282,0.0028701798623005153,0.008478322188699948,2,0.0,0.0,0.0,0.0,P01 rising | P02 streak 6 | P07 price percentile 0.71,Crude | Currency | Refined product,,"Pattern confidence is detection confidence, not validated predictive probability.",Operational minimum: objective improvement is below action threshold
2026-06-30,WIDGET_EXTERNAL,368322,Verde,1.389,4064.5191145031204,0.0,0.0,9.0,0.0,0.0,0.489918256130789,0.6333333333333333,0.0021719709355131644,-0.3123913184974031,0.40717155469387145,-0.0003526094444598372,0.21336473593882974,0.46908226924609486,0.0013017562289111143,0.0016823944695495015,2,0.0,0.0,0.0,0.0,P01 rising | P02 streak 2 | P07 price percentile 0.80,Crude | Currency,,"Pattern confidence is detection confidence, not validated predictive probability. | Internal and external evidence disagree; discretionary volume is penalised.",Operational minimum: objective improvement is below action threshold
2026-07-01,WIDGET_EXTERNAL,368318,Diesel,1.48,16620.72721778564,0.0,0.0,8.0,0.0,0.0,0.5323741007194253,0.7166666666666667,0.003815347721822548,0.3057504506406746,0.6436110106920376,0.0006826242882818274,0.4363859921325168,0.7143666665421512,0.002488459742536334,0.00806635242433744,2,0.0,0.0,0.0,0.0,P01 rising | P02 streak 7 | P07 price percentile 0.83,Crude | Currency | Refined product,,"Pattern confidence is detection confidence, not validated predictive probability.",Operational minimum: objective improvement is below action threshold
2026-07-01,WIDGET_EXTERNAL,368318,Verde,1.399,9466.665875769562,0.0,0.0,8.0,0.0,0.0,0.39534883720930225,0.6666666666666666,0.002372093023255813,0.15591857845789248,0.48903695659043434,4.4920497182453346e-05,0.3055454963515807,0.6023251549781514,0.0014992381523488154,0.0028005383250445533,2,5.706094534958009e-07,5.706094534958009e-07,0.0,3.5136998348271624e-08,P01 rising | P02 streak 3 | P07 price percentile 1.00,Crude | Currency,,"Pattern confidence is detection confidence, not validated predictive probability.",Operational minimum: objective improvement is below action threshold
2026-07-01,WIDGET_EXTERNAL,368319,Diesel,1.48,3782.737931880348,0.0,0.0,8.0,0.0,0.0,0.5323741007194253,0.7166666666666667,0.003815347721822548,0.3057504506406746,0.6436110106920376,0.0006826242882818274,0.4363859921325168,0.7143666665421512,0.002488459742536334,0.00806635242433744,2,0.0,0.0,0.0,0.0,P01 rising | P02 streak 7 | P07 price percentile 0.83,Crude | Currency | Refined product,,"Pattern confidence is detection confidence, not validated predictive probability.",Operational minimum: objective improvement is below action threshold
2026-07-01,WIDGET_EXTERNAL,368319,Verde,1.399,3721.4248703974795,0.0,0.0,8.0,0.0,0.0,0.39534883720930225,0.6666666666666666,0.002372093023255813,0.15591857845789248,0.48903695659043434,4.4920497182453346e-05,0.3055454963515807,0.6023251549781514,0.0014992381523488154,0.0028005383250445533,2,5.163368321092085e-07,5.163368321092085e-07,0.0,3.179499797129926e-08,P01 rising | P02 streak 3 | P07 price percentile 1.00,Crude | Currency,,"Pattern confidence is detection confidence, not validated predictive probability.",Operational minimum: objective improvement is below action threshold
2026-07-01,WIDGET_EXTERNAL,368320,Diesel,1.48,28321.337270859513,0.0,0.0,8.0,0.0,0.0,0.5323741007194253,0.7166666666666667,0.003815347721822548,0.3057504506406746,0.6436110106920376,0.0006826242882818274,0.4363859921325168,0.7143666665421512,0.002488459742536334,0.00806635242433744,2,0.0,0.0,0.0,0.0,P01 rising | P02 streak 7 | P07 price percentile 0.83,Crude | Currency | Refined product,,"Pattern confidence is detection confidence, not validated predictive probability.",Operational minimum: objective improvement is below action threshold
2026-07-01,WIDGET_EXTERNAL,368320,Verde,1.399,6332.232779889045,0.0,0.0,8.0,0.0,0.0,0.39534883720930225,0.6666666666666666,0.002372093023255813,0.15591857845789248,0.48903695659043434,4.4920497182453346e-05,0.3055454963515807,0.6023251549781514,0.0014992381523488154,0.0028005383250445533,2,2.0252363279382854e-07,2.0252363279382854e-07,0.0,1.2471003604061087e-08,P01 rising | P02 streak 3 | P07 price percentile 1.00,Crude | Currency,,"Pattern confidence is detection confidence, not validated predictive probability.",Operational minimum: objective improvement is below action threshold
2026-07-01,WIDGET_EXTERNAL,368321,Diesel,1.48,3797.2540921783993,0.0,0.0,8.0,0.0,0.0,0.5323741007194253,0.7166666666666667,0.003815347721822548,0.3057504506406746,0.6436110106920376,0.0006826242882818274,0.4363859921325168,0.7143666665421512,0.002488459742536334,0.00806635242433744,2,0.0,0.0,0.0,0.0,P01 rising | P02 streak 7 | P07 price percentile 0.83,Crude | Currency | Refined product,,"Pattern confidence is detection confidence, not validated predictive probability.",Operational minimum: objective improvement is below action threshold
2026-07-01,WIDGET_EXTERNAL,368321,Verde,1.399,3432.406628721964,0.0,0.0,8.0,0.0,0.0,0.39534883720930225,0.6666666666666666,0.002372093023255813,0.15591857845789248,0.48903695659043434,4.4920497182453346e-05,0.3055454963515807,0.6023251549781514,0.0014992381523488154,0.0028005383250445533,2,0.0,0.0,0.0,0.0,P01 rising | P02 streak 3 | P07 price percentile 1.00,Crude | Currency,,"Pattern confidence is detection confidence, not validated predictive probability.",Operational minimum: objective improvement is below action threshold
2026-07-01,WIDGET_EXTERNAL,368322,Diesel,1.48,4995.782181450138,0.0,0.0,8.0,0.0,0.0,0.5323741007194253,0.7166666666666667,0.003815347721822548,0.3057504506406746,0.6436110106920376,0.0006826242882818274,0.4363859921325168,0.7143666665421512,0.002488459742536334,0.00806635242433744,2,0.0,0.0,0.0,0.0,P01 rising | P02 streak 7 | P07 price percentile 0.83,Crude | Currency | Refined product,,"Pattern confidence is detection confidence, not validated predictive probability.",Operational minimum: objective improvement is below action threshold
2026-07-01,WIDGET_EXTERNAL,368322,Verde,1.399,3646.4201379345423,0.0,0.0,8.0,0.0,0.0,0.39534883720930225,0.6666666666666666,0.002372093023255813,0.15591857845789248,0.48903695659043434,4.4920497182453346e-05,0.3055454963515807,0.6023251549781514,0.0014992381523488154,0.0028005383250445533,2,0.0,0.0,0.0,0.0,P01 rising | P02 streak 3 | P07 price percentile 1.00,Crude | Currency,,"Pattern confidence is detection confidence, not validated predictive probability.",Operational minimum: objective improvement is below action threshold
2026-07-02,WIDGET_EXTERNAL,368318,Diesel,1.49,14563.65089409454,0.0,0.0,7.0,0.0,0.0,0.4604316546762598,0.7166666666666667,0.0032997601918465284,-0.1689637900906372,0.6436110106920376,-6.852869915862466e-05,0.1938465993415817,0.6499988634599563,0.001873096735894206,0.008239755821409065,2,0.0,0.0,0.0,0.0,P01 rising | P02 streak 8 | P07 price percentile 0.96,Crude | Currency | Refined product,,"Pattern confidence is detection confidence, not validated predictive probability. | Internal and external evidence disagree; discretionary volume is penalised.",Operational minimum: objective improvement is below action threshold
2026-07-02,WIDGET_EXTERNAL,368318,Verde,1.408,8322.24928995421,0.0,0.0,7.0,0.0,0.0,0.425061425061425,0.7000000000000001,0.0026778869778869775,-0.36118432648685744,0.48903695659043434,-0.0002177163336054297,0.1390987813637758,0.532829765168324,0.001624737404202842,0.002558179079313227,2,5.744838260101593e-07,5.744838260101593e-07,0.0,2.4760202689154803e-08,P01 rising | P02 streak 4 | P07 price percentile 1.00,Crude | Currency,,"Pattern confidence is detection confidence, not validated predictive probability. | Internal and external evidence disagree; discretionary volume is penalised.",Operational minimum: objective improvement is below action threshold
2026-07-02,WIDGET_EXTERNAL,368319,Diesel,1.49,3385.2530366362257,0.0,0.0,7.0,0.0,0.0,0.4604316546762598,0.7166666666666667,0.0032997601918465284,-0.1689637900906372,0.6436110106920376,-6.852869915862466e-05,0.1938465993415817,0.6499988634599563,0.001873096735894206,0.008239755821409065,2,0.0,0.0,0.0,0.0,P01 rising | P02 streak 8 | P07 price percentile 0.96,Crude | Currency | Refined product,,"Pattern confidence is detection confidence, not validated predictive probability. | Internal and external evidence disagree; discretionary volume is penalised.",Operational minimum: objective improvement is below action threshold
2026-07-02,WIDGET_EXTERNAL,368319,Verde,1.408,3281.2884499044108,0.0,0.0,7.0,0.0,0.0,0.425061425061425,0.7000000000000001,0.0026778869778869775,-0.36118432648685744,0.48903695659043434,-0.0002177163336054297,0.1390987813637758,0.532829765168324,0.001624737404202842,0.002558179079313227,2,5.19842699770923e-07,5.19842699770923e-07,0.0,2.2405174923132416e-08,P01 rising | P02 streak 4 | P07 price percentile 1.00,Crude | Currency,,"Pattern confidence is detection confidence, not validated predictive probability. | Internal and external evidence disagree; discretionary volume is penalised.",Operational minimum: objective improvement is below action threshold
2026-07-02,WIDGET_EXTERNAL,368320,Diesel,1.49,27094.69416441303,0.0,0.0,7.0,0.0,0.0,0.4604316546762598,0.7166666666666667,0.0032997601918465284,-0.1689637900906372,0.6436110106920376,-6.852869915862466e-05,0.1938465993415817,0.6499988634599563,0.001873096735894206,0.008239755821409065,2,0.0,0.0,0.0,0.0,P01 rising | P02 streak 8 | P07 price percentile 0.96,Crude | Currency | Refined product,,"Pattern confidence is detection confidence, not validated predictive probability. | Internal and external evidence disagree; discretionary volume is penalised.",Operational minimum: objective improvement is below action threshold
2026-07-02,WIDGET_EXTERNAL,368320,Verde,1.408,5512.284358278032,0.0,0.0,7.0,0.0,0.0,0.425061425061425,0.7000000000000001,0.0026778869778869775,-0.36118432648685744,0.48903695659043434,-0.0002177163336054297,0.1390987813637758,0.532829765168324,0.001624737404202842,0.002558179079313227,2,2.0389874495083315e-07,2.0389874495083315e-07,0.0,8.78801808605349e-09,P01 rising | P02 streak 4 | P07 price percentile 1.00,Crude | Currency,,"Pattern confidence is detection confidence, not validated predictive probability. | Internal and external evidence disagree; discretionary volume is penalised.",Operational minimum: objective improvement is below action threshold
2026-07-02,WIDGET_EXTERNAL,368321,Diesel,1.49,3319.3116483265294,0.0,0.0,7.0,0.0,0.0,0.4604316546762598,0.7166666666666667,0.0032997601918465284,-0.1689637900906372,0.6436110106920376,-6.852869915862466e-05,0.1938465993415817,0.6499988634599563,0.001873096735894206,0.008239755821409065,2,0.0,0.0,0.0,0.0,P01 rising | P02 streak 8 | P07 price percentile 0.96,Crude | Currency | Refined product,,"Pattern confidence is detection confidence, not validated predictive probability. | Internal and external evidence disagree; discretionary volume is penalised.",Operational minimum: objective improvement is below action threshold
2026-07-02,WIDGET_EXTERNAL,368321,Verde,1.408,3074.6476825233426,0.0,0.0,7.0,0.0,0.0,0.425061425061425,0.7000000000000001,0.0026778869778869775,-0.36118432648685744,0.48903695659043434,-0.0002177163336054297,0.1390987813637758,0.532829765168324,0.001624737404202842,0.002558179079313227,2,0.0,0.0,0.0,0.0,P01 rising | P02 streak 4 | P07 price percentile 1.00,Crude | Currency,,"Pattern confidence is detection confidence, not validated predictive probability. | Internal and external evidence disagree; discretionary volume is penalised.",Operational minimum: objective improvement is below action threshold
2026-07-02,WIDGET_EXTERNAL,368322,Diesel,1.49,4440.165779034606,0.0,0.0,7.0,0.0,0.0,0.4604316546762598,0.7166666666666667,0.0032997601918465284,-0.1689637900906372,0.6436110106920376,-6.852869915862466e-05,0.1938465993415817,0.6499988634599563,0.001873096735894206,0.008239755821409065,2,0.0,0.0,0.0,0.0,P01 rising | P02 streak 8 | P07 price percentile 0.96,Crude | Currency | Refined product,,"Pattern confidence is detection confidence, not validated predictive probability. | Internal and external evidence disagree; discretionary volume is penalised.",Operational minimum: objective improvement is below action threshold
2026-07-02,WIDGET_EXTERNAL,368322,Verde,1.408,3143.0248301776437,0.0,0.0,7.0,0.0,0.0,0.425061425061425,0.7000000000000001,0.0026778869778869775,-0.36118432648685744,0.48903695659043434,-0.0002177163336054297,0.1390987813637758,0.532829765168324,0.001624737404202842,0.002558179079313227,2,0.0,0.0,0.0,0.0,P01 rising | P02 streak 4 | P07 price percentile 1.00,Crude | Currency,,"Pattern confidence is detection confidence, not validated predictive probability. | Internal and external evidence disagree; discretionary volume is penalised.",Operational minimum: objective improvement is below action threshold
2026-07-03,WIDGET_EXTERNAL,368318,Diesel,1.498,12209.363758308433,0.0,0.0,6.0,0.0,0.0,0.43884892086330934,0.7166666666666667,0.003145083932853717,-0.3376268829810251,0.7479555903079127,-0.00042169783665489663,0.08120619113316228,0.6632213057090224,0.0015022335541514849,0.007797877487615728,2,0.0,0.0,0.0,0.0,P01 rising | P02 streak 9 | P07 price percentile 1.00,Crude | Currency | Refined product | Supply,GULF_SUPPLY_RECOVERY,"Pattern confidence is detection confidence, not validated predictive probability. | Internal and external evidence disagree; discretionary volume is penalised.",Operational minimum: objective improvement is below action threshold
2026-07-03,WIDGET_EXTERNAL,368318,Verde,1.41,7014.310937343345,0.0,0.0,6.0,0.0,0.0,0.43884892086330934,0.7166666666666667,0.002830575539568345,-0.41892317199464396,0.6386381664015145,-0.0003921479706516119,0.07715673540328309,0.5977692071484195,0.001471666897925358,0.0025892370825797554,2,5.786445236355607e-07,5.786445236355607e-07,0.0,1.8092478108836972e-08,P01 rising | P02 streak 5 | P07 price percentile 1.00,Crude | Currency | Supply,GULF_SUPPLY_RECOVERY,"Pattern confidence is detection confidence, not validated predictive probability. | Internal and external evidence disagree; discretionary volume is penalised.",Operational minimum: objective improvement is below action threshold
2026-07-03,WIDGET_EXTERNAL,368319,Diesel,1.498,2991.266443814553,0.0,0.0,6.0,0.0,0.0,0.43884892086330934,0.7166666666666667,0.003145083932853717,-0.3376268829810251,0.7479555903079127,-0.00042169783665489663,0.08120619113316228,0.6632213057090224,0.0015022335541514849,0.007797877487615728,2,0.0,0.0,0.0,0.0,P01 rising | P02 streak 9 | P07 price percentile 1.00,Crude | Currency | Refined product | Supply,GULF_SUPPLY_RECOVERY,"Pattern confidence is detection confidence, not validated predictive probability. | Internal and external evidence disagree; discretionary volume is penalised.",Operational minimum: objective improvement is below action threshold
2026-07-03,WIDGET_EXTERNAL,368319,Verde,1.41,2797.8822856390625,0.0,0.0,6.0,0.0,0.0,0.43884892086330934,0.7166666666666667,0.002830575539568345,-0.41892317199464396,0.6386381664015145,-0.0003921479706516119,0.07715673540328309,0.5977692071484195,0.001471666897925358,0.0025892370825797554,2,5.236076591806046e-07,5.236076591806046e-07,0.0,1.6371640487267032e-08,P01 rising | P02 streak 5 | P07 price percentile 1.00,Crude | Currency | Supply,GULF_SUPPLY_RECOVERY,"Pattern confidence is detection confidence, not validated predictive probability. | Internal and external evidence disagree; discretionary volume is penalised.",Operational minimum: objective improvement is below action threshold
2026-07-03,WIDGET_EXTERNAL,368320,Diesel,1.498,25755.941175621218,0.0,0.0,6.0,0.0,0.0,0.43884892086330934,0.7166666666666667,0.003145083932853717,-0.3376268829810251,0.7479555903079127,-0.00042169783665489663,0.08120619113316228,0.6632213057090224,0.0015022335541514849,0.007797877487615728,2,0.0,0.0,0.0,0.0,P01 rising | P02 streak 9 | P07 price percentile 1.00,Crude | Currency | Refined product | Supply,GULF_SUPPLY_RECOVERY,"Pattern confidence is detection confidence, not validated predictive probability. | Internal and external evidence disagree; discretionary volume is penalised.",Operational minimum: objective improvement is below action threshold
2026-07-03,WIDGET_EXTERNAL,368320,Verde,1.41,4638.39326338566,0.0,0.0,6.0,0.0,0.0,0.43884892086330934,0.7166666666666667,0.002830575539568345,-0.41892317199464396,0.6386381664015145,-0.0003921479706516119,0.07715673540328309,0.5977692071484195,0.001471666897925358,0.0025892370825797554,2,2.0537419890593202e-07,2.0537419890593202e-07,0.0,6.4214350021762044e-09,P01 rising | P02 streak 5 | P07 price percentile 1.00,Crude | Currency | Supply,GULF_SUPPLY_RECOVERY,"Pattern confidence is detection confidence, not validated predictive probability. | Internal and external evidence disagree; discretionary volume is penalised.",Operational minimum: objective improvement is below action threshold
2026-07-03,WIDGET_EXTERNAL,368321,Diesel,1.498,2779.263614296623,0.0,0.0,6.0,0.0,0.0,0.43884892086330934,0.7166666666666667,0.003145083932853717,-0.3376268829810251,0.7479555903079127,-0.00042169783665489663,0.08120619113316228,0.6632213057090224,0.0015022335541514849,0.007797877487615728,2,0.0,0.0,0.0,0.0,P01 rising | P02 streak 9 | P07 price percentile 1.00,Crude | Currency | Refined product | Supply,GULF_SUPPLY_RECOVERY,"Pattern confidence is detection confidence, not validated predictive probability. | Internal and external evidence disagree; discretionary volume is penalised.",Operational minimum: objective improvement is below action threshold
2026-07-03,WIDGET_EXTERNAL,368321,Verde,1.41,2689.163628829242,0.0,0.0,6.0,0.0,0.0,0.43884892086330934,0.7166666666666667,0.002830575539568345,-0.41892317199464396,0.6386381664015145,-0.0003921479706516119,0.07715673540328309,0.5977692071484195,0.001471666897925358,0.0025892370825797554,2,0.0,0.0,0.0,0.0,P01 rising | P02 streak 5 | P07 price percentile 1.00,Crude | Currency | Supply,GULF_SUPPLY_RECOVERY,"Pattern confidence is detection confidence, not validated predictive probability. | Internal and external evidence disagree; discretionary volume is penalised.",Operational minimum: objective improvement is below action threshold
2026-07-03,WIDGET_EXTERNAL,368322,Diesel,1.498,3812.3770194877725,0.0,0.0,6.0,0.0,0.0,0.43884892086330934,0.7166666666666667,0.003145083932853717,-0.3376268829810251,0.7479555903079127,-0.00042169783665489663,0.08120619113316228,0.6632213057090224,0.0015022335541514849,0.007797877487615728,2,0.0,0.0,0.0,0.0,P01 rising | P02 streak 9 | P07 price percentile 1.00,Crude | Currency | Refined product | Supply,GULF_SUPPLY_RECOVERY,"Pattern confidence is detection confidence, not validated predictive probability. | Internal and external evidence disagree; discretionary volume is penalised.",Operational minimum: objective improvement is below action threshold
2026-07-03,WIDGET_EXTERNAL,368322,Verde,1.41,2661.426283269485,0.0,0.0,6.0,0.0,0.0,0.43884892086330934,0.7166666666666667,0.002830575539568345,-0.41892317199464396,0.6386381664015145,-0.0003921479706516119,0.07715673540328309,0.5977692071484195,0.001471666897925358,0.0025892370825797554,2,0.0,0.0,0.0,0.0,P01 rising | P02 streak 5 | P07 price percentile 1.00,Crude | Currency | Supply,GULF_SUPPLY_RECOVERY,"Pattern confidence is detection confidence, not validated predictive probability. | Internal and external evidence disagree; discretionary volume is penalised.",Operational minimum: objective improvement is below action threshold
2026-07-04,WIDGET_EXTERNAL,368318,Diesel,1.5058099999999999,9961.253576803136,0.0,0.0,5.0,0.0,0.0,0.6372093023255813,0.775,0.004938372093023255,-0.23869951658734787,0.7980159364601698,-0.00015737854906589083,0.2366970897652964,0.7376172680896069,0.002608323210935797,0.007959884176208238,2,0.0,0.0,0.0,0.0,P01 rising | P02 streak 10 | P06 regulatory update | P07 price percentile 1.00,Crude | Currency | Refined product | Supply,GULF_SUPPLY_RECOVERY | OPEC_OUTPUT_INCREASE,"Pattern confidence is detection confidence, not validated predictive probability. | Internal and external evidence disagree; discretionary volume is penalised.",Operational minimum: objective improvement is below action threshold
2026-07-04,WIDGET_EXTERNAL,368318,Verde,1.4447,5689.101966914815,0.0,0.0,5.0,0.0,0.0,0.6372093023255813,0.775,0.004444534883720929,-0.4195229060848974,0.7104108293947314,-0.0005308387537665217,0.18432619656660565,0.6620302920106497,0.0023122419079574918,0.0022252573633121495,2,5.959148353874623e-07,5.959148353874623e-07,0.0,1.648907591863925e-08,P01 rising | P02 streak 6 | P06 regulatory update | P07 price percentile 1.00,Crude | Currency | Supply,GULF_SUPPLY_RECOVERY | OPEC_OUTPUT_INCREASE,"Pattern confidence is detection confidence, not validated predictive probability. | Internal and external evidence disagree; discretionary volume is penalised.",Operational minimum: objective improvement is below action threshold
2026-07-04,WIDGET_EXTERNAL,368319,Diesel,1.5058099999999999,2563.2056450167547,0.0,0.0,5.0,0.0,0.0,0.6372093023255813,0.775,0.004938372093023255,-0.23869951658734787,0.7980159364601698,-0.00015737854906589083,0.2366970897652964,0.7376172680896069,0.002608323210935797,0.007959884176208238,2,0.0,0.0,0.0,0.0,P01 rising | P02 streak 10 | P06 regulatory update | P07 price percentile 1.00,Crude | Currency | Refined product | Supply,GULF_SUPPLY_RECOVERY | OPEC_OUTPUT_INCREASE,"Pattern confidence is detection confidence, not validated predictive probability. | Internal and external evidence disagree; discretionary volume is penalised.",Operational minimum: objective improvement is below action threshold
2026-07-04,WIDGET_EXTERNAL,368319,Verde,1.4447,2159.475410707914,0.0,0.0,5.0,0.0,0.0,0.6372093023255813,0.775,0.004444534883720929,-0.4195229060848974,0.7104108293947314,-0.0005308387537665217,0.18432619656660565,0.6620302920106497,0.0023122419079574918,0.0022252573633121495,2,5.392353323724548e-07,5.392353323724548e-07,0.0,1.4920743376268896e-08,P01 rising | P02 streak 6 | P06 regulatory update | P07 price percentile 1.00,Crude | Currency | Supply,GULF_SUPPLY_RECOVERY | OPEC_OUTPUT_INCREASE,"Pattern confidence is detection confidence, not validated predictive probability. | Internal and external evidence disagree; discretionary volume is penalised.",Operational minimum: objective improvement is below action threshold
2026-07-04,WIDGET_EXTERNAL,368320,Diesel,1.5058099999999999,24201.731041994357,0.0,0.0,5.0,0.0,0.0,0.6372093023255813,0.775,0.004938372093023255,-0.23869951658734787,0.7980159364601698,-0.00015737854906589083,0.2366970897652964,0.7376172680896069,0.002608323210935797,0.007959884176208238,2,0.0,0.0,0.0,0.0,P01 rising | P02 streak 10 | P06 regulatory update | P07 price percentile 1.00,Crude | Currency | Refined product | Supply,GULF_SUPPLY_RECOVERY | OPEC_OUTPUT_INCREASE,"Pattern confidence is detection confidence, not validated predictive probability. | Internal and external evidence disagree; discretionary volume is penalised.",Operational minimum: objective improvement is below action threshold
2026-07-04,WIDGET_EXTERNAL,368320,Verde,1.4447,3681.360219732906,0.0,0.0,5.0,0.0,0.0,0.6372093023255813,0.775,0.004444534883720929,-0.4195229060848974,0.7104108293947314,-0.0005308387537665217,0.18432619656660565,0.6620302920106497,0.0023122419079574918,0.0022252573633121495,2,2.115044884543025e-07,2.115044884543025e-07,0.0,5.852369097443021e-09,P01 rising | P02 streak 6 | P06 regulatory update | P07 price percentile 1.00,Crude | Currency | Supply,GULF_SUPPLY_RECOVERY | OPEC_OUTPUT_INCREASE,"Pattern confidence is detection confidence, not validated predictive probability. | Internal and external evidence disagree; discretionary volume is penalised.",Operational minimum: objective improvement is below action threshold
2026-07-04,WIDGET_EXTERNAL,368321,Diesel,1.5058099999999999,2211.6103514517426,0.0,0.0,5.0,0.0,0.0,0.6372093023255813,0.775,0.004938372093023255,-0.23869951658734787,0.7980159364601698,-0.00015737854906589083,0.2366970897652964,0.7376172680896069,0.002608323210935797,0.007959884176208238,2,0.0,0.0,0.0,0.0,P01 rising | P02 streak 10 | P06 regulatory update | P07 price percentile 1.00,Crude | Currency | Refined product | Supply,GULF_SUPPLY_RECOVERY | OPEC_OUTPUT_INCREASE,"Pattern confidence is detection confidence, not validated predictive probability. | Internal and external evidence disagree; discretionary volume is penalised.",Operational minimum: objective improvement is below action threshold
2026-07-04,WIDGET_EXTERNAL,368321,Verde,1.4447,2281.6718975727317,0.0,0.0,5.0,0.0,0.0,0.6372093023255813,0.775,0.004444534883720929,-0.4195229060848974,0.7104108293947314,-0.0005308387537665217,0.18432619656660565,0.6620302920106497,0.0023122419079574918,0.0022252573633121495,2,0.0,0.0,0.0,0.0,P01 rising | P02 streak 6 | P06 regulatory update | P07 price percentile 1.00,Crude | Currency | Supply,GULF_SUPPLY_RECOVERY | OPEC_OUTPUT_INCREASE,"Pattern confidence is detection confidence, not validated predictive probability. | Internal and external evidence disagree; discretionary volume is penalised.",Operational minimum: objective improvement is below action threshold
2026-07-04,WIDGET_EXTERNAL,368322,Diesel,1.5058099999999999,3165.0900154204514,0.0,0.0,5.0,0.0,0.0,0.6372093023255813,0.775,0.004938372093023255,-0.23869951658734787,0.7980159364601698,-0.00015737854906589083,0.2366970897652964,0.7376172680896069,0.002608323210935797,0.007959884176208238,2,0.0,0.0,0.0,0.0,P01 rising | P02 streak 10 | P06 regulatory update | P07 price percentile 1.00,Crude | Currency | Refined product | Supply,GULF_SUPPLY_RECOVERY | OPEC_OUTPUT_INCREASE,"Pattern confidence is detection confidence, not validated predictive probability. | Internal and external evidence disagree; discretionary volume is penalised.",Operational minimum: objective improvement is below action threshold
2026-07-04,WIDGET_EXTERNAL,368322,Verde,1.4447,2183.874989949649,0.0,0.0,5.0,0.0,0.0,0.6372093023255813,0.775,0.004444534883720929,-0.4195229060848974,0.7104108293947314,-0.0005308387537665217,0.18432619656660565,0.6620302920106497,0.0023122419079574918,0.0022252573633121495,2,0.0,0.0,0.0,0.0,P01 rising | P02 streak 6 | P06 regulatory update | P07 price percentile 1.00,Crude | Currency | Supply,GULF_SUPPLY_RECOVERY | OPEC_OUTPUT_INCREASE,"Pattern confidence is detection confidence, not validated predictive probability. | Internal and external evidence disagree; discretionary volume is penalised.",Operational minimum: objective improvement is below action threshold
2026-07-07,WIDGET_EXTERNAL,368318,Diesel,1.547,3989.762608065391,0.0,0.0,2.0,0.0,0.0,0.43884892086330934,0.7166666666666667,0.003145083932853717,-0.10408343500256326,0.7487519284355695,0.0004598869473800094,0.18863214873625678,0.7102883474621604,0.001907579269572042,0.006133006438206576,2,0.0,0.0,0.0,0.0,P01 rising | P02 streak 11 | P07 price percentile 1.00,Crude | Currency | Refined product | Supply,OPEC_OUTPUT_INCREASE,"Pattern confidence is detection confidence, not validated predictive probability. | Internal and external evidence disagree; discretionary volume is penalised.",Operational minimum: objective improvement is below action threshold
2026-07-07,WIDGET_EXTERNAL,368318,Verde,1.443,2218.715000906008,0.0,0.0,2.0,0.0,0.0,-0.295855738075858,0.6,-0.0015976209856096333,-0.6449829411624082,0.6203821618905432,-0.0006418262196974083,-0.4558541201508248,0.6387575466583303,-0.001159598354346017,0.0007673014628086876,2,5.899649831030447e-07,5.899649831030447e-07,0.0,5.742349903152157e-09,P01 rising | P02 streak 1 | P07 price percentile 0.98,Crude | Currency | Supply,OPEC_OUTPUT_INCREASE,"Pattern confidence is detection confidence, not validated predictive probability.",Operational minimum: objective improvement is below action threshold
2026-07-07,WIDGET_EXTERNAL,368319,Diesel,1.547,1511.8096699783905,0.0,0.0,2.0,0.0,0.0,0.43884892086330934,0.7166666666666667,0.003145083932853717,-0.10408343500256326,0.7487519284355695,0.0004598869473800094,0.18863214873625678,0.7102883474621604,0.001907579269572042,0.006133006438206576,2,0.0,0.0,0.0,0.0,P01 rising | P02 streak 11 | P07 price percentile 1.00,Crude | Currency | Refined product | Supply,OPEC_OUTPUT_INCREASE,"Pattern confidence is detection confidence, not validated predictive probability. | Internal and external evidence disagree; discretionary volume is penalised.",Operational minimum: objective improvement is below action threshold
2026-07-07,WIDGET_EXTERNAL,368319,Verde,1.443,821.3194111725279,0.0,0.0,2.0,0.0,0.0,-0.295855738075858,0.6,-0.0015976209856096333,-0.6449829411624082,0.6203821618905432,-0.0006418262196974083,-0.4558541201508248,0.6387575466583303,-0.001159598354346017,0.0007673014628086876,2,5.338511262914491e-07,5.338511262914491e-07,0.0,5.196172740115635e-09,P01 rising | P02 streak 1 | P07 price percentile 0.98,Crude | Currency | Supply,OPEC_OUTPUT_INCREASE,"Pattern confidence is detection confidence, not validated predictive probability.",Operational minimum: objective improvement is below action threshold
2026-07-07,WIDGET_EXTERNAL,368320,Diesel,1.547,20381.454306918495,0.0,0.0,2.0,0.0,0.0,0.43884892086330934,0.7166666666666667,0.003145083932853717,-0.10408343500256326,0.7487519284355695,0.0004598869473800094,0.18863214873625678,0.7102883474621604,0.001907579269572042,0.006133006438206576,2,0.0,0.0,0.0,0.0,P01 rising | P02 streak 11 | P07 price percentile 1.00,Crude | Currency | Refined product | Supply,OPEC_OUTPUT_INCREASE,"Pattern confidence is detection confidence, not validated predictive probability. | Internal and external evidence disagree; discretionary volume is penalised.",Operational minimum: objective improvement is below action threshold
2026-07-07,WIDGET_EXTERNAL,368320,Verde,1.443,1516.5959057288624,0.0,0.0,2.0,0.0,0.0,-0.295855738075858,0.6,-0.0015976209856096333,-0.6449829411624082,0.6203821618905432,-0.0006418262196974083,-0.4558541201508248,0.6387575466583303,-0.001159598354346017,0.0007673014628086876,2,2.0939153053299767e-07,2.0939153053299767e-07,0.0,2.038086106098264e-09,P01 rising | P02 streak 1 | P07 price percentile 0.98,Crude | Currency | Supply,OPEC_OUTPUT_INCREASE,"Pattern confidence is detection confidence, not validated predictive probability.",Operational minimum: objective improvement is below action threshold
2026-07-07,WIDGET_EXTERNAL,368321,Diesel,1.547,955.5390068690941,0.0,0.0,2.0,0.0,0.0,0.43884892086330934,0.7166666666666667,0.003145083932853717,-0.10408343500256326,0.7487519284355695,0.0004598869473800094,0.18863214873625678,0.7102883474621604,0.001907579269572042,0.006133006438206576,2,0.0,0.0,0.0,0.0,P01 rising | P02 streak 11 | P07 price percentile 1.00,Crude | Currency | Refined product | Supply,OPEC_OUTPUT_INCREASE,"Pattern confidence is detection confidence, not validated predictive probability. | Internal and external evidence disagree; discretionary volume is penalised.",Operational minimum: objective improvement is below action threshold
2026-07-07,WIDGET_EXTERNAL,368321,Verde,1.443,1275.0915809344774,0.0,0.0,2.0,0.0,0.0,-0.295855738075858,0.6,-0.0015976209856096333,-0.6449829411624082,0.6203821618905432,-0.0006418262196974083,-0.4558541201508248,0.6387575466583303,-0.001159598354346017,0.0007673014628086876,2,0.0,0.0,0.0,0.0,P01 rising | P02 streak 1 | P07 price percentile 0.98,Crude | Currency | Supply,OPEC_OUTPUT_INCREASE,"Pattern confidence is detection confidence, not validated predictive probability.",Operational minimum: objective improvement is below action threshold
2026-07-07,WIDGET_EXTERNAL,368322,Diesel,1.547,1535.0276251839978,0.0,0.0,2.0,0.0,0.0,0.43884892086330934,0.7166666666666667,0.003145083932853717,-0.10408343500256326,0.7487519284355695,0.0004598869473800094,0.18863214873625678,0.7102883474621604,0.001907579269572042,0.006133006438206576,2,0.0,0.0,0.0,0.0,P01 rising | P02 streak 11 | P07 price percentile 1.00,Crude | Currency | Refined product | Supply,OPEC_OUTPUT_INCREASE,"Pattern confidence is detection confidence, not validated predictive probability. | Internal and external evidence disagree; discretionary volume is penalised.",Operational minimum: objective improvement is below action threshold
2026-07-07,WIDGET_EXTERNAL,368322,Verde,1.443,921.4942847546797,0.0,0.0,2.0,0.0,0.0,-0.295855738075858,0.6,-0.0015976209856096333,-0.6449829411624082,0.6203821618905432,-0.0006418262196974083,-0.4558541201508248,0.6387575466583303,-0.001159598354346017,0.0007673014628086876,2,0.0,0.0,0.0,0.0,P01 rising | P02 streak 1 | P07 price percentile 0.98,Crude | Currency | Supply,OPEC_OUTPUT_INCREASE,"Pattern confidence is detection confidence, not validated predictive probability.",Operational minimum: objective improvement is below action threshold
2026-07-08,WIDGET_EXTERNAL,368318,Diesel,1.5518599999999998,2057.0763241407694,20299.99999955033,31502.75799930217,0.0,0.0,20299.99999955033,0.43884892086330934,0.7166666666666667,0.003145083932853717,0.5431578350986409,0.9293662694013882,0.001492109850345297,0.4925472566446941,0.8562663799836224,0.002294131183789456,0.00598870859924543,0,31502.75799930217,31502.75799930217,0.0,0.0,P01 rising | P02 streak 12 | P07 price percentile 1.00,Crude | Currency | Geopolitics | Refined product | Refining and supply | Supply,HORMUZ_ESCALATION | OPEC_OUTPUT_INCREASE | RUSSIA_DIESEL_EXPORT_BAN,"Pattern confidence is detection confidence, not validated predictive probability.",Final quotation-date stock equalisation
2026-07-08,WIDGET_EXTERNAL,368318,Verde,1.44554,1144.4165854048983,10000.000000410453,14455.400000593327,0.0,4.1045359466806985e-07,10000.0,-0.2491467576791809,0.5833333333333334,-0.0013080204778156998,0.5372303215414805,0.8987308052807127,0.00040613551204170517,0.1893616733811705,0.6754328441738179,-0.00035215353615710224,0.0014051223516632742,0,14455.400000593327,14455.400000593327,0.0,0.0,P02 streak 1 | P03 stable premium | P07 price percentile 1.00,Crude | Currency | Geopolitics | Refining and supply | Supply,HORMUZ_ESCALATION | OPEC_OUTPUT_INCREASE | RUSSIA_DIESEL_EXPORT_BAN,"Pattern confidence is detection confidence, not validated predictive probability. | Internal and external evidence disagree; discretionary volume is penalised.",Final quotation-date stock equalisation
2026-07-08,WIDGET_EXTERNAL,368319,Diesel,1.5518599999999998,1086.6744885398116,8910.810406704311,13828.33023774815,0.0,0.0,8910.810406704311,0.43884892086330934,0.7166666666666667,0.003145083932853717,0.5431578350986409,0.9293662694013882,0.001492109850345297,0.4925472566446941,0.8562663799836224,0.002294131183789456,0.00598870859924543,0,13828.33023774815,13828.33023774815,0.0,0.0,P01 rising | P02 streak 12 | P07 price percentile 1.00,Crude | Currency | Geopolitics | Refined product | Refining and supply | Supply,HORMUZ_ESCALATION | OPEC_OUTPUT_INCREASE | RUSSIA_DIESEL_EXPORT_BAN,"Pattern confidence is detection confidence, not validated predictive probability.",Final quotation-date stock equalisation
2026-07-08,WIDGET_EXTERNAL,368319,Verde,1.44554,440.13642012165514,8000.000000371414,11564.320000536894,0.0,3.7141376196814235e-07,8000.0,-0.2491467576791809,0.5833333333333334,-0.0013080204778156998,0.5372303215414805,0.8987308052807127,0.00040613551204170517,0.1893616733811705,0.6754328441738179,-0.00035215353615710224,0.0014051223516632742,0,11564.320000536894,11564.320000536894,0.0,0.0,P02 streak 1 | P03 stable premium | P07 price percentile 1.00,Crude | Currency | Geopolitics | Refining and supply | Supply,HORMUZ_ESCALATION | OPEC_OUTPUT_INCREASE | RUSSIA_DIESEL_EXPORT_BAN,"Pattern confidence is detection confidence, not validated predictive probability. | Internal and external evidence disagree; discretionary volume is penalised.",Final quotation-date stock equalisation
2026-07-08,WIDGET_EXTERNAL,368320,Diesel,1.5518599999999998,19181.822039832343,29844.821066614135,46314.984020435804,0.0,0.0,29844.821066614135,0.43884892086330934,0.7166666666666667,0.003145083932853717,0.5431578350986409,0.9293662694013882,0.001492109850345297,0.4925472566446941,0.8562663799836224,0.002294131183789456,0.00598870859924543,0,46314.984020435804,46314.984020435804,0.0,0.0,P01 rising | P02 streak 12 | P07 price percentile 1.00,Crude | Currency | Geopolitics | Refined product | Refining and supply | Supply,HORMUZ_ESCALATION | OPEC_OUTPUT_INCREASE | RUSSIA_DIESEL_EXPORT_BAN,"Pattern confidence is detection confidence, not validated predictive probability.",Final quotation-date stock equalisation
2026-07-08,WIDGET_EXTERNAL,368320,Verde,1.44554,819.9484214653332,14000.00000014568,20237.560000210586,0.0,1.456789959775051e-07,14000.0,-0.2491467576791809,0.5833333333333334,-0.0013080204778156998,0.5372303215414805,0.8987308052807127,0.00040613551204170517,0.1893616733811705,0.6754328441738179,-0.00035215353615710224,0.0014051223516632742,0,20237.560000210586,20237.560000210586,0.0,0.0,P02 streak 1 | P03 stable premium | P07 price percentile 1.00,Crude | Currency | Geopolitics | Refining and supply | Supply,HORMUZ_ESCALATION | OPEC_OUTPUT_INCREASE | RUSSIA_DIESEL_EXPORT_BAN,"Pattern confidence is detection confidence, not validated predictive probability. | Internal and external evidence disagree; discretionary volume is penalised.",Final quotation-date stock equalisation
2026-07-08,WIDGET_EXTERNAL,368321,Diesel,1.5518599999999998,477.9424441347639,9522.057555865236,14776.900238645023,0.0,0.0,9522.057555865236,0.43884892086330934,0.7166666666666667,0.003145083932853717,0.5431578350986409,0.9293662694013882,0.001492109850345297,0.4925472566446941,0.8562663799836224,0.002294131183789456,0.00598870859924543,0,14776.900238645023,14776.900238645023,0.0,0.0,P01 rising | P02 streak 12 | P07 price percentile 1.00,Crude | Currency | Geopolitics | Refined product | Refining and supply | Supply,HORMUZ_ESCALATION | OPEC_OUTPUT_INCREASE | RUSSIA_DIESEL_EXPORT_BAN,"Pattern confidence is detection confidence, not validated predictive probability.",Final quotation-date stock equalisation
2026-07-08,WIDGET_EXTERNAL,368321,Verde,1.44554,924.1038223667894,8233.655123831832,11902.077827703866,0.0,0.0,8233.655123831832,-0.2491467576791809,0.5833333333333334,-0.0013080204778156998,0.5372303215414805,0.8987308052807127,0.00040613551204170517,0.1893616733811705,0.6754328441738179,-0.00035215353615710224,0.0014051223516632742,0,11902.077827703866,11902.077827703866,0.0,0.0,P02 streak 1 | P03 stable premium | P07 price percentile 1.00,Crude | Currency | Geopolitics | Refining and supply | Supply,HORMUZ_ESCALATION | OPEC_OUTPUT_INCREASE | RUSSIA_DIESEL_EXPORT_BAN,"Pattern confidence is detection confidence, not validated predictive probability. | Internal and external evidence disagree; discretionary volume is penalised.",Final quotation-date stock equalisation
2026-07-08,WIDGET_EXTERNAL,368322,Diesel,1.5518599999999998,974.1247231781374,13025.875276821862,20214.334807088773,0.0,0.0,13025.875276821862,0.43884892086330934,0.7166666666666667,0.003145083932853717,0.5431578350986409,0.9293662694013882,0.001492109850345297,0.4925472566446941,0.8562663799836224,0.002294131183789456,0.00598870859924543,0,20214.334807088773,20214.334807088773,0.0,0.0,P01 rising | P02 streak 12 | P07 price percentile 1.00,Crude | Currency | Geopolitics | Refined product | Refining and supply | Supply,HORMUZ_ESCALATION | OPEC_OUTPUT_INCREASE | RUSSIA_DIESEL_EXPORT_BAN,"Pattern confidence is detection confidence, not validated predictive probability.",Final quotation-date stock equalisation
2026-07-08,WIDGET_EXTERNAL,368322,Verde,1.44554,503.39530818610166,9599.999999570797,13877.18399937957,0.0,0.0,9599.999999570797,-0.2491467576791809,0.5833333333333334,-0.0013080204778156998,0.5372303215414805,0.8987308052807127,0.00040613551204170517,0.1893616733811705,0.6754328441738179,-0.00035215353615710224,0.0014051223516632742,0,13877.18399937957,13877.18399937957,0.0,0.0,P02 streak 1 | P03 stable premium | P07 price percentile 1.00,Crude | Currency | Geopolitics | Refining and supply | Supply,HORMUZ_ESCALATION | OPEC_OUTPUT_INCREASE | RUSSIA_DIESEL_EXPORT_BAN,"Pattern confidence is detection confidence, not validated predictive probability. | Internal and external evidence disagree; discretionary volume is penalised.",Final quotation-date stock equalisation
